reading_id,location_id,sample_datetime,shift,operator_id,particle_size_bin,raw_count,unit,alert_limit,action_limit,is_alert_breach,is_action_breach,mechanism_label
1,1,2026-01-01 00:00:00,Day,4,0.5um,2.0,counts/m3,15,20,0,0,none
2,1,2026-01-01 06:00:00,Evening,1,0.5um,1.0,counts/m3,15,20,0,0,none
3,1,2026-01-01 12:00:00,Night,2,0.5um,3.0,counts/m3,15,20,0,0,none
4,1,2026-01-01 18:00:00,Night,8,0.5um,1.0,counts/m3,15,20,0,0,none
5,1,2026-01-02 00:00:00,Day,7,0.5um,3.0,counts/m3,15,20,0,0,none
6,1,2026-01-02 06:00:00,Evening,3,0.5um,0.0,counts/m3,15,20,0,0,none
7,1,2026-01-02 12:00:00,Night,7,0.5um,1.03,counts/m3,15,20,0,0,none
8,1,2026-01-02 18:00:00,Night,1,0.5um,3.07,counts/m3,15,20,0,0,none
9,1,2026-01-03 00:00:00,Day,1,0.5um,3.1,counts/m3,15,20,0,0,none
10,1,2026-01-03 06:00:00,Evening,8,0.5um,1.13,counts/m3,15,20,0,0,none
11,1,2026-01-03 12:00:00,Night,6,0.5um,0.16,counts/m3,15,20,0,0,none
12,1,2026-01-03 18:00:00,Night,5,0.5um,3.2,counts/m3,15,20,0,0,none
13,1,2026-01-04 00:00:00,Day,3,0.5um,1.23,counts/m3,15,20,0,0,none
14,1,2026-01-04 06:00:00,Evening,7,0.5um,0.26,counts/m3,15,20,0,0,none
15,1,2026-01-04 12:00:00,Night,5,0.5um,0.29,counts/m3,15,20,0,0,none
16,1,2026-01-04 18:00:00,Night,4,0.5um,1.33,counts/m3,15,20,0,0,none
17,1,2026-01-05 00:00:00,Day,4,0.5um,1.36,counts/m3,15,20,0,0,none
18,1,2026-01-05 06:00:00,Evening,3,0.5um,2.39,counts/m3,15,20,0,0,none
19,1,2026-01-05 12:00:00,Night,5,0.5um,2.43,counts/m3,15,20,0,0,none
20,1,2026-01-05 18:00:00,Night,6,0.5um,0.46,counts/m3,15,20,0,0,none
21,1,2026-01-06 00:00:00,Day,7,0.5um,1.49,counts/m3,15,20,0,0,none
22,1,2026-01-06 06:00:00,Evening,4,0.5um,0.52,counts/m3,15,20,0,0,none
23,1,2026-01-06 12:00:00,Night,3,0.5um,0.56,counts/m3,15,20,0,0,none
24,1,2026-01-06 18:00:00,Night,5,0.5um,3.59,counts/m3,15,20,0,0,none
25,1,2026-01-07 00:00:00,Day,5,0.5um,1.62,counts/m3,15,20,0,0,none
26,1,2026-01-07 06:00:00,Evening,3,0.5um,0.65,counts/m3,15,20,0,0,none
27,1,2026-01-07 12:00:00,Night,1,0.5um,0.69,counts/m3,15,20,0,0,none
28,1,2026-01-07 18:00:00,Night,3,0.5um,2.72,counts/m3,15,20,0,0,none
29,1,2026-01-08 00:00:00,Day,1,0.5um,2.75,counts/m3,15,20,0,0,none
30,1,2026-01-08 06:00:00,Evening,1,0.5um,1.8,counts/m3,15,20,0,0,none
31,1,2026-01-08 12:00:00,Night,8,0.5um,0.83,counts/m3,15,20,0,0,none
32,1,2026-01-08 18:00:00,Night,7,0.5um,1.86,counts/m3,15,20,0,0,none
33,1,2026-01-09 00:00:00,Day,1,0.5um,2.9,counts/m3,15,20,0,0,none
34,1,2026-01-09 06:00:00,Evening,3,0.5um,0.93,counts/m3,15,20,0,0,none
35,1,2026-01-09 12:00:00,Night,3,0.5um,2.05,counts/m3,15,20,0,0,none
36,1,2026-01-09 18:00:00,Night,8,0.5um,2.0,counts/m3,15,20,0,0,none
37,1,2026-01-10 00:00:00,Day,4,0.5um,3.96,counts/m3,15,20,0,0,none
38,1,2026-01-10 06:00:00,Evening,3,0.5um,2.93,counts/m3,15,20,0,0,none
39,1,2026-01-10 12:00:00,Night,6,0.5um,2.91,counts/m3,15,20,0,0,none
40,1,2026-01-10 18:00:00,Night,4,0.5um,1.89,counts/m3,15,20,0,0,none
41,1,2026-01-11 00:00:00,Day,2,0.5um,1.97,counts/m3,15,20,0,0,none
42,1,2026-01-11 06:00:00,Evening,3,0.5um,4.04,counts/m3,15,20,0,0,none
43,1,2026-01-11 12:00:00,Night,2,0.5um,3.03,counts/m3,15,20,0,0,none
44,1,2026-01-11 18:00:00,Night,6,0.5um,3.99,counts/m3,15,20,0,0,none
45,1,2026-01-12 00:00:00,Day,8,0.5um,2.99,counts/m3,15,20,0,0,none
46,1,2026-01-12 06:00:00,Evening,7,0.5um,3.0,counts/m3,15,20,0,0,none
47,1,2026-01-12 12:00:00,Night,4,0.5um,1.97,counts/m3,15,20,0,0,none
48,1,2026-01-12 18:00:00,Night,4,0.5um,4.99,counts/m3,15,20,0,0,none
49,1,2026-01-13 00:00:00,Day,1,0.5um,5.08,counts/m3,15,20,0,0,none
50,1,2026-01-13 06:00:00,Evening,3,0.5um,2.18,counts/m3,15,20,0,0,none
51,1,2026-01-13 12:00:00,Night,1,0.5um,2.27,counts/m3,15,20,0,0,none
52,1,2026-01-13 18:00:00,Night,6,0.5um,4.32,counts/m3,15,20,0,0,none
53,1,2026-01-14 00:00:00,Day,8,0.5um,3.41,counts/m3,15,20,0,0,none
54,1,2026-01-14 06:00:00,Evening,2,0.5um,2.5,counts/m3,15,20,0,0,none
55,1,2026-01-14 12:00:00,Night,6,0.5um,5.55,counts/m3,15,20,0,0,none
56,1,2026-01-14 18:00:00,Night,5,0.5um,4.65,counts/m3,15,20,0,0,none
57,1,2026-01-15 00:00:00,Day,4,0.5um,2.82,counts/m3,15,20,0,0,none
58,1,2026-01-15 06:00:00,Evening,6,0.5um,4.0,counts/m3,15,20,0,0,none
59,1,2026-01-15 12:00:00,Night,6,0.5um,4.1,counts/m3,15,20,0,0,none
60,1,2026-01-15 18:00:00,Night,3,0.5um,3.16,counts/m3,15,20,0,0,none
61,1,2026-01-16 00:00:00,Day,7,0.5um,3.26,counts/m3,15,20,0,0,none
62,1,2026-01-16 06:00:00,Evening,6,0.5um,4.36,counts/m3,15,20,0,0,none
63,1,2026-01-16 12:00:00,Night,3,0.5um,5.46,counts/m3,15,20,0,0,none
64,1,2026-01-16 18:00:00,Night,6,0.5um,4.6,counts/m3,15,20,0,0,none
65,1,2026-01-17 00:00:00,Day,6,0.5um,6.71,counts/m3,15,20,0,0,none
66,1,2026-01-17 06:00:00,Evening,1,0.5um,2.98,counts/m3,15,20,0,0,none
67,1,2026-01-17 12:00:00,Night,2,0.5um,4.04,counts/m3,15,20,0,0,none
68,1,2026-01-17 18:00:00,Night,3,0.5um,2.07,counts/m3,15,20,0,0,none
69,1,2026-01-18 00:00:00,Day,1,0.5um,3.13,counts/m3,15,20,0,0,none
70,1,2026-01-18 06:00:00,Evening,4,0.5um,3.2,counts/m3,15,20,0,0,none
71,1,2026-01-18 12:00:00,Night,4,0.5um,4.27,counts/m3,15,20,0,0,none
72,1,2026-01-18 18:00:00,Night,7,0.5um,3.37,counts/m3,15,20,0,0,none
73,1,2026-01-19 00:00:00,Day,2,0.5um,3.53,counts/m3,15,20,0,0,none
74,1,2026-01-19 06:00:00,Evening,5,0.5um,5.66,counts/m3,15,20,0,0,none
75,1,2026-01-19 12:00:00,Night,6,0.5um,3.73,counts/m3,15,20,0,0,none
76,1,2026-01-19 18:00:00,Night,4,0.5um,2.77,counts/m3,15,20,0,0,none
77,1,2026-01-20 00:00:00,Day,8,0.5um,3.82,counts/m3,15,20,0,0,none
78,1,2026-01-20 06:00:00,Evening,3,0.5um,4.9,counts/m3,15,20,0,0,none
79,1,2026-01-20 12:00:00,Night,4,0.5um,5.38,counts/m3,15,20,0,0,none
80,1,2026-01-20 18:00:00,Night,1,0.5um,5.36,counts/m3,15,20,0,0,none
81,1,2026-01-21 00:00:00,Day,4,0.5um,5.39,counts/m3,15,20,0,0,none
82,1,2026-01-21 06:00:00,Evening,1,0.5um,4.42,counts/m3,15,20,0,0,none
83,1,2026-01-21 12:00:00,Night,8,0.5um,7.39,counts/m3,15,20,0,0,none
84,1,2026-01-21 18:00:00,Night,2,0.5um,7.33,counts/m3,15,20,0,0,none
85,1,2026-01-22 00:00:00,Day,7,0.5um,6.31,counts/m3,15,20,0,0,none
86,1,2026-01-22 06:00:00,Evening,1,0.5um,4.55,counts/m3,15,20,0,0,none
87,1,2026-01-22 12:00:00,Night,3,0.5um,5.54,counts/m3,15,20,0,0,none
88,1,2026-01-22 18:00:00,Night,1,0.5um,5.56,counts/m3,15,20,0,0,none
89,1,2026-01-23 00:00:00,Day,3,0.5um,4.64,counts/m3,15,20,0,0,none
90,1,2026-01-23 06:00:00,Evening,5,0.5um,5.71,counts/m3,15,20,0,0,none
91,1,2026-01-23 12:00:00,Night,4,0.5um,24.72,counts/m3,15,20,1,1,glove_breach
92,1,2026-01-23 18:00:00,Night,5,0.5um,24.8,counts/m3,15,20,1,1,glove_breach
93,1,2026-01-24 00:00:00,Day,7,0.5um,22.09,counts/m3,15,20,1,1,glove_breach
94,1,2026-01-24 06:00:00,Evening,1,0.5um,21.8,counts/m3,15,20,1,1,glove_breach
95,1,2026-01-24 12:00:00,Night,4,0.5um,17.02,counts/m3,15,20,1,0,glove_breach
96,1,2026-01-24 18:00:00,Night,5,0.5um,15.77,counts/m3,15,20,1,0,glove_breach
97,1,2026-01-25 00:00:00,Day,5,0.5um,14.7,counts/m3,15,20,0,0,glove_breach
98,1,2026-01-25 06:00:00,Evening,2,0.5um,14.72,counts/m3,15,20,0,0,glove_breach
99,1,2026-01-25 12:00:00,Night,2,0.5um,14.78,counts/m3,15,20,0,0,glove_breach
100,1,2026-01-25 18:00:00,Night,4,0.5um,11.91,counts/m3,15,20,0,0,glove_breach
101,1,2026-01-26 00:00:00,Day,6,0.5um,14.04,counts/m3,15,20,0,0,glove_breach
102,1,2026-01-26 06:00:00,Evening,8,0.5um,10.37,counts/m3,15,20,0,0,glove_breach
103,1,2026-01-26 12:00:00,Night,3,0.5um,11.81,counts/m3,15,20,0,0,glove_breach
104,1,2026-01-26 18:00:00,Night,5,0.5um,12.31,counts/m3,15,20,0,0,glove_breach
105,1,2026-01-27 00:00:00,Day,3,0.5um,9.83,counts/m3,15,20,0,0,glove_breach
106,1,2026-01-27 06:00:00,Evening,1,0.5um,10.39,counts/m3,15,20,0,0,glove_breach
107,1,2026-01-27 12:00:00,Night,4,0.5um,8.0,counts/m3,15,20,0,0,glove_breach
108,1,2026-01-27 18:00:00,Night,3,0.5um,9.66,counts/m3,15,20,0,0,glove_breach
109,1,2026-01-28 00:00:00,Day,2,0.5um,10.35,counts/m3,15,20,0,0,glove_breach
110,1,2026-01-28 06:00:00,Evening,6,0.5um,3.27,counts/m3,15,20,0,0,glove_breach
111,1,2026-01-28 12:00:00,Night,3,0.5um,3.01,counts/m3,15,20,0,0,glove_breach
112,1,2026-01-28 18:00:00,Night,2,0.5um,4.77,counts/m3,15,20,0,0,glove_breach
113,1,2026-01-29 00:00:00,Day,4,0.5um,4.53,counts/m3,15,20,0,0,glove_breach
114,1,2026-01-29 06:00:00,Evening,8,0.5um,3.29,counts/m3,15,20,0,0,glove_breach
115,1,2026-01-29 12:00:00,Night,6,0.5um,3.09,counts/m3,15,20,0,0,glove_breach
116,1,2026-01-29 18:00:00,Night,4,0.5um,3.91,counts/m3,15,20,0,0,glove_breach
117,1,2026-01-30 00:00:00,Day,7,0.5um,1.76,counts/m3,15,20,0,0,glove_breach
118,1,2026-01-30 06:00:00,Evening,1,0.5um,1.61,counts/m3,15,20,0,0,glove_breach
119,1,2026-01-30 12:00:00,Night,3,0.5um,3.5,counts/m3,15,20,0,0,glove_breach
120,1,2026-01-30 18:00:00,Night,5,0.5um,1.42,counts/m3,15,20,0,0,glove_breach
121,1,2026-01-31 00:00:00,Day,4,0.5um,2.3,counts/m3,15,20,0,0,glove_breach
122,1,2026-01-31 06:00:00,Evening,6,0.5um,2.18,counts/m3,15,20,0,0,glove_breach
123,1,2026-01-31 12:00:00,Night,6,0.5um,1.05,counts/m3,15,20,0,0,glove_breach
124,1,2026-01-31 18:00:00,Night,4,0.5um,1.98,counts/m3,15,20,0,0,glove_breach
125,1,2026-02-01 00:00:00,Day,8,0.5um,0.91,counts/m3,15,20,0,0,glove_breach
126,1,2026-02-01 06:00:00,Evening,8,0.5um,1.04,counts/m3,15,20,0,0,glove_breach
127,1,2026-02-01 12:00:00,Night,4,0.5um,0.97,counts/m3,15,20,0,0,glove_breach
128,1,2026-02-01 18:00:00,Night,8,0.5um,0.71,counts/m3,15,20,0,0,glove_breach
129,1,2026-02-02 00:00:00,Day,6,0.5um,0.65,counts/m3,15,20,0,0,glove_breach
130,1,2026-02-02 06:00:00,Evening,2,0.5um,17.49,counts/m3,15,20,1,0,glove_breach
131,1,2026-02-02 12:00:00,Night,1,0.5um,15.83,counts/m3,15,20,1,0,glove_breach
132,1,2026-02-02 18:00:00,Night,1,0.5um,16.33,counts/m3,15,20,1,0,glove_breach
133,1,2026-02-03 00:00:00,Day,2,0.5um,13.98,counts/m3,15,20,0,0,glove_breach
134,1,2026-02-03 06:00:00,Evening,3,0.5um,13.75,counts/m3,15,20,0,0,glove_breach
135,1,2026-02-03 12:00:00,Night,1,0.5um,10.64,counts/m3,15,20,0,0,glove_breach
136,1,2026-02-03 18:00:00,Night,5,0.5um,9.64,counts/m3,15,20,0,0,glove_breach
137,1,2026-02-04 00:00:00,Day,4,0.5um,8.73,counts/m3,15,20,0,0,glove_breach
138,1,2026-02-04 06:00:00,Evening,5,0.5um,28.85,counts/m3,15,20,1,1,glove_breach
139,1,2026-02-04 12:00:00,Night,5,0.5um,25.2,counts/m3,15,20,1,1,glove_breach
140,1,2026-02-04 18:00:00,Night,3,0.5um,23.82,counts/m3,15,20,1,1,glove_breach
141,1,2026-02-05 00:00:00,Day,5,0.5um,20.66,counts/m3,15,20,1,1,glove_breach
142,1,2026-02-05 06:00:00,Evening,8,0.5um,19.7,counts/m3,15,20,1,0,glove_breach
143,1,2026-02-05 12:00:00,Night,3,0.5um,17.93,counts/m3,15,20,1,0,glove_breach
144,1,2026-02-05 18:00:00,Night,3,0.5um,20.33,counts/m3,15,20,1,1,glove_breach
145,1,2026-02-06 00:00:00,Day,5,0.5um,14.89,counts/m3,15,20,0,0,glove_breach
146,1,2026-02-06 06:00:00,Evening,7,0.5um,13.58,counts/m3,15,20,0,0,glove_breach
147,1,2026-02-06 12:00:00,Night,5,0.5um,13.39,counts/m3,15,20,0,0,glove_breach
148,1,2026-02-06 18:00:00,Night,7,0.5um,11.32,counts/m3,15,20,0,0,glove_breach
149,1,2026-02-07 00:00:00,Day,1,0.5um,9.36,counts/m3,15,20,0,0,glove_breach
150,1,2026-02-07 06:00:00,Evening,1,0.5um,9.48,counts/m3,15,20,0,0,glove_breach
151,1,2026-02-07 12:00:00,Night,4,0.5um,7.64,counts/m3,15,20,0,0,glove_breach
152,1,2026-02-07 18:00:00,Night,2,0.5um,7.96,counts/m3,15,20,0,0,glove_breach
153,1,2026-02-08 00:00:00,Day,1,0.5um,7.35,counts/m3,15,20,0,0,glove_breach
154,1,2026-02-08 06:00:00,Evening,2,0.5um,6.76,counts/m3,15,20,0,0,glove_breach
155,1,2026-02-08 12:00:00,Night,3,0.5um,8.21,counts/m3,15,20,0,0,glove_breach
156,1,2026-02-08 18:00:00,Night,8,0.5um,6.73,counts/m3,15,20,0,0,glove_breach
157,1,2026-02-09 00:00:00,Day,7,0.5um,6.3,counts/m3,15,20,0,0,glove_breach
158,1,2026-02-09 06:00:00,Evening,3,0.5um,3.89,counts/m3,15,20,0,0,glove_breach
159,1,2026-02-09 12:00:00,Night,8,0.5um,4.54,counts/m3,15,20,0,0,glove_breach
160,1,2026-02-09 18:00:00,Night,7,0.5um,5.25,counts/m3,15,20,0,0,glove_breach
161,1,2026-02-10 00:00:00,Day,3,0.5um,3.99,counts/m3,15,20,0,0,glove_breach
162,1,2026-02-10 06:00:00,Evening,4,0.5um,3.72,counts/m3,15,20,0,0,glove_breach
163,1,2026-02-10 12:00:00,Night,8,0.5um,3.48,counts/m3,15,20,0,0,glove_breach
164,1,2026-02-10 18:00:00,Night,4,0.5um,6.27,counts/m3,15,20,0,0,glove_breach
165,1,2026-02-11 00:00:00,Day,3,0.5um,3.07,counts/m3,15,20,0,0,glove_breach
166,1,2026-02-11 06:00:00,Evening,8,0.5um,2.88,counts/m3,15,20,0,0,glove_breach
167,1,2026-02-11 12:00:00,Night,6,0.5um,2.71,counts/m3,15,20,0,0,glove_breach
168,1,2026-02-11 18:00:00,Night,4,0.5um,3.6,counts/m3,15,20,0,0,glove_breach
169,1,2026-02-12 00:00:00,Day,7,0.5um,4.5,counts/m3,15,20,0,0,glove_breach
170,1,2026-02-12 06:00:00,Evening,6,0.5um,3.38,counts/m3,15,20,0,0,glove_breach
171,1,2026-02-12 12:00:00,Night,3,0.5um,1.26,counts/m3,15,20,0,0,glove_breach
172,1,2026-02-12 18:00:00,Night,4,0.5um,1.17,counts/m3,15,20,0,0,glove_breach
173,1,2026-02-13 00:00:00,Day,1,0.5um,2.09,counts/m3,15,20,0,0,glove_breach
174,1,2026-02-13 06:00:00,Evening,1,0.5um,3.0,counts/m3,15,20,0,0,glove_breach
175,1,2026-02-13 12:00:00,Night,8,0.5um,2.93,counts/m3,15,20,0,0,glove_breach
176,1,2026-02-13 18:00:00,Night,1,0.5um,1.89,counts/m3,15,20,0,0,glove_breach
177,1,2026-02-14 00:00:00,Day,7,0.5um,0.86,counts/m3,15,20,0,0,glove_breach
178,1,2026-02-14 06:00:00,Evening,2,0.5um,0.8,counts/m3,15,20,0,0,glove_breach
179,1,2026-02-14 12:00:00,Night,5,0.5um,2.74,counts/m3,15,20,0,0,glove_breach
180,1,2026-02-14 18:00:00,Night,6,0.5um,3.7,counts/m3,15,20,0,0,glove_breach
181,1,2026-02-15 00:00:00,Day,8,0.5um,1.67,counts/m3,15,20,0,0,glove_breach
182,1,2026-02-15 06:00:00,Evening,3,0.5um,3.62,counts/m3,15,20,0,0,glove_breach
183,1,2026-02-15 12:00:00,Night,8,0.5um,2.33,counts/m3,15,20,0,0,glove_breach
184,1,2026-02-15 18:00:00,Night,4,0.5um,2.33,counts/m3,15,20,0,0,glove_breach
185,1,2026-02-16 00:00:00,Day,7,0.5um,2.32,counts/m3,15,20,0,0,glove_breach
186,1,2026-02-16 06:00:00,Evening,1,0.5um,1.36,counts/m3,15,20,0,0,glove_breach
187,1,2026-02-16 12:00:00,Night,3,0.5um,1.38,counts/m3,15,20,0,0,glove_breach
188,1,2026-02-16 18:00:00,Night,5,0.5um,1.43,counts/m3,15,20,0,0,glove_breach
189,1,2026-02-17 00:00:00,Day,6,0.5um,2.48,counts/m3,15,20,0,0,glove_breach
190,1,2026-02-17 06:00:00,Evening,7,0.5um,1.47,counts/m3,15,20,0,0,glove_breach
191,1,2026-02-17 12:00:00,Night,3,0.5um,3.52,counts/m3,15,20,0,0,glove_breach
192,1,2026-02-17 18:00:00,Night,5,0.5um,1.6,counts/m3,15,20,0,0,glove_breach
193,1,2026-02-18 00:00:00,Day,5,0.5um,0.88,counts/m3,15,20,0,0,glove_breach
194,1,2026-02-18 06:00:00,Evening,8,0.5um,1.14,counts/m3,15,20,0,0,glove_breach
195,1,2026-02-18 12:00:00,Night,1,0.5um,2.38,counts/m3,15,20,0,0,glove_breach
196,1,2026-02-18 18:00:00,Night,1,0.5um,4.33,counts/m3,15,20,0,0,glove_breach
197,1,2026-02-19 00:00:00,Day,5,0.5um,2.53,counts/m3,15,20,0,0,glove_breach
198,1,2026-02-19 06:00:00,Evening,1,0.5um,2.67,counts/m3,15,20,0,0,hvac_drift
199,1,2026-02-19 12:00:00,Night,2,0.5um,4.88,counts/m3,15,20,0,0,hvac_drift
200,1,2026-02-19 18:00:00,Night,5,0.5um,4.13,counts/m3,15,20,0,0,hvac_drift
201,1,2026-02-20 00:00:00,Day,3,0.5um,8.38,counts/m3,15,20,0,0,hvac_drift
202,1,2026-02-20 06:00:00,Evening,3,0.5um,3.6,counts/m3,15,20,0,0,hvac_drift
203,1,2026-02-20 12:00:00,Night,3,0.5um,3.82,counts/m3,15,20,0,0,hvac_drift
204,1,2026-02-20 18:00:00,Night,6,0.5um,6.07,counts/m3,15,20,0,0,hvac_drift
205,1,2026-02-21 00:00:00,Day,3,0.5um,5.39,counts/m3,15,20,0,0,hvac_drift
206,1,2026-02-21 06:00:00,Evening,7,0.5um,5.64,counts/m3,15,20,0,0,hvac_drift
207,1,2026-02-21 12:00:00,Night,2,0.5um,4.89,counts/m3,15,20,0,0,hvac_drift
208,1,2026-02-21 18:00:00,Night,1,0.5um,8.18,counts/m3,15,20,0,0,hvac_drift
209,1,2026-02-22 00:00:00,Day,2,0.5um,6.47,counts/m3,15,20,0,0,hvac_drift
210,1,2026-02-22 06:00:00,Evening,8,0.5um,7.73,counts/m3,15,20,0,0,hvac_drift
211,1,2026-02-22 12:00:00,Night,3,0.5um,5.98,counts/m3,15,20,0,0,hvac_drift
212,1,2026-02-22 18:00:00,Night,1,0.5um,6.22,counts/m3,15,20,0,0,hvac_drift
213,1,2026-02-23 00:00:00,Day,3,0.5um,9.5,counts/m3,15,20,0,0,hvac_drift
214,1,2026-02-23 06:00:00,Evening,6,0.5um,7.78,counts/m3,15,20,0,0,hvac_drift
215,1,2026-02-23 12:00:00,Night,3,0.5um,8.05,counts/m3,15,20,0,0,hvac_drift
216,1,2026-02-23 18:00:00,Night,4,0.5um,9.32,counts/m3,15,20,0,0,hvac_drift
217,1,2026-02-24 00:00:00,Day,1,0.5um,8.6,counts/m3,15,20,0,0,hvac_drift
218,1,2026-02-24 06:00:00,Evening,6,0.5um,8.88,counts/m3,15,20,0,0,hvac_drift
219,1,2026-02-24 12:00:00,Night,2,0.5um,9.16,counts/m3,15,20,0,0,hvac_drift
220,1,2026-02-24 18:00:00,Night,1,0.5um,8.44,counts/m3,15,20,0,0,hvac_drift
221,1,2026-02-25 00:00:00,Day,6,0.5um,8.73,counts/m3,15,20,0,0,hvac_drift
222,1,2026-02-25 06:00:00,Evening,8,0.5um,10.02,counts/m3,15,20,0,0,hvac_drift
223,1,2026-02-25 12:00:00,Night,5,0.5um,11.29,counts/m3,15,20,0,0,hvac_drift
224,1,2026-02-25 18:00:00,Night,8,0.5um,10.57,counts/m3,15,20,0,0,hvac_drift
225,1,2026-02-26 00:00:00,Day,4,0.5um,10.86,counts/m3,15,20,0,0,hvac_drift
226,1,2026-02-26 06:00:00,Evening,5,0.5um,10.14,counts/m3,15,20,0,0,hvac_drift
227,1,2026-02-26 12:00:00,Night,3,0.5um,11.42,counts/m3,15,20,0,0,hvac_drift
228,1,2026-02-26 18:00:00,Night,5,0.5um,10.71,counts/m3,15,20,0,0,hvac_drift
229,1,2026-02-27 00:00:00,Day,8,0.5um,13.0,counts/m3,15,20,0,0,hvac_drift
230,1,2026-02-27 06:00:00,Evening,6,0.5um,13.3,counts/m3,15,20,0,0,hvac_drift
231,1,2026-02-27 12:00:00,Night,1,0.5um,13.58,counts/m3,15,20,0,0,hvac_drift
232,1,2026-02-27 18:00:00,Night,5,0.5um,12.87,counts/m3,15,20,0,0,hvac_drift
233,1,2026-02-28 00:00:00,Day,4,0.5um,16.14,counts/m3,15,20,1,0,hvac_drift
234,1,2026-02-28 06:00:00,Evening,5,0.5um,14.43,counts/m3,15,20,0,0,hvac_drift
235,1,2026-02-28 12:00:00,Night,5,0.5um,14.72,counts/m3,15,20,0,0,hvac_drift
236,1,2026-02-28 18:00:00,Night,5,0.5um,13.01,counts/m3,15,20,0,0,hvac_drift
237,1,2026-03-01 00:00:00,Day,7,0.5um,14.3,counts/m3,15,20,0,0,hvac_drift
238,1,2026-03-01 06:00:00,Evening,7,0.5um,13.6,counts/m3,15,20,0,0,hvac_drift
239,1,2026-03-01 12:00:00,Night,8,0.5um,14.9,counts/m3,15,20,0,0,hvac_drift
240,1,2026-03-01 18:00:00,Night,5,0.5um,16.55,counts/m3,15,20,1,0,hvac_drift
241,1,2026-03-02 00:00:00,Day,3,0.5um,16.94,counts/m3,15,20,1,0,hvac_drift
242,1,2026-03-02 06:00:00,Evening,2,0.5um,19.05,counts/m3,15,20,1,0,hvac_drift
243,1,2026-03-02 12:00:00,Night,7,0.5um,16.64,counts/m3,15,20,1,0,hvac_drift
244,1,2026-03-02 18:00:00,Night,8,0.5um,17.76,counts/m3,15,20,1,0,hvac_drift
245,1,2026-03-03 00:00:00,Day,1,0.5um,16.15,counts/m3,15,20,1,0,hvac_drift
246,1,2026-03-03 06:00:00,Evening,2,0.5um,13.66,counts/m3,15,20,0,0,hvac_drift
247,1,2026-03-03 12:00:00,Night,6,0.5um,13.69,counts/m3,15,20,0,0,hvac_drift
248,1,2026-03-03 18:00:00,Night,2,0.5um,15.0,counts/m3,15,20,1,0,hvac_drift
249,1,2026-03-04 00:00:00,Day,1,0.5um,15.31,counts/m3,15,20,1,0,hvac_drift
250,1,2026-03-04 06:00:00,Evening,8,0.5um,16.35,counts/m3,15,20,1,0,hvac_drift
251,1,2026-03-04 12:00:00,Night,1,0.5um,14.86,counts/m3,15,20,0,0,hvac_drift
252,1,2026-03-04 18:00:00,Night,2,0.5um,8.66,counts/m3,15,20,0,0,none
253,1,2026-03-05 00:00:00,Day,8,0.5um,5.35,counts/m3,15,20,0,0,none
254,1,2026-03-05 06:00:00,Evening,1,0.5um,3.52,counts/m3,15,20,0,0,none
255,1,2026-03-05 12:00:00,Night,7,0.5um,4.79,counts/m3,15,20,0,0,none
256,1,2026-03-05 18:00:00,Night,5,0.5um,3.75,counts/m3,15,20,0,0,none
257,1,2026-03-06 00:00:00,Day,5,0.5um,4.72,counts/m3,15,20,0,0,none
258,1,2026-03-06 06:00:00,Evening,7,0.5um,4.99,counts/m3,15,20,0,0,none
259,1,2026-03-06 12:00:00,Night,1,0.5um,3.16,counts/m3,15,20,0,0,none
260,1,2026-03-06 18:00:00,Night,1,0.5um,3.86,counts/m3,15,20,0,0,none
261,1,2026-03-07 00:00:00,Day,2,0.5um,5.56,counts/m3,15,20,0,0,none
262,1,2026-03-07 06:00:00,Evening,4,0.5um,4.73,counts/m3,15,20,0,0,none
263,1,2026-03-07 12:00:00,Night,8,0.5um,1.84,counts/m3,15,20,0,0,none
264,1,2026-03-07 18:00:00,Night,1,0.5um,5.79,counts/m3,15,20,0,0,none
265,1,2026-03-08 00:00:00,Day,4,0.5um,4.73,counts/m3,15,20,0,0,none
266,1,2026-03-08 06:00:00,Evening,4,0.5um,4.0,counts/m3,15,20,0,0,none
267,1,2026-03-08 12:00:00,Night,2,0.5um,4.32,counts/m3,15,20,0,0,none
268,1,2026-03-08 18:00:00,Night,3,0.5um,7.94,counts/m3,15,20,0,0,none
269,1,2026-03-09 00:00:00,Day,2,0.5um,8.49,counts/m3,15,20,0,0,none
270,1,2026-03-09 06:00:00,Evening,2,0.5um,5.04,counts/m3,15,20,0,0,none
271,1,2026-03-09 12:00:00,Night,5,0.5um,3.16,counts/m3,15,20,0,0,none
272,1,2026-03-09 18:00:00,Night,8,0.5um,5.97,counts/m3,15,20,0,0,none
273,1,2026-03-10 00:00:00,Day,4,0.5um,4.33,counts/m3,15,20,0,0,none
274,1,2026-03-10 06:00:00,Evening,6,0.5um,4.45,counts/m3,15,20,0,0,none
275,1,2026-03-10 12:00:00,Night,6,0.5um,3.55,counts/m3,15,20,0,0,none
276,1,2026-03-10 18:00:00,Night,7,0.5um,7.17,counts/m3,15,20,0,0,none
277,1,2026-03-11 00:00:00,Day,7,0.5um,6.76,counts/m3,15,20,0,0,none
278,1,2026-03-11 06:00:00,Evening,8,0.5um,4.36,counts/m3,15,20,0,0,none
279,1,2026-03-11 12:00:00,Night,7,0.5um,6.52,counts/m3,15,20,0,0,none
280,1,2026-03-11 18:00:00,Night,8,0.5um,7.37,counts/m3,15,20,0,0,none
281,1,2026-03-12 00:00:00,Day,8,0.5um,7.77,counts/m3,15,20,0,0,none
282,1,2026-03-12 06:00:00,Evening,6,0.5um,5.93,counts/m3,15,20,0,0,none
283,1,2026-03-12 12:00:00,Night,4,0.5um,7.07,counts/m3,15,20,0,0,none
284,1,2026-03-12 18:00:00,Night,3,0.5um,7.74,counts/m3,15,20,0,0,none
285,1,2026-03-13 00:00:00,Day,5,0.5um,6.32,counts/m3,15,20,0,0,none
286,1,2026-03-13 06:00:00,Evening,7,0.5um,4.92,counts/m3,15,20,0,0,none
287,1,2026-03-13 12:00:00,Night,7,0.5um,7.09,counts/m3,15,20,0,0,none
288,1,2026-03-13 18:00:00,Night,5,0.5um,7.94,counts/m3,15,20,0,0,none
289,1,2026-03-14 00:00:00,Day,1,0.5um,9.34,counts/m3,15,20,0,0,none
290,1,2026-03-14 06:00:00,Evening,3,0.5um,5.5,counts/m3,15,20,0,0,none
291,1,2026-03-14 12:00:00,Night,5,0.5um,4.64,counts/m3,15,20,0,0,none
292,1,2026-03-14 18:00:00,Night,4,0.5um,10.31,counts/m3,15,20,0,0,none
293,1,2026-03-15 00:00:00,Day,4,0.5um,7.89,counts/m3,15,20,0,0,none
294,1,2026-03-15 06:00:00,Evening,3,0.5um,5.49,counts/m3,15,20,0,0,none
295,1,2026-03-15 12:00:00,Night,1,0.5um,6.65,counts/m3,15,20,0,0,none
296,1,2026-03-15 18:00:00,Night,4,0.5um,7.51,counts/m3,15,20,0,0,none
297,1,2026-03-16 00:00:00,Day,4,0.5um,7.17,counts/m3,15,20,0,0,none
298,1,2026-03-16 06:00:00,Evening,7,0.5um,4.37,counts/m3,15,20,0,0,none
299,1,2026-03-16 12:00:00,Night,1,0.5um,5.55,counts/m3,15,20,0,0,none
300,1,2026-03-16 18:00:00,Night,4,0.5um,5.91,counts/m3,15,20,0,0,none
301,1,2026-03-17 00:00:00,Day,7,0.5um,6.72,counts/m3,15,20,0,0,none
302,1,2026-03-17 06:00:00,Evening,3,0.5um,21.64,counts/m3,15,20,1,1,glove_breach
303,1,2026-03-17 12:00:00,Night,3,0.5um,20.45,counts/m3,15,20,1,1,glove_breach
304,1,2026-03-17 18:00:00,Night,1,0.5um,17.83,counts/m3,15,20,1,0,glove_breach
305,1,2026-03-18 00:00:00,Day,5,0.5um,16.9,counts/m3,15,20,1,0,hvac_drift
306,1,2026-03-18 06:00:00,Evening,7,0.5um,16.35,counts/m3,15,20,1,0,hvac_drift
307,1,2026-03-18 12:00:00,Night,4,0.5um,15.43,counts/m3,15,20,1,0,hvac_drift
308,1,2026-03-18 18:00:00,Night,4,0.5um,18.6,counts/m3,15,20,1,0,hvac_drift
309,1,2026-03-19 00:00:00,Day,6,0.5um,17.78,counts/m3,15,20,1,0,hvac_drift
310,1,2026-03-19 06:00:00,Evening,4,0.5um,14.58,counts/m3,15,20,0,0,hvac_drift
311,1,2026-03-19 12:00:00,Night,4,0.5um,14.49,counts/m3,15,20,0,0,hvac_drift
312,1,2026-03-19 18:00:00,Night,7,0.5um,11.82,counts/m3,15,20,0,0,hvac_drift
313,1,2026-03-20 00:00:00,Day,3,0.5um,10.97,counts/m3,15,20,0,0,hvac_drift
314,1,2026-03-20 06:00:00,Evening,7,0.5um,11.62,counts/m3,15,20,0,0,hvac_drift
315,1,2026-03-20 12:00:00,Night,3,0.5um,12.42,counts/m3,15,20,0,0,hvac_drift
316,1,2026-03-20 18:00:00,Night,5,0.5um,15.27,counts/m3,15,20,1,0,hvac_drift
317,1,2026-03-21 00:00:00,Day,3,0.5um,13.06,counts/m3,15,20,0,0,hvac_drift
318,1,2026-03-21 06:00:00,Evening,6,0.5um,14.52,counts/m3,15,20,0,0,hvac_drift
319,1,2026-03-21 12:00:00,Night,4,0.5um,15.19,counts/m3,15,20,1,0,hvac_drift
320,1,2026-03-21 18:00:00,Night,2,0.5um,13.93,counts/m3,15,20,0,0,hvac_drift
321,1,2026-03-22 00:00:00,Day,6,0.5um,12.26,counts/m3,15,20,0,0,hvac_drift
322,1,2026-03-22 06:00:00,Evening,8,0.5um,13.29,counts/m3,15,20,0,0,hvac_drift
323,1,2026-03-22 12:00:00,Night,1,0.5um,14.46,counts/m3,15,20,0,0,hvac_drift
324,1,2026-03-22 18:00:00,Night,5,0.5um,17.65,counts/m3,15,20,1,0,hvac_drift
325,1,2026-03-23 00:00:00,Day,6,0.5um,16.75,counts/m3,15,20,1,0,hvac_drift
326,1,2026-03-23 06:00:00,Evening,6,0.5um,15.44,counts/m3,15,20,1,0,hvac_drift
327,1,2026-03-23 12:00:00,Night,2,0.5um,13.45,counts/m3,15,20,0,0,hvac_drift
328,1,2026-03-23 18:00:00,Night,1,0.5um,15.8,counts/m3,15,20,1,0,hvac_drift
329,1,2026-03-24 00:00:00,Day,5,0.5um,13.17,counts/m3,15,20,0,0,hvac_drift
330,1,2026-03-24 06:00:00,Evening,6,0.5um,14.55,counts/m3,15,20,0,0,hvac_drift
331,1,2026-03-24 12:00:00,Night,3,0.5um,13.96,counts/m3,15,20,0,0,hvac_drift
332,1,2026-03-24 18:00:00,Night,3,0.5um,14.47,counts/m3,15,20,0,0,hvac_drift
333,1,2026-03-25 00:00:00,Day,5,0.5um,14.89,counts/m3,15,20,0,0,hvac_drift
334,1,2026-03-25 06:00:00,Evening,4,0.5um,16.33,counts/m3,15,20,1,0,hvac_drift
335,1,2026-03-25 12:00:00,Night,4,0.5um,17.22,counts/m3,15,20,1,0,hvac_drift
336,1,2026-03-25 18:00:00,Night,6,0.5um,14.54,counts/m3,15,20,0,0,hvac_drift
337,1,2026-03-26 00:00:00,Day,8,0.5um,15.9,counts/m3,15,20,1,0,hvac_drift
338,1,2026-03-26 06:00:00,Evening,7,0.5um,16.1,counts/m3,15,20,1,0,hvac_drift
339,1,2026-03-26 12:00:00,Night,1,0.5um,16.49,counts/m3,15,20,1,0,hvac_drift
340,1,2026-03-26 18:00:00,Night,3,0.5um,16.88,counts/m3,15,20,1,0,hvac_drift
341,1,2026-03-27 00:00:00,Day,1,0.5um,16.1,counts/m3,15,20,1,0,hvac_drift
342,1,2026-03-27 06:00:00,Evening,7,0.5um,17.5,counts/m3,15,20,1,0,hvac_drift
343,1,2026-03-27 12:00:00,Night,6,0.5um,18.32,counts/m3,15,20,1,0,hvac_drift
344,1,2026-03-27 18:00:00,Night,2,0.5um,19.16,counts/m3,15,20,1,0,hvac_drift
345,1,2026-03-28 00:00:00,Day,7,0.5um,20.57,counts/m3,15,20,1,1,hvac_drift
346,1,2026-03-28 06:00:00,Evening,5,0.5um,19.81,counts/m3,15,20,1,0,hvac_drift
347,1,2026-03-28 12:00:00,Night,1,0.5um,21.24,counts/m3,15,20,1,1,hvac_drift
348,1,2026-03-28 18:00:00,Night,2,0.5um,21.67,counts/m3,15,20,1,1,hvac_drift
349,1,2026-03-29 00:00:00,Day,7,0.5um,21.92,counts/m3,15,20,1,1,hvac_drift
350,1,2026-03-29 06:00:00,Evening,3,0.5um,20.35,counts/m3,15,20,1,1,hvac_drift
351,1,2026-03-29 12:00:00,Night,5,0.5um,21.24,counts/m3,15,20,1,1,hvac_drift
352,1,2026-03-29 18:00:00,Night,8,0.5um,23.14,counts/m3,15,20,1,1,hvac_drift
353,1,2026-03-30 00:00:00,Day,3,0.5um,22.62,counts/m3,15,20,1,1,hvac_drift
354,1,2026-03-30 06:00:00,Evening,1,0.5um,22.92,counts/m3,15,20,1,1,hvac_drift
355,1,2026-03-30 12:00:00,Night,1,0.5um,23.41,counts/m3,15,20,1,1,hvac_drift
356,1,2026-03-30 18:00:00,Night,8,0.5um,24.9,counts/m3,15,20,1,1,hvac_drift
357,1,2026-03-31 00:00:00,Day,5,0.5um,22.98,counts/m3,15,20,1,1,hvac_drift
358,1,2026-03-31 06:00:00,Evening,3,0.5um,21.41,counts/m3,15,20,1,1,hvac_drift
359,1,2026-03-31 12:00:00,Night,1,0.5um,24.27,counts/m3,15,20,1,1,hvac_drift
360,1,2026-03-31 18:00:00,Night,6,0.5um,25.13,counts/m3,15,20,1,1,hvac_drift
361,1,2026-04-01 00:00:00,Day,1,0.5um,26.36,counts/m3,15,20,1,1,hvac_drift
362,1,2026-04-01 06:00:00,Evening,1,0.5um,27.22,counts/m3,15,20,1,1,hvac_drift
363,1,2026-04-01 12:00:00,Night,5,0.5um,26.56,counts/m3,15,20,1,1,hvac_drift
364,1,2026-04-01 18:00:00,Night,6,0.5um,26.59,counts/m3,15,20,1,1,hvac_drift
365,1,2026-04-02 00:00:00,Day,5,0.5um,12.98,counts/m3,15,20,0,0,hvac_drift
366,1,2026-04-02 06:00:00,Evening,8,0.5um,12.09,counts/m3,15,20,0,0,hvac_drift
367,1,2026-04-02 12:00:00,Night,3,0.5um,19.21,counts/m3,15,20,1,0,hvac_drift
368,1,2026-04-02 18:00:00,Night,5,0.5um,26.3,counts/m3,15,20,1,1,hvac_drift
369,1,2026-04-03 00:00:00,Day,3,0.5um,25.22,counts/m3,15,20,1,1,hvac_drift
370,1,2026-04-03 06:00:00,Evening,3,0.5um,25.28,counts/m3,15,20,1,1,hvac_drift
371,1,2026-04-03 12:00:00,Night,2,0.5um,23.45,counts/m3,15,20,1,1,hvac_drift
372,1,2026-04-03 18:00:00,Night,7,0.5um,20.31,counts/m3,15,20,1,1,hvac_drift
373,1,2026-04-04 00:00:00,Day,6,0.5um,17.61,counts/m3,15,20,1,0,hvac_drift
374,1,2026-04-04 06:00:00,Evening,6,0.5um,17.78,counts/m3,15,20,1,0,hvac_drift
375,1,2026-04-04 12:00:00,Night,2,0.5um,21.56,counts/m3,15,20,1,1,hvac_drift
376,1,2026-04-04 18:00:00,Night,1,0.5um,29.66,counts/m3,15,20,1,1,hvac_drift
377,1,2026-04-05 00:00:00,Day,7,0.5um,30.58,counts/m3,15,20,1,1,hvac_drift
378,1,2026-04-05 06:00:00,Evening,6,0.5um,24.63,counts/m3,15,20,1,1,hvac_drift
379,1,2026-04-05 12:00:00,Night,1,0.5um,22.24,counts/m3,15,20,1,1,hvac_drift
380,1,2026-04-05 18:00:00,Night,6,0.5um,22.07,counts/m3,15,20,1,1,hvac_drift
381,1,2026-04-06 00:00:00,Day,8,0.5um,6.86,counts/m3,15,20,0,0,mechanical_friction
382,1,2026-04-06 06:00:00,Evening,7,0.5um,4.8,counts/m3,15,20,0,0,mechanical_friction
383,1,2026-04-06 12:00:00,Night,3,0.5um,10.34,counts/m3,15,20,0,0,mechanical_friction
384,1,2026-04-06 18:00:00,Night,3,0.5um,17.2,counts/m3,15,20,1,0,mechanical_friction
385,1,2026-04-07 00:00:00,Day,7,0.5um,16.89,counts/m3,15,20,1,0,mechanical_friction
386,1,2026-04-07 06:00:00,Evening,4,0.5um,14.73,counts/m3,15,20,0,0,mechanical_friction
387,1,2026-04-07 12:00:00,Night,6,0.5um,10.67,counts/m3,15,20,0,0,mechanical_friction
388,1,2026-04-07 18:00:00,Night,8,0.5um,11.3,counts/m3,15,20,0,0,mechanical_friction
389,1,2026-04-08 00:00:00,Day,4,0.5um,5.36,counts/m3,15,20,0,0,mechanical_friction
390,1,2026-04-08 06:00:00,Evening,5,0.5um,6.3,counts/m3,15,20,0,0,mechanical_friction
391,1,2026-04-08 12:00:00,Night,4,0.5um,9.86,counts/m3,15,20,0,0,mechanical_friction
392,1,2026-04-08 18:00:00,Night,5,0.5um,16.73,counts/m3,15,20,1,0,mechanical_friction
393,1,2026-04-09 00:00:00,Day,1,0.5um,36.14,counts/m3,15,20,1,1,mechanical_friction
394,1,2026-04-09 06:00:00,Evening,8,0.5um,33.02,counts/m3,15,20,1,1,mechanical_friction
395,1,2026-04-09 12:00:00,Night,5,0.5um,30.75,counts/m3,15,20,1,1,mechanical_friction
396,1,2026-04-09 18:00:00,Night,2,0.5um,26.84,counts/m3,15,20,1,1,mechanical_friction
397,1,2026-04-10 00:00:00,Day,5,0.5um,21.7,counts/m3,15,20,1,1,mechanical_friction
398,1,2026-04-10 06:00:00,Evening,4,0.5um,20.4,counts/m3,15,20,1,1,mechanical_friction
399,1,2026-04-10 12:00:00,Night,7,0.5um,21.4,counts/m3,15,20,1,1,mechanical_friction
400,1,2026-04-10 18:00:00,Night,7,0.5um,26.83,counts/m3,15,20,1,1,mechanical_friction
401,1,2026-04-11 00:00:00,Day,4,0.5um,26.63,counts/m3,15,20,1,1,mechanical_friction
402,1,2026-04-11 06:00:00,Evening,6,0.5um,28.99,counts/m3,15,20,1,1,mechanical_friction
403,1,2026-04-11 12:00:00,Night,1,0.5um,32.18,counts/m3,15,20,1,1,mechanical_friction
404,1,2026-04-11 18:00:00,Night,8,0.5um,29.31,counts/m3,15,20,1,1,mechanical_friction
405,1,2026-04-12 00:00:00,Day,5,0.5um,19.71,counts/m3,15,20,1,0,mechanical_friction
406,1,2026-04-12 06:00:00,Evening,6,0.5um,18.28,counts/m3,15,20,1,0,mechanical_friction
407,1,2026-04-12 12:00:00,Night,6,0.5um,41.96,counts/m3,15,20,1,1,mechanical_friction
408,1,2026-04-12 18:00:00,Night,3,0.5um,41.74,counts/m3,15,20,1,1,mechanical_friction
409,1,2026-04-13 00:00:00,Day,6,0.5um,39.42,counts/m3,15,20,1,1,mechanical_friction
410,1,2026-04-13 06:00:00,Evening,4,0.5um,36.98,counts/m3,15,20,1,1,mechanical_friction
411,1,2026-04-13 12:00:00,Night,6,0.5um,38.09,counts/m3,15,20,1,1,mechanical_friction
412,1,2026-04-13 18:00:00,Night,1,0.5um,36.27,counts/m3,15,20,1,1,mechanical_friction
413,1,2026-04-14 00:00:00,Day,2,0.5um,25.79,counts/m3,15,20,1,1,mechanical_friction
414,1,2026-04-14 06:00:00,Evening,8,0.5um,22.52,counts/m3,15,20,1,1,mechanical_friction
415,1,2026-04-14 12:00:00,Night,6,0.5um,26.6,counts/m3,15,20,1,1,mechanical_friction
416,1,2026-04-14 18:00:00,Night,2,0.5um,26.7,counts/m3,15,20,1,1,mechanical_friction
417,1,2026-04-15 00:00:00,Day,2,0.5um,24.57,counts/m3,15,20,1,1,mechanical_friction
418,1,2026-04-15 06:00:00,Evening,5,0.5um,28.59,counts/m3,15,20,1,1,mechanical_friction
419,1,2026-04-15 12:00:00,Night,1,0.5um,28.72,counts/m3,15,20,1,1,mechanical_friction
420,1,2026-04-15 18:00:00,Night,4,0.5um,25.78,counts/m3,15,20,1,1,mechanical_friction
421,1,2026-04-16 00:00:00,Day,3,0.5um,17.32,counts/m3,15,20,1,0,mechanical_friction
422,1,2026-04-16 06:00:00,Evening,2,0.5um,20.94,counts/m3,15,20,1,1,mechanical_friction
423,1,2026-04-16 12:00:00,Night,3,0.5um,19.11,counts/m3,15,20,1,0,mechanical_friction
424,1,2026-04-16 18:00:00,Night,3,0.5um,27.4,counts/m3,15,20,1,1,mechanical_friction
425,1,2026-04-17 00:00:00,Day,1,0.5um,22.57,counts/m3,15,20,1,1,mechanical_friction
426,1,2026-04-17 06:00:00,Evening,6,0.5um,25.04,counts/m3,15,20,1,1,mechanical_friction
427,1,2026-04-17 12:00:00,Night,3,0.5um,19.42,counts/m3,15,20,1,0,mechanical_friction
428,1,2026-04-17 18:00:00,Night,1,0.5um,17.9,counts/m3,15,20,1,0,mechanical_friction
429,1,2026-04-18 00:00:00,Day,1,0.5um,13.99,counts/m3,15,20,0,0,mechanical_friction
430,1,2026-04-18 06:00:00,Evening,8,0.5um,15.55,counts/m3,15,20,1,0,mechanical_friction
431,1,2026-04-18 12:00:00,Night,1,0.5um,12.18,counts/m3,15,20,0,0,mechanical_friction
432,1,2026-04-18 18:00:00,Night,8,0.5um,13.18,counts/m3,15,20,0,0,mechanical_friction
433,1,2026-04-19 00:00:00,Day,2,0.5um,10.55,counts/m3,15,20,0,0,mechanical_friction
434,1,2026-04-19 06:00:00,Evening,1,0.5um,14.83,counts/m3,15,20,0,0,mechanical_friction
435,1,2026-04-19 12:00:00,Night,5,0.5um,18.22,counts/m3,15,20,1,0,mechanical_friction
436,1,2026-04-19 18:00:00,Night,7,0.5um,17.84,counts/m3,15,20,1,0,mechanical_friction
437,1,2026-04-20 00:00:00,Day,1,0.5um,14.07,counts/m3,15,20,0,0,mechanical_friction
438,1,2026-04-20 06:00:00,Evening,3,0.5um,11.74,counts/m3,15,20,0,0,mechanical_friction
439,1,2026-04-20 12:00:00,Night,7,0.5um,13.48,counts/m3,15,20,0,0,mechanical_friction
440,1,2026-04-20 18:00:00,Night,1,0.5um,7.85,counts/m3,15,20,0,0,mechanical_friction
441,1,2026-04-21 00:00:00,Day,2,0.5um,5.65,counts/m3,15,20,0,0,mechanical_friction
442,1,2026-04-21 06:00:00,Evening,3,0.5um,10.47,counts/m3,15,20,0,0,mechanical_friction
443,1,2026-04-21 12:00:00,Night,7,0.5um,19.2,counts/m3,15,20,1,0,mechanical_friction
444,1,2026-04-21 18:00:00,Night,7,0.5um,15.13,counts/m3,15,20,1,0,mechanical_friction
445,1,2026-04-22 00:00:00,Day,6,0.5um,11.64,counts/m3,15,20,0,0,mechanical_friction
446,1,2026-04-22 06:00:00,Evening,6,0.5um,9.56,counts/m3,15,20,0,0,mechanical_friction
447,1,2026-04-22 12:00:00,Night,1,0.5um,11.53,counts/m3,15,20,0,0,mechanical_friction
448,1,2026-04-22 18:00:00,Night,2,0.5um,6.11,counts/m3,15,20,0,0,mechanical_friction
449,1,2026-04-23 00:00:00,Day,8,0.5um,4.1,counts/m3,15,20,0,0,mechanical_friction
450,1,2026-04-23 06:00:00,Evening,6,0.5um,7.87,counts/m3,15,20,0,0,mechanical_friction
451,1,2026-04-23 12:00:00,Night,2,0.5um,12.74,counts/m3,15,20,0,0,mechanical_friction
452,1,2026-04-23 18:00:00,Night,6,0.5um,12.81,counts/m3,15,20,0,0,mechanical_friction
453,1,2026-04-24 00:00:00,Day,6,0.5um,9.39,counts/m3,15,20,0,0,mechanical_friction
454,1,2026-04-24 06:00:00,Evening,6,0.5um,8.44,counts/m3,15,20,0,0,mechanical_friction
455,1,2026-04-24 12:00:00,Night,8,0.5um,6.5,counts/m3,15,20,0,0,mechanical_friction
456,1,2026-04-24 18:00:00,Night,5,0.5um,6.17,counts/m3,15,20,0,0,mechanical_friction
457,1,2026-04-25 00:00:00,Day,1,0.5um,2.24,counts/m3,15,20,0,0,mechanical_friction
458,1,2026-04-25 06:00:00,Evening,7,0.5um,9.15,counts/m3,15,20,0,0,mechanical_friction
459,1,2026-04-25 12:00:00,Night,1,0.5um,13.1,counts/m3,15,20,0,0,mechanical_friction
460,1,2026-04-25 18:00:00,Night,6,0.5um,14.24,counts/m3,15,20,0,0,mechanical_friction
461,1,2026-04-26 00:00:00,Day,7,0.5um,9.94,counts/m3,15,20,0,0,mechanical_friction
462,1,2026-04-26 06:00:00,Evening,2,0.5um,0.87,counts/m3,15,20,0,0,glove_breach
463,1,2026-04-26 12:00:00,Night,7,0.5um,1.84,counts/m3,15,20,0,0,glove_breach
464,1,2026-04-26 18:00:00,Night,7,0.5um,0.81,counts/m3,15,20,0,0,glove_breach
465,1,2026-04-27 00:00:00,Day,6,0.5um,1.77,counts/m3,15,20,0,0,glove_breach
466,1,2026-04-27 06:00:00,Evening,3,0.5um,0.75,counts/m3,15,20,0,0,glove_breach
467,1,2026-04-27 12:00:00,Night,2,0.5um,1.72,counts/m3,15,20,0,0,none
468,1,2026-04-27 18:00:00,Night,6,0.5um,1.74,counts/m3,15,20,0,0,none
469,1,2026-04-28 00:00:00,Day,2,0.5um,2.73,counts/m3,15,20,0,0,none
470,1,2026-04-28 06:00:00,Evening,6,0.5um,1.71,counts/m3,15,20,0,0,none
471,1,2026-04-28 12:00:00,Night,2,0.5um,2.7,counts/m3,15,20,0,0,none
472,1,2026-04-28 18:00:00,Night,3,0.5um,2.69,counts/m3,15,20,0,0,none
473,1,2026-04-29 00:00:00,Day,5,0.5um,2.68,counts/m3,15,20,0,0,none
474,1,2026-04-29 06:00:00,Evening,2,0.5um,3.68,counts/m3,15,20,0,0,none
475,1,2026-04-29 12:00:00,Night,7,0.5um,5.13,counts/m3,15,20,0,0,none
476,1,2026-04-29 18:00:00,Night,6,0.5um,3.94,counts/m3,15,20,0,0,none
477,1,2026-04-30 00:00:00,Day,1,0.5um,5.73,counts/m3,15,20,0,0,none
478,1,2026-04-30 06:00:00,Evening,7,0.5um,3.52,counts/m3,15,20,0,0,none
479,1,2026-04-30 12:00:00,Night,6,0.5um,4.72,counts/m3,15,20,0,0,none
480,1,2026-04-30 18:00:00,Night,7,0.5um,4.66,counts/m3,15,20,0,0,none
481,1,2026-05-01 00:00:00,Day,5,0.5um,4.32,counts/m3,15,20,0,0,none
482,1,2026-05-01 06:00:00,Evening,6,0.5um,5.47,counts/m3,15,20,0,0,none
483,1,2026-05-01 12:00:00,Night,4,0.5um,3.21,counts/m3,15,20,0,0,none
484,1,2026-05-01 18:00:00,Night,2,0.5um,3.95,counts/m3,15,20,0,0,none
485,1,2026-05-02 00:00:00,Day,2,0.5um,4.14,counts/m3,15,20,0,0,none
486,1,2026-05-02 06:00:00,Evening,3,0.5um,2.85,counts/m3,15,20,0,0,none
487,1,2026-05-02 12:00:00,Night,3,0.5um,2.84,counts/m3,15,20,0,0,none
488,1,2026-05-02 18:00:00,Night,7,0.5um,3.88,counts/m3,15,20,0,0,none
489,1,2026-05-03 00:00:00,Day,5,0.5um,3.64,counts/m3,15,20,0,0,none
490,1,2026-05-03 06:00:00,Evening,4,0.5um,4.12,counts/m3,15,20,0,0,none
491,1,2026-05-03 12:00:00,Night,6,0.5um,4.87,counts/m3,15,20,0,0,none
492,1,2026-05-03 18:00:00,Night,6,0.5um,1.63,counts/m3,15,20,0,0,none
493,1,2026-05-04 00:00:00,Day,8,0.5um,5.54,counts/m3,15,20,0,0,none
494,1,2026-05-04 06:00:00,Evening,3,0.5um,5.95,counts/m3,15,20,0,0,none
495,1,2026-05-04 12:00:00,Night,2,0.5um,4.7,counts/m3,15,20,0,0,none
496,1,2026-05-04 18:00:00,Night,1,0.5um,7.48,counts/m3,15,20,0,0,none
497,1,2026-05-05 00:00:00,Day,2,0.5um,8.0,counts/m3,15,20,0,0,none
498,1,2026-05-05 06:00:00,Evening,5,0.5um,5.02,counts/m3,15,20,0,0,none
499,1,2026-05-05 12:00:00,Night,7,0.5um,4.6,counts/m3,15,20,0,0,none
500,1,2026-05-05 18:00:00,Night,5,0.5um,3.2,counts/m3,15,20,0,0,none
501,1,2026-05-06 00:00:00,Day,8,0.5um,9.29,counts/m3,15,20,0,0,none
502,1,2026-05-06 06:00:00,Evening,6,0.5um,2.92,counts/m3,15,20,0,0,none
503,1,2026-05-06 12:00:00,Night,8,0.5um,3.86,counts/m3,15,20,0,0,none
504,1,2026-05-06 18:00:00,Night,3,0.5um,3.82,counts/m3,15,20,0,0,none
505,1,2026-05-07 00:00:00,Day,3,0.5um,4.54,counts/m3,15,20,0,0,none
506,1,2026-05-07 06:00:00,Evening,7,0.5um,2.75,counts/m3,15,20,0,0,none
507,1,2026-05-07 12:00:00,Night,6,0.5um,25.27,counts/m3,15,20,1,1,glove_breach
508,1,2026-05-07 18:00:00,Night,4,0.5um,21.05,counts/m3,15,20,1,1,glove_breach
509,1,2026-05-08 00:00:00,Day,8,0.5um,19.49,counts/m3,15,20,1,0,glove_breach
510,1,2026-05-08 06:00:00,Evening,7,0.5um,17.65,counts/m3,15,20,1,0,glove_breach
511,1,2026-05-08 12:00:00,Night,3,0.5um,17.25,counts/m3,15,20,1,0,glove_breach
512,1,2026-05-08 18:00:00,Night,5,0.5um,18.0,counts/m3,15,20,1,0,glove_breach
513,1,2026-05-09 00:00:00,Day,4,0.5um,14.6,counts/m3,15,20,0,0,glove_breach
514,1,2026-05-09 06:00:00,Evening,4,0.5um,13.78,counts/m3,15,20,0,0,glove_breach
515,1,2026-05-09 12:00:00,Night,7,0.5um,13.61,counts/m3,15,20,0,0,glove_breach
516,1,2026-05-09 18:00:00,Night,6,0.5um,10.53,counts/m3,15,20,0,0,glove_breach
517,1,2026-05-10 00:00:00,Day,1,0.5um,10.0,counts/m3,15,20,0,0,glove_breach
518,1,2026-05-10 06:00:00,Evening,5,0.5um,10.1,counts/m3,15,20,0,0,glove_breach
519,1,2026-05-10 12:00:00,Night,6,0.5um,9.54,counts/m3,15,20,0,0,glove_breach
520,1,2026-05-10 18:00:00,Night,5,0.5um,10.06,counts/m3,15,20,0,0,glove_breach
521,1,2026-05-11 00:00:00,Day,3,0.5um,10.35,counts/m3,15,20,0,0,glove_breach
522,1,2026-05-11 06:00:00,Evening,6,0.5um,10.16,counts/m3,15,20,0,0,glove_breach
523,1,2026-05-11 12:00:00,Night,8,0.5um,8.55,counts/m3,15,20,0,0,glove_breach
524,1,2026-05-11 18:00:00,Night,1,0.5um,6.98,counts/m3,15,20,0,0,glove_breach
525,1,2026-05-12 00:00:00,Day,5,0.5um,4.92,counts/m3,15,20,0,0,glove_breach
526,1,2026-05-12 06:00:00,Evening,8,0.5um,5.43,counts/m3,15,20,0,0,glove_breach
527,1,2026-05-12 12:00:00,Night,4,0.5um,12.7,counts/m3,15,20,0,0,glove_breach
528,1,2026-05-12 18:00:00,Night,3,0.5um,11.13,counts/m3,15,20,0,0,glove_breach
529,1,2026-05-13 00:00:00,Day,2,0.5um,12.35,counts/m3,15,20,0,0,glove_breach
530,1,2026-05-13 06:00:00,Evening,2,0.5um,9.1,counts/m3,15,20,0,0,glove_breach
531,1,2026-05-13 12:00:00,Night,4,0.5um,7.43,counts/m3,15,20,0,0,glove_breach
532,1,2026-05-13 18:00:00,Night,7,0.5um,7.81,counts/m3,15,20,0,0,glove_breach
533,1,2026-05-14 00:00:00,Day,2,0.5um,5.71,counts/m3,15,20,0,0,glove_breach
534,1,2026-05-14 06:00:00,Evening,2,0.5um,11.45,counts/m3,15,20,0,0,glove_breach
535,1,2026-05-14 12:00:00,Night,8,0.5um,19.28,counts/m3,15,20,1,0,glove_breach
536,1,2026-05-14 18:00:00,Night,8,0.5um,19.24,counts/m3,15,20,1,0,glove_breach
537,1,2026-05-15 00:00:00,Day,2,0.5um,13.5,counts/m3,15,20,0,0,glove_breach
538,1,2026-05-15 06:00:00,Evening,4,0.5um,15.69,counts/m3,15,20,1,0,glove_breach
539,1,2026-05-15 12:00:00,Night,4,0.5um,10.08,counts/m3,15,20,0,0,glove_breach
540,1,2026-05-15 18:00:00,Night,3,0.5um,5.6,counts/m3,15,20,0,0,glove_breach
541,1,2026-05-16 00:00:00,Day,2,0.5um,6.58,counts/m3,15,20,0,0,glove_breach
542,1,2026-05-16 06:00:00,Evening,1,0.5um,10.5,counts/m3,15,20,0,0,glove_breach
543,1,2026-05-16 12:00:00,Night,5,0.5um,14.44,counts/m3,15,20,0,0,glove_breach
544,1,2026-05-16 18:00:00,Night,1,0.5um,13.47,counts/m3,15,20,0,0,glove_breach
545,1,2026-05-17 00:00:00,Day,5,0.5um,11.07,counts/m3,15,20,0,0,glove_breach
546,1,2026-05-17 06:00:00,Evening,1,0.5um,9.13,counts/m3,15,20,0,0,glove_breach
547,1,2026-05-17 12:00:00,Night,2,0.5um,8.2,counts/m3,15,20,0,0,glove_breach
548,1,2026-05-17 18:00:00,Night,1,0.5um,4.83,counts/m3,15,20,0,0,glove_breach
549,1,2026-05-18 00:00:00,Day,4,0.5um,6.92,counts/m3,15,20,0,0,glove_breach
550,1,2026-05-18 06:00:00,Evening,3,0.5um,9.93,counts/m3,15,20,0,0,glove_breach
551,1,2026-05-18 12:00:00,Night,3,0.5um,16.95,counts/m3,15,20,1,0,glove_breach
552,1,2026-05-18 18:00:00,Night,3,0.5um,13.07,counts/m3,15,20,0,0,glove_breach
553,1,2026-05-19 00:00:00,Day,8,0.5um,9.72,counts/m3,15,20,0,0,glove_breach
554,1,2026-05-19 06:00:00,Evening,4,0.5um,9.85,counts/m3,15,20,0,0,glove_breach
555,1,2026-05-19 12:00:00,Night,7,0.5um,9.98,counts/m3,15,20,0,0,glove_breach
556,1,2026-05-19 18:00:00,Night,2,0.5um,6.66,counts/m3,15,20,0,0,glove_breach
557,1,2026-05-20 00:00:00,Day,4,0.5um,3.8,counts/m3,15,20,0,0,glove_breach
558,1,2026-05-20 06:00:00,Evening,1,0.5um,9.86,counts/m3,15,20,0,0,glove_breach
559,1,2026-05-20 12:00:00,Night,3,0.5um,13.92,counts/m3,15,20,0,0,glove_breach
560,1,2026-05-20 18:00:00,Night,1,0.5um,15.07,counts/m3,15,20,1,0,glove_breach
561,1,2026-05-21 00:00:00,Day,1,0.5um,10.77,counts/m3,15,20,0,0,glove_breach
562,1,2026-05-21 06:00:00,Evening,2,0.5um,8.92,counts/m3,15,20,0,0,glove_breach
563,1,2026-05-21 12:00:00,Night,2,0.5um,9.14,counts/m3,15,20,0,0,glove_breach
564,1,2026-05-21 18:00:00,Night,3,0.5um,4.43,counts/m3,15,20,0,0,glove_breach
565,1,2026-05-22 00:00:00,Day,6,0.5um,1.65,counts/m3,15,20,0,0,glove_breach
566,1,2026-05-22 06:00:00,Evening,2,0.5um,6.78,counts/m3,15,20,0,0,hvac_drift
567,1,2026-05-22 12:00:00,Night,5,0.5um,14.03,counts/m3,15,20,0,0,hvac_drift
568,1,2026-05-22 18:00:00,Night,3,0.5um,13.4,counts/m3,15,20,0,0,hvac_drift
569,1,2026-05-23 00:00:00,Day,4,0.5um,9.33,counts/m3,15,20,0,0,hvac_drift
570,1,2026-05-23 06:00:00,Evening,8,0.5um,7.72,counts/m3,15,20,0,0,hvac_drift
571,1,2026-05-23 12:00:00,Night,4,0.5um,8.1,counts/m3,15,20,0,0,hvac_drift
572,1,2026-05-23 18:00:00,Night,3,0.5um,5.03,counts/m3,15,20,0,0,hvac_drift
573,1,2026-05-24 00:00:00,Day,2,0.5um,3.46,counts/m3,15,20,0,0,hvac_drift
574,1,2026-05-24 06:00:00,Evening,2,0.5um,8.8,counts/m3,15,20,0,0,hvac_drift
575,1,2026-05-24 12:00:00,Night,7,0.5um,15.11,counts/m3,15,20,1,0,hvac_drift
576,1,2026-05-24 18:00:00,Night,6,0.5um,13.49,counts/m3,15,20,0,0,hvac_drift
577,1,2026-05-25 00:00:00,Day,3,0.5um,11.43,counts/m3,15,20,0,0,hvac_drift
578,1,2026-05-25 06:00:00,Evening,4,0.5um,27.94,counts/m3,15,20,1,1,hvac_drift
579,1,2026-05-25 12:00:00,Night,5,0.5um,25.73,counts/m3,15,20,1,1,hvac_drift
580,1,2026-05-25 18:00:00,Night,1,0.5um,21.24,counts/m3,15,20,1,1,hvac_drift
581,1,2026-05-26 00:00:00,Day,8,0.5um,20.37,counts/m3,15,20,1,1,hvac_drift
582,1,2026-05-26 06:00:00,Evening,7,0.5um,22.55,counts/m3,15,20,1,1,hvac_drift
583,1,2026-05-26 12:00:00,Night,5,0.5um,26.81,counts/m3,15,20,1,1,hvac_drift
584,1,2026-05-26 18:00:00,Night,6,0.5um,26.24,counts/m3,15,20,1,1,hvac_drift
585,1,2026-05-27 00:00:00,Day,1,0.5um,24.33,counts/m3,15,20,1,1,hvac_drift
586,1,2026-05-27 06:00:00,Evening,8,0.5um,20.95,counts/m3,15,20,1,1,hvac_drift
587,1,2026-05-27 12:00:00,Night,6,0.5um,19.63,counts/m3,15,20,1,0,hvac_drift
588,1,2026-05-27 18:00:00,Night,8,0.5um,17.95,counts/m3,15,20,1,0,hvac_drift
589,1,2026-05-28 00:00:00,Day,7,0.5um,15.82,counts/m3,15,20,1,0,hvac_drift
590,1,2026-05-28 06:00:00,Evening,5,0.5um,20.66,counts/m3,15,20,1,1,hvac_drift
591,1,2026-05-28 12:00:00,Night,3,0.5um,24.47,counts/m3,15,20,1,1,hvac_drift
592,1,2026-05-28 18:00:00,Night,6,0.5um,23.44,counts/m3,15,20,1,1,hvac_drift
593,1,2026-05-29 00:00:00,Day,5,0.5um,19.02,counts/m3,15,20,1,0,hvac_drift
594,1,2026-05-29 06:00:00,Evening,4,0.5um,13.82,counts/m3,15,20,0,0,hvac_drift
595,1,2026-05-29 12:00:00,Night,6,0.5um,12.77,counts/m3,15,20,0,0,hvac_drift
596,1,2026-05-29 18:00:00,Night,8,0.5um,14.77,counts/m3,15,20,0,0,hvac_drift
597,1,2026-05-30 00:00:00,Day,2,0.5um,12.84,counts/m3,15,20,0,0,hvac_drift
598,1,2026-05-30 06:00:00,Evening,5,0.5um,12.93,counts/m3,15,20,0,0,hvac_drift
599,1,2026-05-30 12:00:00,Night,7,0.5um,14.24,counts/m3,15,20,0,0,hvac_drift
600,1,2026-05-30 18:00:00,Night,3,0.5um,13.56,counts/m3,15,20,0,0,hvac_drift
601,1,2026-05-31 00:00:00,Day,3,0.5um,12.69,counts/m3,15,20,0,0,hvac_drift
602,1,2026-05-31 06:00:00,Evening,1,0.5um,12.77,counts/m3,15,20,0,0,hvac_drift
603,1,2026-05-31 12:00:00,Night,3,0.5um,13.92,counts/m3,15,20,0,0,hvac_drift
604,1,2026-05-31 18:00:00,Night,5,0.5um,13.09,counts/m3,15,20,0,0,hvac_drift
605,1,2026-06-01 00:00:00,Day,8,0.5um,15.46,counts/m3,15,20,1,0,hvac_drift
606,1,2026-06-01 06:00:00,Evening,5,0.5um,17.93,counts/m3,15,20,1,0,hvac_drift
607,1,2026-06-01 12:00:00,Night,3,0.5um,17.6,counts/m3,15,20,1,0,hvac_drift
608,1,2026-06-01 18:00:00,Night,7,0.5um,15.26,counts/m3,15,20,1,0,hvac_drift
609,1,2026-06-02 00:00:00,Day,2,0.5um,15.73,counts/m3,15,20,1,0,hvac_drift
610,1,2026-06-02 06:00:00,Evening,2,0.5um,18.11,counts/m3,15,20,1,0,hvac_drift
611,1,2026-06-02 12:00:00,Night,5,0.5um,19.57,counts/m3,15,20,1,0,hvac_drift
612,1,2026-06-02 18:00:00,Night,7,0.5um,17.06,counts/m3,15,20,1,0,hvac_drift
613,1,2026-06-03 00:00:00,Day,2,0.5um,18.5,counts/m3,15,20,1,0,hvac_drift
614,1,2026-06-03 06:00:00,Evening,1,0.5um,20.03,counts/m3,15,20,1,1,hvac_drift
615,1,2026-06-03 12:00:00,Night,6,0.5um,18.8,counts/m3,15,20,1,0,hvac_drift
616,1,2026-06-03 18:00:00,Night,5,0.5um,19.51,counts/m3,15,20,1,0,hvac_drift
617,1,2026-06-04 00:00:00,Day,6,0.5um,22.01,counts/m3,15,20,1,1,hvac_drift
618,1,2026-06-04 06:00:00,Evening,4,0.5um,23.43,counts/m3,15,20,1,1,hvac_drift
619,1,2026-06-04 12:00:00,Night,1,0.5um,22.93,counts/m3,15,20,1,1,hvac_drift
620,1,2026-06-04 18:00:00,Night,3,0.5um,21.45,counts/m3,15,20,1,1,hvac_drift
621,1,2026-06-05 00:00:00,Day,4,0.5um,23.91,counts/m3,15,20,1,1,hvac_drift
622,1,2026-06-05 06:00:00,Evening,4,0.5um,20.62,counts/m3,15,20,1,1,hvac_drift
623,1,2026-06-05 12:00:00,Night,8,0.5um,20.3,counts/m3,15,20,1,1,hvac_drift
624,1,2026-06-05 18:00:00,Night,2,0.5um,22.02,counts/m3,15,20,1,1,hvac_drift
625,1,2026-06-06 00:00:00,Day,3,0.5um,26.09,counts/m3,15,20,1,1,hvac_drift
626,1,2026-06-06 06:00:00,Evening,2,0.5um,13.12,counts/m3,15,20,0,0,glove_breach
627,1,2026-06-06 12:00:00,Night,5,0.5um,11.32,counts/m3,15,20,0,0,glove_breach
628,1,2026-06-06 18:00:00,Night,7,0.5um,12.31,counts/m3,15,20,0,0,glove_breach
629,1,2026-06-07 00:00:00,Day,8,0.5um,12.21,counts/m3,15,20,0,0,glove_breach
630,1,2026-06-07 06:00:00,Evening,2,0.5um,11.4,counts/m3,15,20,0,0,glove_breach
631,1,2026-06-07 12:00:00,Night,4,0.5um,11.62,counts/m3,15,20,0,0,glove_breach
632,1,2026-06-07 18:00:00,Night,6,0.5um,13.76,counts/m3,15,20,0,0,glove_breach
633,1,2026-06-08 00:00:00,Day,1,0.5um,14.69,counts/m3,15,20,0,0,glove_breach
634,1,2026-06-08 06:00:00,Evening,6,0.5um,14.59,counts/m3,15,20,0,0,glove_breach
635,1,2026-06-08 12:00:00,Night,2,0.5um,13.8,counts/m3,15,20,0,0,glove_breach
636,1,2026-06-08 18:00:00,Night,1,0.5um,14.8,counts/m3,15,20,0,0,glove_breach
637,1,2026-06-09 00:00:00,Day,1,0.5um,15.41,counts/m3,15,20,1,0,glove_breach
638,1,2026-06-09 06:00:00,Evening,8,0.5um,20.41,counts/m3,15,20,1,1,hvac_drift
639,1,2026-06-09 12:00:00,Night,6,0.5um,24.14,counts/m3,15,20,1,1,hvac_drift
640,1,2026-06-09 18:00:00,Night,7,0.5um,27.35,counts/m3,15,20,1,1,hvac_drift
641,1,2026-06-10 00:00:00,Day,6,0.5um,23.65,counts/m3,15,20,1,1,hvac_drift
642,1,2026-06-10 06:00:00,Evening,7,0.5um,22.61,counts/m3,15,20,1,1,hvac_drift
643,1,2026-06-10 12:00:00,Night,4,0.5um,21.91,counts/m3,15,20,1,1,hvac_drift
644,1,2026-06-10 18:00:00,Night,7,0.5um,16.32,counts/m3,15,20,1,0,hvac_drift
645,1,2026-06-11 00:00:00,Day,1,0.5um,16.32,counts/m3,15,20,1,0,hvac_drift
646,1,2026-06-11 06:00:00,Evening,5,0.5um,22.11,counts/m3,15,20,1,1,hvac_drift
647,1,2026-06-11 12:00:00,Night,7,0.5um,26.92,counts/m3,15,20,1,1,hvac_drift
648,1,2026-06-11 18:00:00,Night,8,0.5um,27.17,counts/m3,15,20,1,1,hvac_drift
649,1,2026-06-12 00:00:00,Day,3,0.5um,26.5,counts/m3,15,20,1,1,hvac_drift
650,1,2026-06-12 06:00:00,Evening,2,0.5um,24.51,counts/m3,15,20,1,1,hvac_drift
651,1,2026-06-12 12:00:00,Night,6,0.5um,22.81,counts/m3,15,20,1,1,hvac_drift
652,1,2026-06-12 18:00:00,Night,1,0.5um,20.22,counts/m3,15,20,1,1,hvac_drift
653,1,2026-06-13 00:00:00,Day,7,0.5um,24.22,counts/m3,15,20,1,1,hvac_drift
654,1,2026-06-13 06:00:00,Evening,6,0.5um,27.72,counts/m3,15,20,1,1,hvac_drift
655,1,2026-06-13 12:00:00,Night,6,0.5um,34.27,counts/m3,15,20,1,1,hvac_drift
656,1,2026-06-13 18:00:00,Night,3,0.5um,33.29,counts/m3,15,20,1,1,hvac_drift
657,1,2026-06-14 00:00:00,Day,1,0.5um,31.41,counts/m3,15,20,1,1,hvac_drift
658,1,2026-06-14 06:00:00,Evening,5,0.5um,29.23,counts/m3,15,20,1,1,hvac_drift
659,1,2026-06-14 12:00:00,Night,3,0.5um,24.39,counts/m3,15,20,1,1,hvac_drift
660,1,2026-06-14 18:00:00,Night,4,0.5um,23.63,counts/m3,15,20,1,1,hvac_drift
661,1,2026-06-15 00:00:00,Day,2,0.5um,19.57,counts/m3,15,20,1,0,hvac_drift
662,1,2026-06-15 06:00:00,Evening,3,0.5um,24.22,counts/m3,15,20,1,1,hvac_drift
663,1,2026-06-15 12:00:00,Night,7,0.5um,29.68,counts/m3,15,20,1,1,hvac_drift
664,1,2026-06-15 18:00:00,Night,8,0.5um,17.44,counts/m3,15,20,1,0,mechanical_friction
665,1,2026-06-16 00:00:00,Day,3,0.5um,17.44,counts/m3,15,20,1,0,mechanical_friction
666,1,2026-06-16 06:00:00,Evening,2,0.5um,13.2,counts/m3,15,20,0,0,mechanical_friction
667,1,2026-06-16 12:00:00,Night,1,0.5um,11.17,counts/m3,15,20,0,0,mechanical_friction
668,1,2026-06-16 18:00:00,Night,2,0.5um,7.26,counts/m3,15,20,0,0,mechanical_friction
669,1,2026-06-17 00:00:00,Day,1,0.5um,6.05,counts/m3,15,20,0,0,mechanical_friction
670,1,2026-06-17 06:00:00,Evening,6,0.5um,12.53,counts/m3,15,20,0,0,mechanical_friction
671,1,2026-06-17 12:00:00,Night,6,0.5um,16.81,counts/m3,15,20,1,0,mechanical_friction
672,1,2026-06-17 18:00:00,Night,7,0.5um,20.54,counts/m3,15,20,1,1,mechanical_friction
673,1,2026-06-18 00:00:00,Day,3,0.5um,14.58,counts/m3,15,20,0,0,mechanical_friction
674,1,2026-06-18 06:00:00,Evening,7,0.5um,13.39,counts/m3,15,20,0,0,mechanical_friction
675,1,2026-06-18 12:00:00,Night,2,0.5um,13.41,counts/m3,15,20,0,0,mechanical_friction
676,1,2026-06-18 18:00:00,Night,2,0.5um,9.54,counts/m3,15,20,0,0,mechanical_friction
677,1,2026-06-19 00:00:00,Day,8,0.5um,7.36,counts/m3,15,20,0,0,mechanical_friction
678,1,2026-06-19 06:00:00,Evening,8,0.5um,11.87,counts/m3,15,20,0,0,mechanical_friction
679,1,2026-06-19 12:00:00,Night,5,0.5um,16.18,counts/m3,15,20,1,0,mechanical_friction
680,1,2026-06-19 18:00:00,Night,5,0.5um,17.93,counts/m3,15,20,1,0,mechanical_friction
681,1,2026-06-20 00:00:00,Day,6,0.5um,16.0,counts/m3,15,20,1,0,mechanical_friction
682,1,2026-06-20 06:00:00,Evening,7,0.5um,13.83,counts/m3,15,20,0,0,mechanical_friction
683,1,2026-06-20 12:00:00,Night,2,0.5um,12.87,counts/m3,15,20,0,0,mechanical_friction
684,1,2026-06-20 18:00:00,Night,1,0.5um,6.97,counts/m3,15,20,0,0,mechanical_friction
685,1,2026-06-21 00:00:00,Day,2,0.5um,7.09,counts/m3,15,20,0,0,mechanical_friction
686,1,2026-06-21 06:00:00,Evening,3,0.5um,11.7,counts/m3,15,20,0,0,mechanical_friction
687,1,2026-06-21 12:00:00,Night,2,0.5um,17.31,counts/m3,15,20,1,0,mechanical_friction
688,1,2026-06-21 18:00:00,Night,5,0.5um,16.43,counts/m3,15,20,1,0,mechanical_friction
689,1,2026-06-22 00:00:00,Day,2,0.5um,14.86,counts/m3,15,20,0,0,mechanical_friction
690,1,2026-06-22 06:00:00,Evening,5,0.5um,10.98,counts/m3,15,20,0,0,mechanical_friction
691,1,2026-06-22 12:00:00,Night,6,0.5um,13.11,counts/m3,15,20,0,0,mechanical_friction
692,1,2026-06-22 18:00:00,Night,1,0.5um,9.54,counts/m3,15,20,0,0,mechanical_friction
693,1,2026-06-23 00:00:00,Day,3,0.5um,8.67,counts/m3,15,20,0,0,mechanical_friction
694,1,2026-06-23 06:00:00,Evening,5,0.5um,13.17,counts/m3,15,20,0,0,mechanical_friction
695,1,2026-06-23 12:00:00,Night,1,0.5um,18.79,counts/m3,15,20,1,0,mechanical_friction
696,1,2026-06-23 18:00:00,Night,6,0.5um,16.91,counts/m3,15,20,1,0,mechanical_friction
697,1,2026-06-24 00:00:00,Day,7,0.5um,12.35,counts/m3,15,20,0,0,mechanical_friction
698,1,2026-06-24 06:00:00,Evening,3,0.5um,7.59,counts/m3,15,20,0,0,none
699,1,2026-06-24 12:00:00,Night,1,0.5um,2.33,counts/m3,15,20,0,0,none
700,1,2026-06-24 18:00:00,Night,5,0.5um,3.37,counts/m3,15,20,0,0,none
701,1,2026-06-25 00:00:00,Day,7,0.5um,2.4,counts/m3,15,20,0,0,none
702,1,2026-06-25 06:00:00,Evening,3,0.5um,0.02,counts/m3,15,20,0,0,none
703,1,2026-06-25 12:00:00,Night,7,0.5um,3.02,counts/m3,15,20,0,0,none
704,1,2026-06-25 18:00:00,Night,7,0.5um,0.02,counts/m3,15,20,0,0,none
705,1,2026-06-26 00:00:00,Day,3,0.5um,1.02,counts/m3,15,20,0,0,none
706,1,2026-06-26 06:00:00,Evening,5,0.5um,0.01,counts/m3,15,20,0,0,none
707,1,2026-06-26 12:00:00,Night,1,0.5um,0.01,counts/m3,15,20,0,0,none
708,1,2026-06-26 18:00:00,Night,5,0.5um,1.01,counts/m3,15,20,0,0,none
709,1,2026-06-27 00:00:00,Day,8,0.5um,2.01,counts/m3,15,20,0,0,none
710,1,2026-06-27 06:00:00,Evening,8,0.5um,2.01,counts/m3,15,20,0,0,none
711,1,2026-06-27 12:00:00,Night,2,0.5um,2.01,counts/m3,15,20,0,0,none
712,1,2026-06-27 18:00:00,Night,6,0.5um,0.01,counts/m3,15,20,0,0,none
713,1,2026-06-28 00:00:00,Day,1,0.5um,1.01,counts/m3,15,20,0,0,none
714,1,2026-06-28 06:00:00,Evening,3,0.5um,1.0,counts/m3,15,20,0,0,none
715,1,2026-06-28 12:00:00,Night,7,0.5um,0.0,counts/m3,15,20,0,0,none
716,1,2026-06-28 18:00:00,Night,6,0.5um,1.0,counts/m3,15,20,0,0,none
717,1,2026-06-29 00:00:00,Day,4,0.5um,0.0,counts/m3,15,20,0,0,none
718,1,2026-06-29 06:00:00,Evening,8,0.5um,0.0,counts/m3,15,20,0,0,none
719,1,2026-06-29 12:00:00,Night,7,0.5um,1.0,counts/m3,15,20,0,0,none
720,1,2026-06-29 18:00:00,Night,1,0.5um,1.0,counts/m3,15,20,0,0,none
721,2,2026-01-01 00:00:00,Day,1,0.5um,3.0,counts/m3,15,20,0,0,none
722,2,2026-01-01 06:00:00,Evening,6,0.5um,6.0,counts/m3,15,20,0,0,none
723,2,2026-01-01 12:00:00,Night,8,0.5um,0.0,counts/m3,15,20,0,0,none
724,2,2026-01-01 18:00:00,Night,2,0.5um,0.0,counts/m3,15,20,0,0,none
725,2,2026-01-02 00:00:00,Day,5,0.5um,1.0,counts/m3,15,20,0,0,none
726,2,2026-01-02 06:00:00,Evening,7,0.5um,1.0,counts/m3,15,20,0,0,hvac_drift
727,2,2026-01-02 12:00:00,Night,7,0.5um,2.21,counts/m3,15,20,0,0,hvac_drift
728,2,2026-01-02 18:00:00,Night,6,0.5um,0.41,counts/m3,15,20,0,0,hvac_drift
729,2,2026-01-03 00:00:00,Day,8,0.5um,5.61,counts/m3,15,20,0,0,hvac_drift
730,2,2026-01-03 06:00:00,Evening,8,0.5um,1.82,counts/m3,15,20,0,0,hvac_drift
731,2,2026-01-03 12:00:00,Night,7,0.5um,3.02,counts/m3,15,20,0,0,hvac_drift
732,2,2026-01-03 18:00:00,Night,6,0.5um,2.23,counts/m3,15,20,0,0,hvac_drift
733,2,2026-01-04 00:00:00,Day,8,0.5um,1.43,counts/m3,15,20,0,0,hvac_drift
734,2,2026-01-04 06:00:00,Evening,1,0.5um,1.63,counts/m3,15,20,0,0,hvac_drift
735,2,2026-01-04 12:00:00,Night,1,0.5um,1.84,counts/m3,15,20,0,0,hvac_drift
736,2,2026-01-04 18:00:00,Night,5,0.5um,5.04,counts/m3,15,20,0,0,hvac_drift
737,2,2026-01-05 00:00:00,Day,6,0.5um,2.25,counts/m3,15,20,0,0,hvac_drift
738,2,2026-01-05 06:00:00,Evening,8,0.5um,2.45,counts/m3,15,20,0,0,hvac_drift
739,2,2026-01-05 12:00:00,Night,6,0.5um,3.65,counts/m3,15,20,0,0,hvac_drift
740,2,2026-01-05 18:00:00,Night,2,0.5um,3.86,counts/m3,15,20,0,0,hvac_drift
741,2,2026-01-06 00:00:00,Day,8,0.5um,5.06,counts/m3,15,20,0,0,hvac_drift
742,2,2026-01-06 06:00:00,Evening,1,0.5um,3.27,counts/m3,15,20,0,0,hvac_drift
743,2,2026-01-06 12:00:00,Night,1,0.5um,4.47,counts/m3,15,20,0,0,hvac_drift
744,2,2026-01-06 18:00:00,Night,6,0.5um,4.67,counts/m3,15,20,0,0,hvac_drift
745,2,2026-01-07 00:00:00,Day,8,0.5um,3.88,counts/m3,15,20,0,0,hvac_drift
746,2,2026-01-07 06:00:00,Evening,5,0.5um,6.08,counts/m3,15,20,0,0,hvac_drift
747,2,2026-01-07 12:00:00,Night,2,0.5um,5.29,counts/m3,15,20,0,0,hvac_drift
748,2,2026-01-07 18:00:00,Night,1,0.5um,4.49,counts/m3,15,20,0,0,hvac_drift
749,2,2026-01-08 00:00:00,Day,8,0.5um,6.69,counts/m3,15,20,0,0,hvac_drift
750,2,2026-01-08 06:00:00,Evening,3,0.5um,5.0,counts/m3,15,20,0,0,hvac_drift
751,2,2026-01-08 12:00:00,Night,6,0.5um,7.2,counts/m3,15,20,0,0,hvac_drift
752,2,2026-01-08 18:00:00,Night,3,0.5um,6.39,counts/m3,15,20,0,0,hvac_drift
753,2,2026-01-09 00:00:00,Day,2,0.5um,6.59,counts/m3,15,20,0,0,hvac_drift
754,2,2026-01-09 06:00:00,Evening,6,0.5um,5.79,counts/m3,15,20,0,0,hvac_drift
755,2,2026-01-09 12:00:00,Night,6,0.5um,11.29,counts/m3,15,20,0,0,hvac_drift
756,2,2026-01-09 18:00:00,Night,4,0.5um,14.09,counts/m3,15,20,0,0,hvac_drift
757,2,2026-01-10 00:00:00,Day,5,0.5um,11.93,counts/m3,15,20,0,0,hvac_drift
758,2,2026-01-10 06:00:00,Evening,4,0.5um,11.81,counts/m3,15,20,0,0,hvac_drift
759,2,2026-01-10 12:00:00,Night,5,0.5um,10.72,counts/m3,15,20,0,0,hvac_drift
760,2,2026-01-10 18:00:00,Night,7,0.5um,9.66,counts/m3,15,20,0,0,hvac_drift
761,2,2026-01-11 00:00:00,Day,6,0.5um,11.33,counts/m3,15,20,0,0,hvac_drift
762,2,2026-01-11 06:00:00,Evening,3,0.5um,13.88,counts/m3,15,20,0,0,hvac_drift
763,2,2026-01-11 12:00:00,Night,2,0.5um,10.8,counts/m3,15,20,0,0,hvac_drift
764,2,2026-01-11 18:00:00,Night,6,0.5um,10.45,counts/m3,15,20,0,0,hvac_drift
765,2,2026-01-12 00:00:00,Day,6,0.5um,10.4,counts/m3,15,20,0,0,hvac_drift
766,2,2026-01-12 06:00:00,Evening,3,0.5um,12.37,counts/m3,15,20,0,0,hvac_drift
767,2,2026-01-12 12:00:00,Night,7,0.5um,12.08,counts/m3,15,20,0,0,hvac_drift
768,2,2026-01-12 18:00:00,Night,4,0.5um,10.07,counts/m3,15,20,0,0,hvac_drift
769,2,2026-01-13 00:00:00,Day,3,0.5um,12.74,counts/m3,15,20,0,0,hvac_drift
770,2,2026-01-13 06:00:00,Evening,5,0.5um,14.42,counts/m3,15,20,0,0,hvac_drift
771,2,2026-01-13 12:00:00,Night,2,0.5um,11.69,counts/m3,15,20,0,0,hvac_drift
772,2,2026-01-13 18:00:00,Night,6,0.5um,12.69,counts/m3,15,20,0,0,hvac_drift
773,2,2026-01-14 00:00:00,Day,8,0.5um,13.97,counts/m3,15,20,0,0,hvac_drift
774,2,2026-01-14 06:00:00,Evening,8,0.5um,15.26,counts/m3,15,20,1,0,hvac_drift
775,2,2026-01-14 12:00:00,Night,4,0.5um,15.28,counts/m3,15,20,1,0,hvac_drift
776,2,2026-01-14 18:00:00,Night,3,0.5um,13.58,counts/m3,15,20,0,0,hvac_drift
777,2,2026-01-15 00:00:00,Day,4,0.5um,13.56,counts/m3,15,20,0,0,hvac_drift
778,2,2026-01-15 06:00:00,Evening,1,0.5um,14.53,counts/m3,15,20,0,0,hvac_drift
779,2,2026-01-15 12:00:00,Night,6,0.5um,15.85,counts/m3,15,20,1,0,hvac_drift
780,2,2026-01-15 18:00:00,Night,4,0.5um,15.89,counts/m3,15,20,1,0,hvac_drift
781,2,2026-01-16 00:00:00,Day,1,0.5um,17.22,counts/m3,15,20,1,0,hvac_drift
782,2,2026-01-16 06:00:00,Evening,5,0.5um,17.55,counts/m3,15,20,1,0,hvac_drift
783,2,2026-01-16 12:00:00,Night,6,0.5um,15.69,counts/m3,15,20,1,0,hvac_drift
784,2,2026-01-16 18:00:00,Night,2,0.5um,21.1,counts/m3,15,20,1,1,hvac_drift
785,2,2026-01-17 00:00:00,Day,4,0.5um,18.93,counts/m3,15,20,1,0,hvac_drift
786,2,2026-01-17 06:00:00,Evening,8,0.5um,5.8,counts/m3,15,20,0,0,hvac_drift
787,2,2026-01-17 12:00:00,Night,6,0.5um,7.92,counts/m3,15,20,0,0,hvac_drift
788,2,2026-01-17 18:00:00,Night,7,0.5um,7.77,counts/m3,15,20,0,0,hvac_drift
789,2,2026-01-18 00:00:00,Day,4,0.5um,6.88,counts/m3,15,20,0,0,hvac_drift
790,2,2026-01-18 06:00:00,Evening,4,0.5um,7.04,counts/m3,15,20,0,0,hvac_drift
791,2,2026-01-18 12:00:00,Night,4,0.5um,9.0,counts/m3,15,20,0,0,hvac_drift
792,2,2026-01-18 18:00:00,Night,4,0.5um,6.25,counts/m3,15,20,0,0,hvac_drift
793,2,2026-01-19 00:00:00,Day,2,0.5um,9.07,counts/m3,15,20,0,0,hvac_drift
794,2,2026-01-19 06:00:00,Evening,1,0.5um,7.85,counts/m3,15,20,0,0,hvac_drift
795,2,2026-01-19 12:00:00,Night,7,0.5um,10.01,counts/m3,15,20,0,0,hvac_drift
796,2,2026-01-19 18:00:00,Night,5,0.5um,9.9,counts/m3,15,20,0,0,hvac_drift
797,2,2026-01-20 00:00:00,Day,5,0.5um,9.02,counts/m3,15,20,0,0,hvac_drift
798,2,2026-01-20 06:00:00,Evening,5,0.5um,11.18,counts/m3,15,20,0,0,hvac_drift
799,2,2026-01-20 12:00:00,Night,4,0.5um,10.92,counts/m3,15,20,0,0,hvac_drift
800,2,2026-01-20 18:00:00,Night,8,0.5um,9.1,counts/m3,15,20,0,0,hvac_drift
801,2,2026-01-21 00:00:00,Day,4,0.5um,9.86,counts/m3,15,20,0,0,hvac_drift
802,2,2026-01-21 06:00:00,Evening,5,0.5um,14.59,counts/m3,15,20,0,0,hvac_drift
803,2,2026-01-21 12:00:00,Night,5,0.5um,11.7,counts/m3,15,20,0,0,hvac_drift
804,2,2026-01-21 18:00:00,Night,2,0.5um,11.54,counts/m3,15,20,0,0,hvac_drift
805,2,2026-01-22 00:00:00,Day,2,0.5um,12.62,counts/m3,15,20,0,0,hvac_drift
806,2,2026-01-22 06:00:00,Evening,2,0.5um,12.46,counts/m3,15,20,0,0,hvac_drift
807,2,2026-01-22 12:00:00,Night,3,0.5um,14.33,counts/m3,15,20,0,0,hvac_drift
808,2,2026-01-22 18:00:00,Night,2,0.5um,11.49,counts/m3,15,20,0,0,hvac_drift
809,2,2026-01-23 00:00:00,Day,2,0.5um,12.23,counts/m3,15,20,0,0,hvac_drift
810,2,2026-01-23 06:00:00,Evening,8,0.5um,12.95,counts/m3,15,20,0,0,hvac_drift
811,2,2026-01-23 12:00:00,Night,3,0.5um,16.97,counts/m3,15,20,1,0,hvac_drift
812,2,2026-01-23 18:00:00,Night,7,0.5um,16.42,counts/m3,15,20,1,0,hvac_drift
813,2,2026-01-24 00:00:00,Day,4,0.5um,17.16,counts/m3,15,20,1,0,hvac_drift
814,2,2026-01-24 06:00:00,Evening,7,0.5um,16.69,counts/m3,15,20,1,0,hvac_drift
815,2,2026-01-24 12:00:00,Night,7,0.5um,18.47,counts/m3,15,20,1,0,hvac_drift
816,2,2026-01-24 18:00:00,Night,7,0.5um,17.36,counts/m3,15,20,1,0,hvac_drift
817,2,2026-01-25 00:00:00,Day,3,0.5um,17.85,counts/m3,15,20,1,0,hvac_drift
818,2,2026-01-25 06:00:00,Evening,1,0.5um,17.35,counts/m3,15,20,1,0,hvac_drift
819,2,2026-01-25 12:00:00,Night,3,0.5um,17.24,counts/m3,15,20,1,0,hvac_drift
820,2,2026-01-25 18:00:00,Night,6,0.5um,15.88,counts/m3,15,20,1,0,hvac_drift
821,2,2026-01-26 00:00:00,Day,6,0.5um,15.07,counts/m3,15,20,1,0,hvac_drift
822,2,2026-01-26 06:00:00,Evening,6,0.5um,16.13,counts/m3,15,20,1,0,hvac_drift
823,2,2026-01-26 12:00:00,Night,8,0.5um,17.29,counts/m3,15,20,1,0,hvac_drift
824,2,2026-01-26 18:00:00,Night,2,0.5um,16.47,counts/m3,15,20,1,0,hvac_drift
825,2,2026-01-27 00:00:00,Day,4,0.5um,15.58,counts/m3,15,20,1,0,hvac_drift
826,2,2026-01-27 06:00:00,Evening,4,0.5um,17.66,counts/m3,15,20,1,0,hvac_drift
827,2,2026-01-27 12:00:00,Night,2,0.5um,16.79,counts/m3,15,20,1,0,hvac_drift
828,2,2026-01-27 18:00:00,Night,6,0.5um,17.94,counts/m3,15,20,1,0,hvac_drift
829,2,2026-01-28 00:00:00,Day,1,0.5um,17.06,counts/m3,15,20,1,0,hvac_drift
830,2,2026-01-28 06:00:00,Evening,8,0.5um,4.92,counts/m3,15,20,0,0,none
831,2,2026-01-28 12:00:00,Night,1,0.5um,2.94,counts/m3,15,20,0,0,none
832,2,2026-01-28 18:00:00,Night,1,0.5um,1.97,counts/m3,15,20,0,0,none
833,2,2026-01-29 00:00:00,Day,2,0.5um,1.92,counts/m3,15,20,0,0,none
834,2,2026-01-29 06:00:00,Evening,8,0.5um,3.84,counts/m3,15,20,0,0,none
835,2,2026-01-29 12:00:00,Night,7,0.5um,4.8,counts/m3,15,20,0,0,none
836,2,2026-01-29 18:00:00,Night,8,0.5um,3.76,counts/m3,15,20,0,0,none
837,2,2026-01-30 00:00:00,Day,7,0.5um,2.85,counts/m3,15,20,0,0,none
838,2,2026-01-30 06:00:00,Evening,8,0.5um,3.8,counts/m3,15,20,0,0,none
839,2,2026-01-30 12:00:00,Night,4,0.5um,2.86,counts/m3,15,20,0,0,none
840,2,2026-01-30 18:00:00,Night,1,0.5um,3.91,counts/m3,15,20,0,0,none
841,2,2026-01-31 00:00:00,Day,4,0.5um,3.89,counts/m3,15,20,0,0,none
842,2,2026-01-31 06:00:00,Evening,2,0.5um,1.83,counts/m3,15,20,0,0,none
843,2,2026-01-31 12:00:00,Night,2,0.5um,1.71,counts/m3,15,20,0,0,none
844,2,2026-01-31 18:00:00,Night,6,0.5um,1.74,counts/m3,15,20,0,0,none
845,2,2026-02-01 00:00:00,Day,2,0.5um,3.77,counts/m3,15,20,0,0,none
846,2,2026-02-01 06:00:00,Evening,3,0.5um,2.44,counts/m3,15,20,0,0,none
847,2,2026-02-01 12:00:00,Night,4,0.5um,3.41,counts/m3,15,20,0,0,none
848,2,2026-02-01 18:00:00,Night,1,0.5um,1.87,counts/m3,15,20,0,0,none
849,2,2026-02-02 00:00:00,Day,6,0.5um,1.83,counts/m3,15,20,0,0,none
850,2,2026-02-02 06:00:00,Evening,7,0.5um,6.33,counts/m3,15,20,0,0,none
851,2,2026-02-02 12:00:00,Night,5,0.5um,5.87,counts/m3,15,20,0,0,none
852,2,2026-02-02 18:00:00,Night,1,0.5um,7.46,counts/m3,15,20,0,0,none
853,2,2026-02-03 00:00:00,Day,7,0.5um,5.09,counts/m3,15,20,0,0,none
854,2,2026-02-03 06:00:00,Evening,4,0.5um,3.76,counts/m3,15,20,0,0,none
855,2,2026-02-03 12:00:00,Night,3,0.5um,3.47,counts/m3,15,20,0,0,none
856,2,2026-02-03 18:00:00,Night,8,0.5um,3.21,counts/m3,15,20,0,0,none
857,2,2026-02-04 00:00:00,Day,7,0.5um,6.97,counts/m3,15,20,0,0,none
858,2,2026-02-04 06:00:00,Evening,4,0.5um,7.28,counts/m3,15,20,0,0,none
859,2,2026-02-04 12:00:00,Night,4,0.5um,6.85,counts/m3,15,20,0,0,none
860,2,2026-02-04 18:00:00,Night,8,0.5um,9.47,counts/m3,15,20,0,0,none
861,2,2026-02-05 00:00:00,Day,2,0.5um,5.12,counts/m3,15,20,0,0,none
862,2,2026-02-05 06:00:00,Evening,4,0.5um,4.81,counts/m3,15,20,0,0,none
863,2,2026-02-05 12:00:00,Night,5,0.5um,4.54,counts/m3,15,20,0,0,none
864,2,2026-02-05 18:00:00,Night,3,0.5um,4.29,counts/m3,15,20,0,0,none
865,2,2026-02-06 00:00:00,Day,3,0.5um,4.07,counts/m3,15,20,0,0,none
866,2,2026-02-06 06:00:00,Evening,1,0.5um,2.87,counts/m3,15,20,0,0,none
867,2,2026-02-06 12:00:00,Night,3,0.5um,4.7,counts/m3,15,20,0,0,none
868,2,2026-02-06 18:00:00,Night,3,0.5um,4.54,counts/m3,15,20,0,0,none
869,2,2026-02-07 00:00:00,Day,7,0.5um,3.4,counts/m3,15,20,0,0,none
870,2,2026-02-07 06:00:00,Evening,3,0.5um,3.28,counts/m3,15,20,0,0,none
871,2,2026-02-07 12:00:00,Night,2,0.5um,2.16,counts/m3,15,20,0,0,none
872,2,2026-02-07 18:00:00,Night,7,0.5um,2.2,counts/m3,15,20,0,0,none
873,2,2026-02-08 00:00:00,Day,3,0.5um,3.23,counts/m3,15,20,0,0,none
874,2,2026-02-08 06:00:00,Evening,8,0.5um,3.14,counts/m3,15,20,0,0,none
875,2,2026-02-08 12:00:00,Night,1,0.5um,3.01,counts/m3,15,20,0,0,none
876,2,2026-02-08 18:00:00,Night,1,0.5um,2.94,counts/m3,15,20,0,0,none
877,2,2026-02-09 00:00:00,Day,8,0.5um,3.87,counts/m3,15,20,0,0,none
878,2,2026-02-09 06:00:00,Evening,1,0.5um,1.77,counts/m3,15,20,0,0,none
879,2,2026-02-09 12:00:00,Night,1,0.5um,3.72,counts/m3,15,20,0,0,none
880,2,2026-02-09 18:00:00,Night,6,0.5um,1.8,counts/m3,15,20,0,0,none
881,2,2026-02-10 00:00:00,Day,3,0.5um,3.89,counts/m3,15,20,0,0,none
882,2,2026-02-10 06:00:00,Evening,4,0.5um,3.85,counts/m3,15,20,0,0,none
883,2,2026-02-10 12:00:00,Night,4,0.5um,2.79,counts/m3,15,20,0,0,none
884,2,2026-02-10 18:00:00,Night,3,0.5um,1.79,counts/m3,15,20,0,0,none
885,2,2026-02-11 00:00:00,Day,4,0.5um,1.76,counts/m3,15,20,0,0,none
886,2,2026-02-11 06:00:00,Evening,3,0.5um,2.68,counts/m3,15,20,0,0,none
887,2,2026-02-11 12:00:00,Night,2,0.5um,1.66,counts/m3,15,20,0,0,none
888,2,2026-02-11 18:00:00,Night,2,0.5um,2.77,counts/m3,15,20,0,0,none
889,2,2026-02-12 00:00:00,Day,1,0.5um,4.88,counts/m3,15,20,0,0,none
890,2,2026-02-12 06:00:00,Evening,5,0.5um,1.86,counts/m3,15,20,0,0,none
891,2,2026-02-12 12:00:00,Night,5,0.5um,2.82,counts/m3,15,20,0,0,none
892,2,2026-02-12 18:00:00,Night,1,0.5um,1.84,counts/m3,15,20,0,0,none
893,2,2026-02-13 00:00:00,Day,4,0.5um,1.88,counts/m3,15,20,0,0,none
894,2,2026-02-13 06:00:00,Evening,6,0.5um,1.85,counts/m3,15,20,0,0,none
895,2,2026-02-13 12:00:00,Night,1,0.5um,2.84,counts/m3,15,20,0,0,none
896,2,2026-02-13 18:00:00,Night,3,0.5um,1.94,counts/m3,15,20,0,0,none
897,2,2026-02-14 00:00:00,Day,8,0.5um,4.05,counts/m3,15,20,0,0,none
898,2,2026-02-14 06:00:00,Evening,4,0.5um,3.04,counts/m3,15,20,0,0,none
899,2,2026-02-14 12:00:00,Night,1,0.5um,3.99,counts/m3,15,20,0,0,none
900,2,2026-02-14 18:00:00,Night,5,0.5um,7.0,counts/m3,15,20,0,0,none
901,2,2026-02-15 00:00:00,Day,4,0.5um,5.04,counts/m3,15,20,0,0,none
902,2,2026-02-15 06:00:00,Evening,2,0.5um,3.02,counts/m3,15,20,0,0,none
903,2,2026-02-15 12:00:00,Night,1,0.5um,1.17,counts/m3,15,20,0,0,none
904,2,2026-02-15 18:00:00,Night,8,0.5um,2.25,counts/m3,15,20,0,0,none
905,2,2026-02-16 00:00:00,Day,7,0.5um,1.33,counts/m3,15,20,0,0,hvac_drift
906,2,2026-02-16 06:00:00,Evening,6,0.5um,2.53,counts/m3,15,20,0,0,hvac_drift
907,2,2026-02-16 12:00:00,Night,1,0.5um,0.68,counts/m3,15,20,0,0,hvac_drift
908,2,2026-02-16 18:00:00,Night,7,0.5um,0.9,counts/m3,15,20,0,0,hvac_drift
909,2,2026-02-17 00:00:00,Day,4,0.5um,4.14,counts/m3,15,20,0,0,hvac_drift
910,2,2026-02-17 06:00:00,Evening,4,0.5um,3.32,counts/m3,15,20,0,0,hvac_drift
911,2,2026-02-17 12:00:00,Night,8,0.5um,1.52,counts/m3,15,20,0,0,hvac_drift
912,2,2026-02-17 18:00:00,Night,4,0.5um,3.83,counts/m3,15,20,0,0,hvac_drift
913,2,2026-02-18 00:00:00,Day,2,0.5um,4.21,counts/m3,15,20,0,0,hvac_drift
914,2,2026-02-18 06:00:00,Evening,2,0.5um,2.47,counts/m3,15,20,0,0,hvac_drift
915,2,2026-02-18 12:00:00,Night,8,0.5um,3.68,counts/m3,15,20,0,0,hvac_drift
916,2,2026-02-18 18:00:00,Night,5,0.5um,6.33,counts/m3,15,20,0,0,hvac_drift
917,2,2026-02-19 00:00:00,Day,5,0.5um,8.31,counts/m3,15,20,0,0,hvac_drift
918,2,2026-02-19 06:00:00,Evening,5,0.5um,7.26,counts/m3,15,20,0,0,hvac_drift
919,2,2026-02-19 12:00:00,Night,2,0.5um,8.26,counts/m3,15,20,0,0,hvac_drift
920,2,2026-02-19 18:00:00,Night,4,0.5um,8.4,counts/m3,15,20,0,0,hvac_drift
921,2,2026-02-20 00:00:00,Day,8,0.5um,8.57,counts/m3,15,20,0,0,hvac_drift
922,2,2026-02-20 06:00:00,Evening,2,0.5um,6.64,counts/m3,15,20,0,0,hvac_drift
923,2,2026-02-20 12:00:00,Night,8,0.5um,7.68,counts/m3,15,20,0,0,hvac_drift
924,2,2026-02-20 18:00:00,Night,3,0.5um,6.81,counts/m3,15,20,0,0,hvac_drift
925,2,2026-02-21 00:00:00,Day,3,0.5um,7.14,counts/m3,15,20,0,0,hvac_drift
926,2,2026-02-21 06:00:00,Evening,1,0.5um,8.25,counts/m3,15,20,0,0,hvac_drift
927,2,2026-02-21 12:00:00,Night,6,0.5um,8.4,counts/m3,15,20,0,0,hvac_drift
928,2,2026-02-21 18:00:00,Night,3,0.5um,7.66,counts/m3,15,20,0,0,hvac_drift
929,2,2026-02-22 00:00:00,Day,4,0.5um,8.95,counts/m3,15,20,0,0,hvac_drift
930,2,2026-02-22 06:00:00,Evening,5,0.5um,9.13,counts/m3,15,20,0,0,hvac_drift
931,2,2026-02-22 12:00:00,Night,6,0.5um,8.27,counts/m3,15,20,0,0,hvac_drift
932,2,2026-02-22 18:00:00,Night,8,0.5um,8.35,counts/m3,15,20,0,0,hvac_drift
933,2,2026-02-23 00:00:00,Day,5,0.5um,9.62,counts/m3,15,20,0,0,hvac_drift
934,2,2026-02-23 06:00:00,Evening,2,0.5um,10.88,counts/m3,15,20,0,0,hvac_drift
935,2,2026-02-23 12:00:00,Night,6,0.5um,10.11,counts/m3,15,20,0,0,hvac_drift
936,2,2026-02-23 18:00:00,Night,1,0.5um,10.34,counts/m3,15,20,0,0,hvac_drift
937,2,2026-02-24 00:00:00,Day,7,0.5um,10.58,counts/m3,15,20,0,0,hvac_drift
938,2,2026-02-24 06:00:00,Evening,3,0.5um,11.83,counts/m3,15,20,0,0,hvac_drift
939,2,2026-02-24 12:00:00,Night,6,0.5um,12.08,counts/m3,15,20,0,0,hvac_drift
940,2,2026-02-24 18:00:00,Night,2,0.5um,14.36,counts/m3,15,20,0,0,hvac_drift
941,2,2026-02-25 00:00:00,Day,4,0.5um,11.67,counts/m3,15,20,0,0,hvac_drift
942,2,2026-02-25 06:00:00,Evening,6,0.5um,10.96,counts/m3,15,20,0,0,hvac_drift
943,2,2026-02-25 12:00:00,Night,5,0.5um,13.21,counts/m3,15,20,0,0,hvac_drift
944,2,2026-02-25 18:00:00,Night,1,0.5um,13.47,counts/m3,15,20,0,0,hvac_drift
945,2,2026-02-26 00:00:00,Day,1,0.5um,13.74,counts/m3,15,20,0,0,hvac_drift
946,2,2026-02-26 06:00:00,Evening,8,0.5um,12.02,counts/m3,15,20,0,0,hvac_drift
947,2,2026-02-26 12:00:00,Night,5,0.5um,12.28,counts/m3,15,20,0,0,hvac_drift
948,2,2026-02-26 18:00:00,Night,7,0.5um,13.56,counts/m3,15,20,0,0,hvac_drift
949,2,2026-02-27 00:00:00,Day,1,0.5um,13.89,counts/m3,15,20,0,0,hvac_drift
950,2,2026-02-27 06:00:00,Evening,4,0.5um,15.21,counts/m3,15,20,1,0,hvac_drift
951,2,2026-02-27 12:00:00,Night,5,0.5um,14.5,counts/m3,15,20,0,0,hvac_drift
952,2,2026-02-27 18:00:00,Night,8,0.5um,15.77,counts/m3,15,20,1,0,hvac_drift
953,2,2026-02-28 00:00:00,Day,6,0.5um,14.01,counts/m3,15,20,0,0,hvac_drift
954,2,2026-02-28 06:00:00,Evening,6,0.5um,16.31,counts/m3,15,20,1,0,hvac_drift
955,2,2026-02-28 12:00:00,Night,3,0.5um,15.6,counts/m3,15,20,1,0,hvac_drift
956,2,2026-02-28 18:00:00,Night,8,0.5um,15.9,counts/m3,15,20,1,0,hvac_drift
957,2,2026-03-01 00:00:00,Day,3,0.5um,16.19,counts/m3,15,20,1,0,hvac_drift
958,2,2026-03-01 06:00:00,Evening,3,0.5um,16.54,counts/m3,15,20,1,0,hvac_drift
959,2,2026-03-01 12:00:00,Night,6,0.5um,16.88,counts/m3,15,20,1,0,hvac_drift
960,2,2026-03-01 18:00:00,Night,8,0.5um,24.03,counts/m3,15,20,1,1,mechanical_friction
961,2,2026-03-02 00:00:00,Day,7,0.5um,30.85,counts/m3,15,20,1,1,mechanical_friction
962,2,2026-03-02 06:00:00,Evening,2,0.5um,30.26,counts/m3,15,20,1,1,mechanical_friction
963,2,2026-03-02 12:00:00,Night,7,0.5um,27.01,counts/m3,15,20,1,1,mechanical_friction
964,2,2026-03-02 18:00:00,Night,3,0.5um,25.42,counts/m3,15,20,1,1,mechanical_friction
965,2,2026-03-03 00:00:00,Day,2,0.5um,10.57,counts/m3,15,20,0,0,mechanical_friction
966,2,2026-03-03 06:00:00,Evening,8,0.5um,8.04,counts/m3,15,20,0,0,mechanical_friction
967,2,2026-03-03 12:00:00,Night,8,0.5um,10.16,counts/m3,15,20,0,0,mechanical_friction
968,2,2026-03-03 18:00:00,Night,3,0.5um,13.71,counts/m3,15,20,0,0,mechanical_friction
969,2,2026-03-04 00:00:00,Day,1,0.5um,18.25,counts/m3,15,20,1,0,mechanical_friction
970,2,2026-03-04 06:00:00,Evening,2,0.5um,16.4,counts/m3,15,20,1,0,mechanical_friction
971,2,2026-03-04 12:00:00,Night,5,0.5um,13.89,counts/m3,15,20,0,0,mechanical_friction
972,2,2026-03-04 18:00:00,Night,1,0.5um,15.97,counts/m3,15,20,1,0,mechanical_friction
973,2,2026-03-05 00:00:00,Day,2,0.5um,19.35,counts/m3,15,20,1,0,mechanical_friction
974,2,2026-03-05 06:00:00,Evening,2,0.5um,14.88,counts/m3,15,20,0,0,mechanical_friction
975,2,2026-03-05 12:00:00,Night,8,0.5um,10.5,counts/m3,15,20,0,0,mechanical_friction
976,2,2026-03-05 18:00:00,Night,3,0.5um,15.09,counts/m3,15,20,1,0,mechanical_friction
977,2,2026-03-06 00:00:00,Day,4,0.5um,19.7,counts/m3,15,20,1,0,mechanical_friction
978,2,2026-03-06 06:00:00,Evening,4,0.5um,15.33,counts/m3,15,20,1,0,mechanical_friction
979,2,2026-03-06 12:00:00,Night,1,0.5um,10.87,counts/m3,15,20,0,0,mechanical_friction
980,2,2026-03-06 18:00:00,Night,5,0.5um,16.27,counts/m3,15,20,1,0,mechanical_friction
981,2,2026-03-07 00:00:00,Day,8,0.5um,20.66,counts/m3,15,20,1,1,mechanical_friction
982,2,2026-03-07 06:00:00,Evening,7,0.5um,15.21,counts/m3,15,20,1,0,mechanical_friction
983,2,2026-03-07 12:00:00,Night,3,0.5um,10.18,counts/m3,15,20,0,0,mechanical_friction
984,2,2026-03-07 18:00:00,Night,1,0.5um,14.79,counts/m3,15,20,0,0,mechanical_friction
985,2,2026-03-08 00:00:00,Day,7,0.5um,23.35,counts/m3,15,20,1,1,mechanical_friction
986,2,2026-03-08 06:00:00,Evening,7,0.5um,16.04,counts/m3,15,20,1,0,mechanical_friction
987,2,2026-03-08 12:00:00,Night,8,0.5um,19.95,counts/m3,15,20,1,0,mechanical_friction
988,2,2026-03-08 18:00:00,Night,5,0.5um,28.49,counts/m3,15,20,1,1,mechanical_friction
989,2,2026-03-09 00:00:00,Day,4,0.5um,31.07,counts/m3,15,20,1,1,mechanical_friction
990,2,2026-03-09 06:00:00,Evening,7,0.5um,24.34,counts/m3,15,20,1,1,mechanical_friction
991,2,2026-03-09 12:00:00,Night,6,0.5um,18.16,counts/m3,15,20,1,0,mechanical_friction
992,2,2026-03-09 18:00:00,Night,7,0.5um,24.96,counts/m3,15,20,1,1,mechanical_friction
993,2,2026-03-10 00:00:00,Day,3,0.5um,22.29,counts/m3,15,20,1,1,mechanical_friction
994,2,2026-03-10 06:00:00,Evening,8,0.5um,18.11,counts/m3,15,20,1,0,mechanical_friction
995,2,2026-03-10 12:00:00,Night,1,0.5um,18.8,counts/m3,15,20,1,0,mechanical_friction
996,2,2026-03-10 18:00:00,Night,1,0.5um,28.34,counts/m3,15,20,1,1,mechanical_friction
997,2,2026-03-11 00:00:00,Day,6,0.5um,32.15,counts/m3,15,20,1,1,mechanical_friction
998,2,2026-03-11 06:00:00,Evening,5,0.5um,25.64,counts/m3,15,20,1,1,mechanical_friction
999,2,2026-03-11 12:00:00,Night,5,0.5um,19.68,counts/m3,15,20,1,0,mechanical_friction
1000,2,2026-03-11 18:00:00,Night,8,0.5um,22.71,counts/m3,15,20,1,1,mechanical_friction
1001,2,2026-03-12 00:00:00,Day,7,0.5um,25.27,counts/m3,15,20,1,1,mechanical_friction
1002,2,2026-03-12 06:00:00,Evening,6,0.5um,20.31,counts/m3,15,20,1,1,mechanical_friction
1003,2,2026-03-12 12:00:00,Night,2,0.5um,22.22,counts/m3,15,20,1,1,mechanical_friction
1004,2,2026-03-12 18:00:00,Night,1,0.5um,33.99,counts/m3,15,20,1,1,mechanical_friction
1005,2,2026-03-13 00:00:00,Day,2,0.5um,34.8,counts/m3,15,20,1,1,mechanical_friction
1006,2,2026-03-13 06:00:00,Evening,5,0.5um,28.29,counts/m3,15,20,1,1,mechanical_friction
1007,2,2026-03-13 12:00:00,Night,6,0.5um,22.34,counts/m3,15,20,1,1,mechanical_friction
1008,2,2026-03-13 18:00:00,Night,7,0.5um,27.36,counts/m3,15,20,1,1,mechanical_friction
1009,2,2026-03-14 00:00:00,Day,1,0.5um,28.92,counts/m3,15,20,1,1,mechanical_friction
1010,2,2026-03-14 06:00:00,Evening,3,0.5um,22.97,counts/m3,15,20,1,1,mechanical_friction
1011,2,2026-03-14 12:00:00,Night,3,0.5um,23.88,counts/m3,15,20,1,1,mechanical_friction
1012,2,2026-03-14 18:00:00,Night,6,0.5um,34.64,counts/m3,15,20,1,1,mechanical_friction
1013,2,2026-03-15 00:00:00,Day,1,0.5um,37.46,counts/m3,15,20,1,1,mechanical_friction
1014,2,2026-03-15 06:00:00,Evening,7,0.5um,30.95,counts/m3,15,20,1,1,mechanical_friction
1015,2,2026-03-15 12:00:00,Night,1,0.5um,24.0,counts/m3,15,20,1,1,mechanical_friction
1016,2,2026-03-15 18:00:00,Night,5,0.5um,31.02,counts/m3,15,20,1,1,mechanical_friction
1017,2,2026-03-16 00:00:00,Day,8,0.5um,27.72,counts/m3,15,20,1,1,mechanical_friction
1018,2,2026-03-16 06:00:00,Evening,2,0.5um,21.93,counts/m3,15,20,1,1,mechanical_friction
1019,2,2026-03-16 12:00:00,Night,6,0.5um,24.99,counts/m3,15,20,1,1,mechanical_friction
1020,2,2026-03-16 18:00:00,Night,5,0.5um,27.11,counts/m3,15,20,1,1,hvac_drift
1021,2,2026-03-17 00:00:00,Day,7,0.5um,32.02,counts/m3,15,20,1,1,hvac_drift
1022,2,2026-03-17 06:00:00,Evening,5,0.5um,30.42,counts/m3,15,20,1,1,hvac_drift
1023,2,2026-03-17 12:00:00,Night,7,0.5um,26.35,counts/m3,15,20,1,1,hvac_drift
1024,2,2026-03-17 18:00:00,Night,4,0.5um,23.88,counts/m3,15,20,1,1,hvac_drift
1025,2,2026-03-18 00:00:00,Day,2,0.5um,20.95,counts/m3,15,20,1,1,hvac_drift
1026,2,2026-03-18 06:00:00,Evening,6,0.5um,16.99,counts/m3,15,20,1,0,hvac_drift
1027,2,2026-03-18 12:00:00,Night,8,0.5um,23.61,counts/m3,15,20,1,1,hvac_drift
1028,2,2026-03-18 18:00:00,Night,4,0.5um,32.43,counts/m3,15,20,1,1,hvac_drift
1029,2,2026-03-19 00:00:00,Day,7,0.5um,37.26,counts/m3,15,20,1,1,hvac_drift
1030,2,2026-03-19 06:00:00,Evening,8,0.5um,32.43,counts/m3,15,20,1,1,hvac_drift
1031,2,2026-03-19 12:00:00,Night,6,0.5um,29.52,counts/m3,15,20,1,1,hvac_drift
1032,2,2026-03-19 18:00:00,Night,7,0.5um,21.62,counts/m3,15,20,1,1,hvac_drift
1033,2,2026-03-20 00:00:00,Day,5,0.5um,17.72,counts/m3,15,20,1,0,hvac_drift
1034,2,2026-03-20 06:00:00,Evening,7,0.5um,18.31,counts/m3,15,20,1,0,hvac_drift
1035,2,2026-03-20 12:00:00,Night,3,0.5um,23.9,counts/m3,15,20,1,1,hvac_drift
1036,2,2026-03-20 18:00:00,Night,5,0.5um,29.5,counts/m3,15,20,1,1,hvac_drift
1037,2,2026-03-21 00:00:00,Day,1,0.5um,30.11,counts/m3,15,20,1,1,hvac_drift
1038,2,2026-03-21 06:00:00,Evening,2,0.5um,28.42,counts/m3,15,20,1,1,hvac_drift
1039,2,2026-03-21 12:00:00,Night,5,0.5um,26.93,counts/m3,15,20,1,1,hvac_drift
1040,2,2026-03-21 18:00:00,Night,6,0.5um,27.46,counts/m3,15,20,1,1,hvac_drift
1041,2,2026-03-22 00:00:00,Day,1,0.5um,23.53,counts/m3,15,20,1,1,hvac_drift
1042,2,2026-03-22 06:00:00,Evening,1,0.5um,24.12,counts/m3,15,20,1,1,hvac_drift
1043,2,2026-03-22 12:00:00,Night,1,0.5um,30.71,counts/m3,15,20,1,1,hvac_drift
1044,2,2026-03-22 18:00:00,Night,5,0.5um,35.31,counts/m3,15,20,1,1,hvac_drift
1045,2,2026-03-23 00:00:00,Day,3,0.5um,30.18,counts/m3,15,20,1,1,hvac_drift
1046,2,2026-03-23 06:00:00,Evening,1,0.5um,28.26,counts/m3,15,20,1,1,hvac_drift
1047,2,2026-03-23 12:00:00,Night,7,0.5um,19.52,counts/m3,15,20,1,0,hvac_drift
1048,2,2026-03-23 18:00:00,Night,5,0.5um,20.97,counts/m3,15,20,1,1,hvac_drift
1049,2,2026-03-24 00:00:00,Day,1,0.5um,20.4,counts/m3,15,20,1,1,hvac_drift
1050,2,2026-03-24 06:00:00,Evening,6,0.5um,20.86,counts/m3,15,20,1,1,hvac_drift
1051,2,2026-03-24 12:00:00,Night,8,0.5um,23.37,counts/m3,15,20,1,1,hvac_drift
1052,2,2026-03-24 18:00:00,Night,4,0.5um,22.2,counts/m3,15,20,1,1,hvac_drift
1053,2,2026-03-25 00:00:00,Day,8,0.5um,25.64,counts/m3,15,20,1,1,hvac_drift
1054,2,2026-03-25 06:00:00,Evening,4,0.5um,23.07,counts/m3,15,20,1,1,hvac_drift
1055,2,2026-03-25 12:00:00,Night,1,0.5um,25.27,counts/m3,15,20,1,1,hvac_drift
1056,2,2026-03-25 18:00:00,Night,1,0.5um,14.75,counts/m3,15,20,0,0,hvac_drift
1057,2,2026-03-26 00:00:00,Day,1,0.5um,13.73,counts/m3,15,20,0,0,hvac_drift
1058,2,2026-03-26 06:00:00,Evening,3,0.5um,16.05,counts/m3,15,20,1,0,hvac_drift
1059,2,2026-03-26 12:00:00,Night,4,0.5um,14.11,counts/m3,15,20,0,0,hvac_drift
1060,2,2026-03-26 18:00:00,Night,4,0.5um,14.16,counts/m3,15,20,0,0,hvac_drift
1061,2,2026-03-27 00:00:00,Day,4,0.5um,13.49,counts/m3,15,20,0,0,hvac_drift
1062,2,2026-03-27 06:00:00,Evening,7,0.5um,14.49,counts/m3,15,20,0,0,hvac_drift
1063,2,2026-03-27 12:00:00,Night,1,0.5um,15.16,counts/m3,15,20,1,0,hvac_drift
1064,2,2026-03-27 18:00:00,Night,8,0.5um,16.83,counts/m3,15,20,1,0,hvac_drift
1065,2,2026-03-28 00:00:00,Day,2,0.5um,15.84,counts/m3,15,20,1,0,hvac_drift
1066,2,2026-03-28 06:00:00,Evening,8,0.5um,18.18,counts/m3,15,20,1,0,hvac_drift
1067,2,2026-03-28 12:00:00,Night,2,0.5um,15.25,counts/m3,15,20,1,0,hvac_drift
1068,2,2026-03-28 18:00:00,Night,1,0.5um,16.33,counts/m3,15,20,1,0,hvac_drift
1069,2,2026-03-29 00:00:00,Day,1,0.5um,14.68,counts/m3,15,20,0,0,hvac_drift
1070,2,2026-03-29 06:00:00,Evening,3,0.5um,15.69,counts/m3,15,20,1,0,hvac_drift
1071,2,2026-03-29 12:00:00,Night,8,0.5um,16.6,counts/m3,15,20,1,0,hvac_drift
1072,2,2026-03-29 18:00:00,Night,4,0.5um,19.5,counts/m3,15,20,1,0,hvac_drift
1073,2,2026-03-30 00:00:00,Day,2,0.5um,19.75,counts/m3,15,20,1,0,hvac_drift
1074,2,2026-03-30 06:00:00,Evening,6,0.5um,19.33,counts/m3,15,20,1,0,hvac_drift
1075,2,2026-03-30 12:00:00,Night,5,0.5um,19.63,counts/m3,15,20,1,0,hvac_drift
1076,2,2026-03-30 18:00:00,Night,6,0.5um,20.94,counts/m3,15,20,1,1,hvac_drift
1077,2,2026-03-31 00:00:00,Day,6,0.5um,6.37,counts/m3,15,20,0,0,hvac_drift
1078,2,2026-03-31 06:00:00,Evening,7,0.5um,6.41,counts/m3,15,20,0,0,hvac_drift
1079,2,2026-03-31 12:00:00,Night,2,0.5um,8.13,counts/m3,15,20,0,0,hvac_drift
1080,2,2026-03-31 18:00:00,Night,4,0.5um,10.84,counts/m3,15,20,0,0,hvac_drift
1081,2,2026-04-01 00:00:00,Day,6,0.5um,16.47,counts/m3,15,20,1,0,hvac_drift
1082,2,2026-04-01 06:00:00,Evening,5,0.5um,21.33,counts/m3,15,20,1,1,hvac_drift
1083,2,2026-04-01 12:00:00,Night,8,0.5um,18.68,counts/m3,15,20,1,0,hvac_drift
1084,2,2026-04-01 18:00:00,Night,8,0.5um,15.84,counts/m3,15,20,1,0,hvac_drift
1085,2,2026-04-02 00:00:00,Day,7,0.5um,12.53,counts/m3,15,20,0,0,hvac_drift
1086,2,2026-04-02 06:00:00,Evening,2,0.5um,11.83,counts/m3,15,20,0,0,hvac_drift
1087,2,2026-04-02 12:00:00,Night,5,0.5um,13.16,counts/m3,15,20,0,0,hvac_drift
1088,2,2026-04-02 18:00:00,Night,7,0.5um,14.4,counts/m3,15,20,0,0,hvac_drift
1089,2,2026-04-03 00:00:00,Day,3,0.5um,18.76,counts/m3,15,20,1,0,hvac_drift
1090,2,2026-04-03 06:00:00,Evening,6,0.5um,22.82,counts/m3,15,20,1,1,hvac_drift
1091,2,2026-04-03 12:00:00,Night,2,0.5um,20.92,counts/m3,15,20,1,1,hvac_drift
1092,2,2026-04-03 18:00:00,Night,2,0.5um,17.85,counts/m3,15,20,1,0,hvac_drift
1093,2,2026-04-04 00:00:00,Day,2,0.5um,15.65,counts/m3,15,20,1,0,hvac_drift
1094,2,2026-04-04 06:00:00,Evening,8,0.5um,14.75,counts/m3,15,20,0,0,hvac_drift
1095,2,2026-04-04 12:00:00,Night,8,0.5um,13.82,counts/m3,15,20,0,0,hvac_drift
1096,2,2026-04-04 18:00:00,Night,7,0.5um,17.07,counts/m3,15,20,1,0,hvac_drift
1097,2,2026-04-05 00:00:00,Day,3,0.5um,22.43,counts/m3,15,20,1,1,hvac_drift
1098,2,2026-04-05 06:00:00,Evening,7,0.5um,25.48,counts/m3,15,20,1,1,hvac_drift
1099,2,2026-04-05 12:00:00,Night,2,0.5um,21.67,counts/m3,15,20,1,1,hvac_drift
1100,2,2026-04-05 18:00:00,Night,2,0.5um,18.58,counts/m3,15,20,1,0,hvac_drift
1101,2,2026-04-06 00:00:00,Day,3,0.5um,14.78,counts/m3,15,20,0,0,hvac_drift
1102,2,2026-04-06 06:00:00,Evening,2,0.5um,15.84,counts/m3,15,20,1,0,hvac_drift
1103,2,2026-04-06 12:00:00,Night,6,0.5um,14.87,counts/m3,15,20,0,0,hvac_drift
1104,2,2026-04-06 18:00:00,Night,6,0.5um,18.08,counts/m3,15,20,1,0,hvac_drift
1105,2,2026-04-07 00:00:00,Day,1,0.5um,20.4,counts/m3,15,20,1,1,hvac_drift
1106,2,2026-04-07 06:00:00,Evening,1,0.5um,25.47,counts/m3,15,20,1,1,hvac_drift
1107,2,2026-04-07 12:00:00,Night,4,0.5um,22.58,counts/m3,15,20,1,1,hvac_drift
1108,2,2026-04-07 18:00:00,Night,1,0.5um,19.46,counts/m3,15,20,1,0,hvac_drift
1109,2,2026-04-08 00:00:00,Day,7,0.5um,19.18,counts/m3,15,20,1,0,hvac_drift
1110,2,2026-04-08 06:00:00,Evening,4,0.5um,19.24,counts/m3,15,20,1,0,hvac_drift
1111,2,2026-04-08 12:00:00,Night,4,0.5um,17.27,counts/m3,15,20,1,0,hvac_drift
1112,2,2026-04-08 18:00:00,Night,1,0.5um,20.46,counts/m3,15,20,1,1,hvac_drift
1113,2,2026-04-09 00:00:00,Day,6,0.5um,29.79,counts/m3,15,20,1,1,hvac_drift
1114,2,2026-04-09 06:00:00,Evening,6,0.5um,31.39,counts/m3,15,20,1,1,hvac_drift
1115,2,2026-04-09 12:00:00,Night,7,0.5um,27.32,counts/m3,15,20,1,1,hvac_drift
1116,2,2026-04-09 18:00:00,Night,5,0.5um,25.06,counts/m3,15,20,1,1,hvac_drift
1117,2,2026-04-10 00:00:00,Day,3,0.5um,23.37,counts/m3,15,20,1,1,hvac_drift
1118,2,2026-04-10 06:00:00,Evening,1,0.5um,21.35,counts/m3,15,20,1,1,hvac_drift
1119,2,2026-04-10 12:00:00,Night,3,0.5um,20.69,counts/m3,15,20,1,1,hvac_drift
1120,2,2026-04-10 18:00:00,Night,5,0.5um,22.21,counts/m3,15,20,1,1,hvac_drift
1121,2,2026-04-11 00:00:00,Day,1,0.5um,27.54,counts/m3,15,20,1,1,hvac_drift
1122,2,2026-04-11 06:00:00,Evening,1,0.5um,31.49,counts/m3,15,20,1,1,hvac_drift
1123,2,2026-04-11 12:00:00,Night,2,0.5um,32.59,counts/m3,15,20,1,1,hvac_drift
1124,2,2026-04-11 18:00:00,Night,1,0.5um,29.38,counts/m3,15,20,1,1,hvac_drift
1125,2,2026-04-12 00:00:00,Day,1,0.5um,24.27,counts/m3,15,20,1,1,hvac_drift
1126,2,2026-04-12 06:00:00,Evening,4,0.5um,24.27,counts/m3,15,20,1,1,hvac_drift
1127,2,2026-04-12 12:00:00,Night,6,0.5um,28.31,counts/m3,15,20,1,1,hvac_drift
1128,2,2026-04-12 18:00:00,Night,4,0.5um,27.82,counts/m3,15,20,1,1,hvac_drift
1129,2,2026-04-13 00:00:00,Day,1,0.5um,32.62,counts/m3,15,20,1,1,hvac_drift
1130,2,2026-04-13 06:00:00,Evening,3,0.5um,24.56,counts/m3,15,20,1,1,mechanical_friction
1131,2,2026-04-13 12:00:00,Night,1,0.5um,22.14,counts/m3,15,20,1,1,mechanical_friction
1132,2,2026-04-13 18:00:00,Night,5,0.5um,17.57,counts/m3,15,20,1,0,mechanical_friction
1133,2,2026-04-14 00:00:00,Day,2,0.5um,17.97,counts/m3,15,20,1,0,mechanical_friction
1134,2,2026-04-14 06:00:00,Evening,4,0.5um,14.43,counts/m3,15,20,0,0,mechanical_friction
1135,2,2026-04-14 12:00:00,Night,8,0.5um,14.33,counts/m3,15,20,0,0,mechanical_friction
1136,2,2026-04-14 18:00:00,Night,5,0.5um,11.97,counts/m3,15,20,0,0,mechanical_friction
1137,2,2026-04-15 00:00:00,Day,7,0.5um,17.87,counts/m3,15,20,1,0,mechanical_friction
1138,2,2026-04-15 06:00:00,Evening,3,0.5um,19.16,counts/m3,15,20,1,0,mechanical_friction
1139,2,2026-04-15 12:00:00,Night,8,0.5um,19.0,counts/m3,15,20,1,0,mechanical_friction
1140,2,2026-04-15 18:00:00,Night,6,0.5um,15.52,counts/m3,15,20,1,0,mechanical_friction
1141,2,2026-04-16 00:00:00,Day,5,0.5um,9.57,counts/m3,15,20,0,0,none
1142,2,2026-04-16 06:00:00,Evening,5,0.5um,7.09,counts/m3,15,20,0,0,none
1143,2,2026-04-16 12:00:00,Night,5,0.5um,8.12,counts/m3,15,20,0,0,none
1144,2,2026-04-16 18:00:00,Night,2,0.5um,29.88,counts/m3,15,20,1,1,glove_breach
1145,2,2026-04-17 00:00:00,Day,3,0.5um,23.69,counts/m3,15,20,1,1,glove_breach
1146,2,2026-04-17 06:00:00,Evening,6,0.5um,22.01,counts/m3,15,20,1,1,glove_breach
1147,2,2026-04-17 12:00:00,Night,4,0.5um,20.65,counts/m3,15,20,1,1,glove_breach
1148,2,2026-04-17 18:00:00,Night,7,0.5um,17.08,counts/m3,15,20,1,0,glove_breach
1149,2,2026-04-18 00:00:00,Day,5,0.5um,18.05,counts/m3,15,20,1,0,glove_breach
1150,2,2026-04-18 06:00:00,Evening,1,0.5um,13.58,counts/m3,15,20,0,0,glove_breach
1151,2,2026-04-18 12:00:00,Night,6,0.5um,14.32,counts/m3,15,20,0,0,glove_breach
1152,2,2026-04-18 18:00:00,Night,5,0.5um,16.17,counts/m3,15,20,1,0,glove_breach
1153,2,2026-04-19 00:00:00,Day,3,0.5um,11.84,counts/m3,15,20,0,0,glove_breach
1154,2,2026-04-19 06:00:00,Evening,7,0.5um,15.83,counts/m3,15,20,1,0,glove_breach
1155,2,2026-04-19 12:00:00,Night,3,0.5um,13.04,counts/m3,15,20,0,0,glove_breach
1156,2,2026-04-19 18:00:00,Night,1,0.5um,11.18,counts/m3,15,20,0,0,glove_breach
1157,2,2026-04-20 00:00:00,Day,1,0.5um,9.8,counts/m3,15,20,0,0,glove_breach
1158,2,2026-04-20 06:00:00,Evening,8,0.5um,9.92,counts/m3,15,20,0,0,glove_breach
1159,2,2026-04-20 12:00:00,Night,4,0.5um,8.15,counts/m3,15,20,0,0,glove_breach
1160,2,2026-04-20 18:00:00,Night,4,0.5um,7.97,counts/m3,15,20,0,0,glove_breach
1161,2,2026-04-21 00:00:00,Day,3,0.5um,6.28,counts/m3,15,20,0,0,glove_breach
1162,2,2026-04-21 06:00:00,Evening,6,0.5um,8.33,counts/m3,15,20,0,0,glove_breach
1163,2,2026-04-21 12:00:00,Night,5,0.5um,10.02,counts/m3,15,20,0,0,glove_breach
1164,2,2026-04-21 18:00:00,Night,8,0.5um,11.59,counts/m3,15,20,0,0,glove_breach
1165,2,2026-04-22 00:00:00,Day,8,0.5um,8.59,counts/m3,15,20,0,0,glove_breach
1166,2,2026-04-22 06:00:00,Evening,8,0.5um,9.0,counts/m3,15,20,0,0,glove_breach
1167,2,2026-04-22 12:00:00,Night,3,0.5um,5.56,counts/m3,15,20,0,0,glove_breach
1168,2,2026-04-22 18:00:00,Night,5,0.5um,5.7,counts/m3,15,20,0,0,glove_breach
1169,2,2026-04-23 00:00:00,Day,3,0.5um,5.28,counts/m3,15,20,0,0,glove_breach
1170,2,2026-04-23 06:00:00,Evening,6,0.5um,4.46,counts/m3,15,20,0,0,glove_breach
1171,2,2026-04-23 12:00:00,Night,6,0.5um,6.35,counts/m3,15,20,0,0,glove_breach
1172,2,2026-04-23 18:00:00,Night,3,0.5um,6.15,counts/m3,15,20,0,0,glove_breach
1173,2,2026-04-24 00:00:00,Day,7,0.5um,5.38,counts/m3,15,20,0,0,glove_breach
1174,2,2026-04-24 06:00:00,Evening,3,0.5um,5.04,counts/m3,15,20,0,0,glove_breach
1175,2,2026-04-24 12:00:00,Night,8,0.5um,5.76,counts/m3,15,20,0,0,glove_breach
1176,2,2026-04-24 18:00:00,Night,7,0.5um,4.05,counts/m3,15,20,0,0,glove_breach
1177,2,2026-04-25 00:00:00,Day,1,0.5um,2.76,counts/m3,15,20,0,0,glove_breach
1178,2,2026-04-25 06:00:00,Evening,4,0.5um,4.63,counts/m3,15,20,0,0,glove_breach
1179,2,2026-04-25 12:00:00,Night,4,0.5um,7.64,counts/m3,15,20,0,0,glove_breach
1180,2,2026-04-25 18:00:00,Night,7,0.5um,5.55,counts/m3,15,20,0,0,glove_breach
1181,2,2026-04-26 00:00:00,Day,6,0.5um,3.89,counts/m3,15,20,0,0,glove_breach
1182,2,2026-04-26 06:00:00,Evening,1,0.5um,2.46,counts/m3,15,20,0,0,glove_breach
1183,2,2026-04-26 12:00:00,Night,7,0.5um,4.43,counts/m3,15,20,0,0,glove_breach
1184,2,2026-04-26 18:00:00,Night,2,0.5um,5.4,counts/m3,15,20,0,0,glove_breach
1185,2,2026-04-27 00:00:00,Day,3,0.5um,5.33,counts/m3,15,20,0,0,glove_breach
1186,2,2026-04-27 06:00:00,Evening,2,0.5um,3.33,counts/m3,15,20,0,0,glove_breach
1187,2,2026-04-27 12:00:00,Night,2,0.5um,3.43,counts/m3,15,20,0,0,glove_breach
1188,2,2026-04-27 18:00:00,Night,5,0.5um,2.56,counts/m3,15,20,0,0,glove_breach
1189,2,2026-04-28 00:00:00,Day,1,0.5um,2.55,counts/m3,15,20,0,0,glove_breach
1190,2,2026-04-28 06:00:00,Evening,1,0.5um,3.5,counts/m3,15,20,0,0,glove_breach
1191,2,2026-04-28 12:00:00,Night,7,0.5um,2.49,counts/m3,15,20,0,0,glove_breach
1192,2,2026-04-28 18:00:00,Night,3,0.5um,3.5,counts/m3,15,20,0,0,glove_breach
1193,2,2026-04-29 00:00:00,Day,6,0.5um,5.46,counts/m3,15,20,0,0,glove_breach
1194,2,2026-04-29 06:00:00,Evening,8,0.5um,2.48,counts/m3,15,20,0,0,glove_breach
1195,2,2026-04-29 12:00:00,Night,1,0.5um,21.65,counts/m3,15,20,1,1,glove_breach
1196,2,2026-04-29 18:00:00,Night,7,0.5um,22.08,counts/m3,15,20,1,1,glove_breach
1197,2,2026-04-30 00:00:00,Day,1,0.5um,19.53,counts/m3,15,20,1,0,glove_breach
1198,2,2026-04-30 06:00:00,Evening,7,0.5um,16.09,counts/m3,15,20,1,0,glove_breach
1199,2,2026-04-30 12:00:00,Night,3,0.5um,15.76,counts/m3,15,20,1,0,glove_breach
1200,2,2026-04-30 18:00:00,Night,2,0.5um,16.37,counts/m3,15,20,1,0,glove_breach
1201,2,2026-05-01 00:00:00,Day,2,0.5um,15.17,counts/m3,15,20,1,0,glove_breach
1202,2,2026-05-01 06:00:00,Evening,3,0.5um,15.76,counts/m3,15,20,1,0,glove_breach
1203,2,2026-05-01 12:00:00,Night,6,0.5um,11.94,counts/m3,15,20,0,0,glove_breach
1204,2,2026-05-01 18:00:00,Night,6,0.5um,12.15,counts/m3,15,20,0,0,glove_breach
1205,2,2026-05-02 00:00:00,Day,6,0.5um,14.99,counts/m3,15,20,0,0,glove_breach
1206,2,2026-05-02 06:00:00,Evening,1,0.5um,11.21,counts/m3,15,20,0,0,glove_breach
1207,2,2026-05-02 12:00:00,Night,8,0.5um,10.27,counts/m3,15,20,0,0,glove_breach
1208,2,2026-05-02 18:00:00,Night,4,0.5um,9.54,counts/m3,15,20,0,0,glove_breach
1209,2,2026-05-03 00:00:00,Day,1,0.5um,9.0,counts/m3,15,20,0,0,glove_breach
1210,2,2026-05-03 06:00:00,Evening,8,0.5um,5.11,counts/m3,15,20,0,0,glove_breach
1211,2,2026-05-03 12:00:00,Night,7,0.5um,6.6,counts/m3,15,20,0,0,glove_breach
1212,2,2026-05-03 18:00:00,Night,1,0.5um,5.12,counts/m3,15,20,0,0,glove_breach
1213,2,2026-05-04 00:00:00,Day,4,0.5um,6.81,counts/m3,15,20,0,0,glove_breach
1214,2,2026-05-04 06:00:00,Evening,8,0.5um,6.13,counts/m3,15,20,0,0,glove_breach
1215,2,2026-05-04 12:00:00,Night,6,0.5um,8.4,counts/m3,15,20,0,0,glove_breach
1216,2,2026-05-04 18:00:00,Night,2,0.5um,5.71,counts/m3,15,20,0,0,glove_breach
1217,2,2026-05-05 00:00:00,Day,6,0.5um,9.2,counts/m3,15,20,0,0,glove_breach
1218,2,2026-05-05 06:00:00,Evening,2,0.5um,7.36,counts/m3,15,20,0,0,glove_breach
1219,2,2026-05-05 12:00:00,Night,3,0.5um,5.92,counts/m3,15,20,0,0,glove_breach
1220,2,2026-05-05 18:00:00,Night,2,0.5um,4.51,counts/m3,15,20,0,0,glove_breach
1221,2,2026-05-06 00:00:00,Day,6,0.5um,2.76,counts/m3,15,20,0,0,glove_breach
1222,2,2026-05-06 06:00:00,Evening,8,0.5um,4.4,counts/m3,15,20,0,0,glove_breach
1223,2,2026-05-06 12:00:00,Night,1,0.5um,2.93,counts/m3,15,20,0,0,glove_breach
1224,2,2026-05-06 18:00:00,Night,5,0.5um,6.48,counts/m3,15,20,0,0,glove_breach
1225,2,2026-05-07 00:00:00,Day,2,0.5um,4.21,counts/m3,15,20,0,0,glove_breach
1226,2,2026-05-07 06:00:00,Evening,7,0.5um,3.59,counts/m3,15,20,0,0,glove_breach
1227,2,2026-05-07 12:00:00,Night,2,0.5um,9.31,counts/m3,15,20,0,0,glove_breach
1228,2,2026-05-07 18:00:00,Night,3,0.5um,8.51,counts/m3,15,20,0,0,glove_breach
1229,2,2026-05-08 00:00:00,Day,2,0.5um,8.43,counts/m3,15,20,0,0,glove_breach
1230,2,2026-05-08 06:00:00,Evening,7,0.5um,6.76,counts/m3,15,20,0,0,glove_breach
1231,2,2026-05-08 12:00:00,Night,1,0.5um,7.01,counts/m3,15,20,0,0,glove_breach
1232,2,2026-05-08 18:00:00,Night,5,0.5um,7.31,counts/m3,15,20,0,0,glove_breach
1233,2,2026-05-09 00:00:00,Day,1,0.5um,6.79,counts/m3,15,20,0,0,glove_breach
1234,2,2026-05-09 06:00:00,Evening,5,0.5um,5.95,counts/m3,15,20,0,0,glove_breach
1235,2,2026-05-09 12:00:00,Night,7,0.5um,6.51,counts/m3,15,20,0,0,glove_breach
1236,2,2026-05-09 18:00:00,Night,7,0.5um,7.09,counts/m3,15,20,0,0,glove_breach
1237,2,2026-05-10 00:00:00,Day,1,0.5um,4.35,counts/m3,15,20,0,0,glove_breach
1238,2,2026-05-10 06:00:00,Evening,7,0.5um,5.0,counts/m3,15,20,0,0,glove_breach
1239,2,2026-05-10 12:00:00,Night,3,0.5um,4.53,counts/m3,15,20,0,0,glove_breach
1240,2,2026-05-10 18:00:00,Night,6,0.5um,6.09,counts/m3,15,20,0,0,glove_breach
1241,2,2026-05-11 00:00:00,Day,8,0.5um,4.8,counts/m3,15,20,0,0,glove_breach
1242,2,2026-05-11 06:00:00,Evening,1,0.5um,3.17,counts/m3,15,20,0,0,glove_breach
1243,2,2026-05-11 12:00:00,Night,3,0.5um,4.92,counts/m3,15,20,0,0,glove_breach
1244,2,2026-05-11 18:00:00,Night,7,0.5um,2.68,counts/m3,15,20,0,0,glove_breach
1245,2,2026-05-12 00:00:00,Day,2,0.5um,2.1,counts/m3,15,20,0,0,glove_breach
1246,2,2026-05-12 06:00:00,Evening,3,0.5um,2.88,counts/m3,15,20,0,0,glove_breach
1247,2,2026-05-12 12:00:00,Night,5,0.5um,23.78,counts/m3,15,20,1,1,glove_breach
1248,2,2026-05-12 18:00:00,Night,8,0.5um,21.62,counts/m3,15,20,1,1,glove_breach
1249,2,2026-05-13 00:00:00,Day,3,0.5um,19.78,counts/m3,15,20,1,0,glove_breach
1250,2,2026-05-13 06:00:00,Evening,4,0.5um,17.75,counts/m3,15,20,1,0,glove_breach
1251,2,2026-05-13 12:00:00,Night,7,0.5um,17.22,counts/m3,15,20,1,0,glove_breach
1252,2,2026-05-13 18:00:00,Night,1,0.5um,15.84,counts/m3,15,20,1,0,glove_breach
1253,2,2026-05-14 00:00:00,Day,3,0.5um,12.22,counts/m3,15,20,0,0,glove_breach
1254,2,2026-05-14 06:00:00,Evening,3,0.5um,13.39,counts/m3,15,20,0,0,glove_breach
1255,2,2026-05-14 12:00:00,Night,4,0.5um,13.22,counts/m3,15,20,0,0,glove_breach
1256,2,2026-05-14 18:00:00,Night,5,0.5um,13.95,counts/m3,15,20,0,0,glove_breach
1257,2,2026-05-15 00:00:00,Day,2,0.5um,13.37,counts/m3,15,20,0,0,glove_breach
1258,2,2026-05-15 06:00:00,Evening,4,0.5um,10.03,counts/m3,15,20,0,0,glove_breach
1259,2,2026-05-15 12:00:00,Night,8,0.5um,9.2,counts/m3,15,20,0,0,glove_breach
1260,2,2026-05-15 18:00:00,Night,7,0.5um,7.95,counts/m3,15,20,0,0,glove_breach
1261,2,2026-05-16 00:00:00,Day,8,0.5um,7.28,counts/m3,15,20,0,0,glove_breach
1262,2,2026-05-16 06:00:00,Evening,6,0.5um,6.9,counts/m3,15,20,0,0,glove_breach
1263,2,2026-05-16 12:00:00,Night,5,0.5um,8.57,counts/m3,15,20,0,0,glove_breach
1264,2,2026-05-16 18:00:00,Night,2,0.5um,7.03,counts/m3,15,20,0,0,glove_breach
1265,2,2026-05-17 00:00:00,Day,2,0.5um,8.02,counts/m3,15,20,0,0,glove_breach
1266,2,2026-05-17 06:00:00,Evening,5,0.5um,9.55,counts/m3,15,20,0,0,glove_breach
1267,2,2026-05-17 12:00:00,Night,4,0.5um,8.11,counts/m3,15,20,0,0,glove_breach
1268,2,2026-05-17 18:00:00,Night,7,0.5um,5.18,counts/m3,15,20,0,0,glove_breach
1269,2,2026-05-18 00:00:00,Day,1,0.5um,5.8,counts/m3,15,20,0,0,glove_breach
1270,2,2026-05-18 06:00:00,Evening,8,0.5um,6.68,counts/m3,15,20,0,0,glove_breach
1271,2,2026-05-18 12:00:00,Night,2,0.5um,7.58,counts/m3,15,20,0,0,glove_breach
1272,2,2026-05-18 18:00:00,Night,4,0.5um,6.26,counts/m3,15,20,0,0,glove_breach
1273,2,2026-05-19 00:00:00,Day,3,0.5um,6.43,counts/m3,15,20,0,0,glove_breach
1274,2,2026-05-19 06:00:00,Evening,8,0.5um,4.13,counts/m3,15,20,0,0,glove_breach
1275,2,2026-05-19 12:00:00,Night,6,0.5um,3.85,counts/m3,15,20,0,0,glove_breach
1276,2,2026-05-19 18:00:00,Night,1,0.5um,3.07,counts/m3,15,20,0,0,glove_breach
1277,2,2026-05-20 00:00:00,Day,7,0.5um,3.81,counts/m3,15,20,0,0,glove_breach
1278,2,2026-05-20 06:00:00,Evening,6,0.5um,3.81,counts/m3,15,20,0,0,glove_breach
1279,2,2026-05-20 12:00:00,Night,1,0.5um,6.82,counts/m3,15,20,0,0,glove_breach
1280,2,2026-05-20 18:00:00,Night,7,0.5um,7.6,counts/m3,15,20,0,0,glove_breach
1281,2,2026-05-21 00:00:00,Day,1,0.5um,7.86,counts/m3,15,20,0,0,glove_breach
1282,2,2026-05-21 06:00:00,Evening,4,0.5um,4.64,counts/m3,15,20,0,0,glove_breach
1283,2,2026-05-21 12:00:00,Night,2,0.5um,6.65,counts/m3,15,20,0,0,glove_breach
1284,2,2026-05-21 18:00:00,Night,1,0.5um,2.48,counts/m3,15,20,0,0,glove_breach
1285,2,2026-05-22 00:00:00,Day,5,0.5um,1.56,counts/m3,15,20,0,0,glove_breach
1286,2,2026-05-22 06:00:00,Evening,6,0.5um,3.88,counts/m3,15,20,0,0,glove_breach
1287,2,2026-05-22 12:00:00,Night,4,0.5um,4.14,counts/m3,15,20,0,0,glove_breach
1288,2,2026-05-22 18:00:00,Night,3,0.5um,4.14,counts/m3,15,20,0,0,glove_breach
1289,2,2026-05-23 00:00:00,Day,5,0.5um,3.66,counts/m3,15,20,0,0,glove_breach
1290,2,2026-05-23 06:00:00,Evening,2,0.5um,5.7,counts/m3,15,20,0,0,glove_breach
1291,2,2026-05-23 12:00:00,Night,1,0.5um,3.71,counts/m3,15,20,0,0,glove_breach
1292,2,2026-05-23 18:00:00,Night,2,0.5um,4.24,counts/m3,15,20,0,0,glove_breach
1293,2,2026-05-24 00:00:00,Day,1,0.5um,4.37,counts/m3,15,20,0,0,glove_breach
1294,2,2026-05-24 06:00:00,Evening,7,0.5um,5.76,counts/m3,15,20,0,0,glove_breach
1295,2,2026-05-24 12:00:00,Night,5,0.5um,7.06,counts/m3,15,20,0,0,glove_breach
1296,2,2026-05-24 18:00:00,Night,2,0.5um,10.07,counts/m3,15,20,0,0,glove_breach
1297,2,2026-05-25 00:00:00,Day,5,0.5um,7.61,counts/m3,15,20,0,0,hvac_drift
1298,2,2026-05-25 06:00:00,Evening,4,0.5um,11.26,counts/m3,15,20,0,0,hvac_drift
1299,2,2026-05-25 12:00:00,Night,1,0.5um,13.07,counts/m3,15,20,0,0,hvac_drift
1300,2,2026-05-25 18:00:00,Night,8,0.5um,9.45,counts/m3,15,20,0,0,hvac_drift
1301,2,2026-05-26 00:00:00,Day,8,0.5um,10.46,counts/m3,15,20,0,0,hvac_drift
1302,2,2026-05-26 06:00:00,Evening,7,0.5um,12.75,counts/m3,15,20,0,0,hvac_drift
1303,2,2026-05-26 12:00:00,Night,7,0.5um,11.99,counts/m3,15,20,0,0,hvac_drift
1304,2,2026-05-26 18:00:00,Night,5,0.5um,11.98,counts/m3,15,20,0,0,hvac_drift
1305,2,2026-05-27 00:00:00,Day,7,0.5um,12.5,counts/m3,15,20,0,0,hvac_drift
1306,2,2026-05-27 06:00:00,Evening,5,0.5um,11.57,counts/m3,15,20,0,0,hvac_drift
1307,2,2026-05-27 12:00:00,Night,2,0.5um,12.57,counts/m3,15,20,0,0,hvac_drift
1308,2,2026-05-27 18:00:00,Night,2,0.5um,12.16,counts/m3,15,20,0,0,hvac_drift
1309,2,2026-05-28 00:00:00,Day,7,0.5um,12.37,counts/m3,15,20,0,0,hvac_drift
1310,2,2026-05-28 06:00:00,Evening,4,0.5um,15.84,counts/m3,15,20,1,0,hvac_drift
1311,2,2026-05-28 12:00:00,Night,6,0.5um,16.03,counts/m3,15,20,1,0,hvac_drift
1312,2,2026-05-28 18:00:00,Night,2,0.5um,15.16,counts/m3,15,20,1,0,hvac_drift
1313,2,2026-05-29 00:00:00,Day,4,0.5um,13.82,counts/m3,15,20,0,0,hvac_drift
1314,2,2026-05-29 06:00:00,Evening,1,0.5um,13.67,counts/m3,15,20,0,0,hvac_drift
1315,2,2026-05-29 12:00:00,Night,2,0.5um,14.01,counts/m3,15,20,0,0,hvac_drift
1316,2,2026-05-29 18:00:00,Night,1,0.5um,14.39,counts/m3,15,20,0,0,hvac_drift
1317,2,2026-05-30 00:00:00,Day,2,0.5um,14.87,counts/m3,15,20,0,0,hvac_drift
1318,2,2026-05-30 06:00:00,Evening,5,0.5um,14.35,counts/m3,15,20,0,0,hvac_drift
1319,2,2026-05-30 12:00:00,Night,1,0.5um,15.9,counts/m3,15,20,1,0,hvac_drift
1320,2,2026-05-30 18:00:00,Night,2,0.5um,17.43,counts/m3,15,20,1,0,hvac_drift
1321,2,2026-05-31 00:00:00,Day,6,0.5um,17.92,counts/m3,15,20,1,0,hvac_drift
1322,2,2026-05-31 06:00:00,Evening,2,0.5um,18.03,counts/m3,15,20,1,0,hvac_drift
1323,2,2026-05-31 12:00:00,Night,5,0.5um,19.49,counts/m3,15,20,1,0,hvac_drift
1324,2,2026-05-31 18:00:00,Night,7,0.5um,18.99,counts/m3,15,20,1,0,hvac_drift
1325,2,2026-06-01 00:00:00,Day,7,0.5um,19.2,counts/m3,15,20,1,0,hvac_drift
1326,2,2026-06-01 06:00:00,Evening,1,0.5um,19.85,counts/m3,15,20,1,0,hvac_drift
1327,2,2026-06-01 12:00:00,Night,2,0.5um,22.52,counts/m3,15,20,1,1,hvac_drift
1328,2,2026-06-01 18:00:00,Night,6,0.5um,24.15,counts/m3,15,20,1,1,hvac_drift
1329,2,2026-06-02 00:00:00,Day,3,0.5um,23.73,counts/m3,15,20,1,1,hvac_drift
1330,2,2026-06-02 06:00:00,Evening,4,0.5um,24.87,counts/m3,15,20,1,1,hvac_drift
1331,2,2026-06-02 12:00:00,Night,4,0.5um,24.42,counts/m3,15,20,1,1,hvac_drift
1332,2,2026-06-02 18:00:00,Night,5,0.5um,25.01,counts/m3,15,20,1,1,hvac_drift
1333,2,2026-06-03 00:00:00,Day,4,0.5um,29.23,counts/m3,15,20,1,1,hvac_drift
1334,2,2026-06-03 06:00:00,Evening,1,0.5um,26.91,counts/m3,15,20,1,1,hvac_drift
1335,2,2026-06-03 12:00:00,Night,1,0.5um,28.79,counts/m3,15,20,1,1,hvac_drift
1336,2,2026-06-03 18:00:00,Night,1,0.5um,31.42,counts/m3,15,20,1,1,hvac_drift
1337,2,2026-06-04 00:00:00,Day,3,0.5um,32.0,counts/m3,15,20,1,1,hvac_drift
1338,2,2026-06-04 06:00:00,Evening,7,0.5um,31.13,counts/m3,15,20,1,1,hvac_drift
1339,2,2026-06-04 12:00:00,Night,8,0.5um,33.68,counts/m3,15,20,1,1,hvac_drift
1340,2,2026-06-04 18:00:00,Night,4,0.5um,33.27,counts/m3,15,20,1,1,hvac_drift
1341,2,2026-06-05 00:00:00,Day,1,0.5um,31.49,counts/m3,15,20,1,1,hvac_drift
1342,2,2026-06-05 06:00:00,Evening,1,0.5um,19.2,counts/m3,15,20,1,0,hvac_drift
1343,2,2026-06-05 12:00:00,Night,7,0.5um,21.67,counts/m3,15,20,1,1,hvac_drift
1344,2,2026-06-05 18:00:00,Night,3,0.5um,31.17,counts/m3,15,20,1,1,hvac_drift
1345,2,2026-06-06 00:00:00,Day,8,0.5um,35.15,counts/m3,15,20,1,1,hvac_drift
1346,2,2026-06-06 06:00:00,Evening,5,0.5um,32.46,counts/m3,15,20,1,1,hvac_drift
1347,2,2026-06-06 12:00:00,Night,8,0.5um,30.07,counts/m3,15,20,1,1,hvac_drift
1348,2,2026-06-06 18:00:00,Night,2,0.5um,28.44,counts/m3,15,20,1,1,hvac_drift
1349,2,2026-06-07 00:00:00,Day,7,0.5um,27.37,counts/m3,15,20,1,1,hvac_drift
1350,2,2026-06-07 06:00:00,Evening,5,0.5um,25.98,counts/m3,15,20,1,1,hvac_drift
1351,2,2026-06-07 12:00:00,Night,4,0.5um,24.44,counts/m3,15,20,1,1,hvac_drift
1352,2,2026-06-07 18:00:00,Night,5,0.5um,30.58,counts/m3,15,20,1,1,hvac_drift
1353,2,2026-06-08 00:00:00,Day,3,0.5um,36.62,counts/m3,15,20,1,1,hvac_drift
1354,2,2026-06-08 06:00:00,Evening,5,0.5um,36.55,counts/m3,15,20,1,1,hvac_drift
1355,2,2026-06-08 12:00:00,Night,7,0.5um,33.17,counts/m3,15,20,1,1,hvac_drift
1356,2,2026-06-08 18:00:00,Night,7,0.5um,31.56,counts/m3,15,20,1,1,hvac_drift
1357,2,2026-06-09 00:00:00,Day,8,0.5um,18.93,counts/m3,15,20,1,0,hvac_drift
1358,2,2026-06-09 06:00:00,Evening,4,0.5um,18.29,counts/m3,15,20,1,0,hvac_drift
1359,2,2026-06-09 12:00:00,Night,7,0.5um,17.33,counts/m3,15,20,1,0,hvac_drift
1360,2,2026-06-09 18:00:00,Night,8,0.5um,25.15,counts/m3,15,20,1,1,hvac_drift
1361,2,2026-06-10 00:00:00,Day,1,0.5um,28.52,counts/m3,15,20,1,1,hvac_drift
1362,2,2026-06-10 06:00:00,Evening,4,0.5um,27.14,counts/m3,15,20,1,1,hvac_drift
1363,2,2026-06-10 12:00:00,Night,6,0.5um,23.66,counts/m3,15,20,1,1,hvac_drift
1364,2,2026-06-10 18:00:00,Night,4,0.5um,25.57,counts/m3,15,20,1,1,hvac_drift
1365,2,2026-06-11 00:00:00,Day,1,0.5um,22.41,counts/m3,15,20,1,1,hvac_drift
1366,2,2026-06-11 06:00:00,Evening,6,0.5um,19.84,counts/m3,15,20,1,0,hvac_drift
1367,2,2026-06-11 12:00:00,Night,4,0.5um,20.12,counts/m3,15,20,1,1,hvac_drift
1368,2,2026-06-11 18:00:00,Night,5,0.5um,28.16,counts/m3,15,20,1,1,hvac_drift
1369,2,2026-06-12 00:00:00,Day,1,0.5um,34.74,counts/m3,15,20,1,1,hvac_drift
1370,2,2026-06-12 06:00:00,Evening,1,0.5um,34.58,counts/m3,15,20,1,1,hvac_drift
1371,2,2026-06-12 12:00:00,Night,5,0.5um,31.11,counts/m3,15,20,1,1,hvac_drift
1372,2,2026-06-12 18:00:00,Night,8,0.5um,27.02,counts/m3,15,20,1,1,hvac_drift
1373,2,2026-06-13 00:00:00,Day,6,0.5um,25.86,counts/m3,15,20,1,1,hvac_drift
1374,2,2026-06-13 06:00:00,Evening,8,0.5um,42.56,counts/m3,15,20,1,1,hvac_drift
1375,2,2026-06-13 12:00:00,Night,7,0.5um,41.1,counts/m3,15,20,1,1,hvac_drift
1376,2,2026-06-13 18:00:00,Night,3,0.5um,46.57,counts/m3,15,20,1,1,hvac_drift
1377,2,2026-06-14 00:00:00,Day,1,0.5um,51.73,counts/m3,15,20,1,1,hvac_drift
1378,2,2026-06-14 06:00:00,Evening,5,0.5um,51.28,counts/m3,15,20,1,1,hvac_drift
1379,2,2026-06-14 12:00:00,Night,5,0.5um,30.17,counts/m3,15,20,1,1,hvac_drift
1380,2,2026-06-14 18:00:00,Night,7,0.5um,26.95,counts/m3,15,20,1,1,hvac_drift
1381,2,2026-06-15 00:00:00,Day,5,0.5um,25.2,counts/m3,15,20,1,1,hvac_drift
1382,2,2026-06-15 06:00:00,Evening,8,0.5um,22.69,counts/m3,15,20,1,1,hvac_drift
1383,2,2026-06-15 12:00:00,Night,7,0.5um,21.02,counts/m3,15,20,1,1,hvac_drift
1384,2,2026-06-15 18:00:00,Night,5,0.5um,23.0,counts/m3,15,20,1,1,hvac_drift
1385,2,2026-06-16 00:00:00,Day,5,0.5um,25.8,counts/m3,15,20,1,1,hvac_drift
1386,2,2026-06-16 06:00:00,Evening,1,0.5um,25.36,counts/m3,15,20,1,1,hvac_drift
1387,2,2026-06-16 12:00:00,Night,7,0.5um,23.21,counts/m3,15,20,1,1,hvac_drift
1388,2,2026-06-16 18:00:00,Night,6,0.5um,20.5,counts/m3,15,20,1,1,hvac_drift
1389,2,2026-06-17 00:00:00,Day,8,0.5um,18.21,counts/m3,15,20,1,0,hvac_drift
1390,2,2026-06-17 06:00:00,Evening,1,0.5um,15.1,counts/m3,15,20,1,0,hvac_drift
1391,2,2026-06-17 12:00:00,Night,2,0.5um,14.79,counts/m3,15,20,0,0,hvac_drift
1392,2,2026-06-17 18:00:00,Night,6,0.5um,20.26,counts/m3,15,20,1,1,hvac_drift
1393,2,2026-06-18 00:00:00,Day,4,0.5um,24.4,counts/m3,15,20,1,1,hvac_drift
1394,2,2026-06-18 06:00:00,Evening,5,0.5um,25.28,counts/m3,15,20,1,1,hvac_drift
1395,2,2026-06-18 12:00:00,Night,4,0.5um,20.42,counts/m3,15,20,1,1,hvac_drift
1396,2,2026-06-18 18:00:00,Night,6,0.5um,17.97,counts/m3,15,20,1,0,hvac_drift
1397,2,2026-06-19 00:00:00,Day,6,0.5um,16.92,counts/m3,15,20,1,0,hvac_drift
1398,2,2026-06-19 06:00:00,Evening,2,0.5um,17.02,counts/m3,15,20,1,0,hvac_drift
1399,2,2026-06-19 12:00:00,Night,7,0.5um,13.89,counts/m3,15,20,0,0,hvac_drift
1400,2,2026-06-19 18:00:00,Night,4,0.5um,20.55,counts/m3,15,20,1,1,hvac_drift
1401,2,2026-06-20 00:00:00,Day,5,0.5um,27.86,counts/m3,15,20,1,1,hvac_drift
1402,2,2026-06-20 06:00:00,Evening,5,0.5um,25.88,counts/m3,15,20,1,1,hvac_drift
1403,2,2026-06-20 12:00:00,Night,6,0.5um,21.15,counts/m3,15,20,1,1,hvac_drift
1404,2,2026-06-20 18:00:00,Night,3,0.5um,12.74,counts/m3,15,20,0,0,hvac_drift
1405,2,2026-06-21 00:00:00,Day,1,0.5um,14.77,counts/m3,15,20,0,0,hvac_drift
1406,2,2026-06-21 06:00:00,Evening,2,0.5um,13.71,counts/m3,15,20,0,0,hvac_drift
1407,2,2026-06-21 12:00:00,Night,8,0.5um,13.66,counts/m3,15,20,0,0,hvac_drift
1408,2,2026-06-21 18:00:00,Night,2,0.5um,13.71,counts/m3,15,20,0,0,hvac_drift
1409,2,2026-06-22 00:00:00,Day,2,0.5um,14.39,counts/m3,15,20,0,0,hvac_drift
1410,2,2026-06-22 06:00:00,Evening,7,0.5um,13.45,counts/m3,15,20,0,0,hvac_drift
1411,2,2026-06-22 12:00:00,Night,2,0.5um,15.52,counts/m3,15,20,1,0,hvac_drift
1412,2,2026-06-22 18:00:00,Night,4,0.5um,14.22,counts/m3,15,20,0,0,hvac_drift
1413,2,2026-06-23 00:00:00,Day,3,0.5um,15.29,counts/m3,15,20,1,0,hvac_drift
1414,2,2026-06-23 06:00:00,Evening,6,0.5um,18.9,counts/m3,15,20,1,0,hvac_drift
1415,2,2026-06-23 12:00:00,Night,5,0.5um,16.88,counts/m3,15,20,1,0,hvac_drift
1416,2,2026-06-23 18:00:00,Night,5,0.5um,14.96,counts/m3,15,20,0,0,hvac_drift
1417,2,2026-06-24 00:00:00,Day,5,0.5um,14.67,counts/m3,15,20,0,0,hvac_drift
1418,2,2026-06-24 06:00:00,Evening,7,0.5um,16.79,counts/m3,15,20,1,0,hvac_drift
1419,2,2026-06-24 12:00:00,Night,5,0.5um,12.51,counts/m3,15,20,0,0,hvac_drift
1420,2,2026-06-24 18:00:00,Night,5,0.5um,13.71,counts/m3,15,20,0,0,hvac_drift
1421,2,2026-06-25 00:00:00,Day,8,0.5um,17.91,counts/m3,15,20,1,0,hvac_drift
1422,2,2026-06-25 06:00:00,Evening,1,0.5um,0.15,counts/m3,15,20,0,0,glove_breach
1423,2,2026-06-25 12:00:00,Night,7,0.5um,0.14,counts/m3,15,20,0,0,glove_breach
1424,2,2026-06-25 18:00:00,Night,2,0.5um,1.12,counts/m3,15,20,0,0,glove_breach
1425,2,2026-06-26 00:00:00,Day,3,0.5um,0.11,counts/m3,15,20,0,0,glove_breach
1426,2,2026-06-26 06:00:00,Evening,1,0.5um,1.1,counts/m3,15,20,0,0,glove_breach
1427,2,2026-06-26 12:00:00,Night,5,0.5um,4.09,counts/m3,15,20,0,0,glove_breach
1428,2,2026-06-26 18:00:00,Night,7,0.5um,1.08,counts/m3,15,20,0,0,glove_breach
1429,2,2026-06-27 00:00:00,Day,4,0.5um,1.07,counts/m3,15,20,0,0,glove_breach
1430,2,2026-06-27 06:00:00,Evening,6,0.5um,0.07,counts/m3,15,20,0,0,glove_breach
1431,2,2026-06-27 12:00:00,Night,4,0.5um,2.06,counts/m3,15,20,0,0,glove_breach
1432,2,2026-06-27 18:00:00,Night,7,0.5um,1.06,counts/m3,15,20,0,0,glove_breach
1433,2,2026-06-28 00:00:00,Day,8,0.5um,1.05,counts/m3,15,20,0,0,glove_breach
1434,2,2026-06-28 06:00:00,Evening,6,0.5um,0.0,counts/m3,15,20,0,0,none
1435,2,2026-06-28 12:00:00,Night,3,0.5um,0.0,counts/m3,15,20,0,0,none
1436,2,2026-06-28 18:00:00,Night,7,0.5um,1.0,counts/m3,15,20,0,0,none
1437,2,2026-06-29 00:00:00,Day,1,0.5um,1.0,counts/m3,15,20,0,0,none
1438,2,2026-06-29 06:00:00,Evening,8,0.5um,0.0,counts/m3,15,20,0,0,none
1439,2,2026-06-29 12:00:00,Night,7,0.5um,1.0,counts/m3,15,20,0,0,none
1440,2,2026-06-29 18:00:00,Night,6,0.5um,2.0,counts/m3,15,20,0,0,none
1441,3,2026-01-01 00:00:00,Day,5,0.5um,1.0,counts/m3,15,20,0,0,none
1442,3,2026-01-01 06:00:00,Evening,3,0.5um,0.0,counts/m3,15,20,0,0,none
1443,3,2026-01-01 12:00:00,Night,4,0.5um,3.0,counts/m3,15,20,0,0,none
1444,3,2026-01-01 18:00:00,Night,1,0.5um,1.0,counts/m3,15,20,0,0,none
1445,3,2026-01-02 00:00:00,Day,3,0.5um,1.0,counts/m3,15,20,0,0,none
1446,3,2026-01-02 06:00:00,Evening,5,0.5um,1.01,counts/m3,15,20,0,0,none
1447,3,2026-01-02 12:00:00,Night,3,0.5um,3.04,counts/m3,15,20,0,0,none
1448,3,2026-01-02 18:00:00,Night,7,0.5um,1.08,counts/m3,15,20,0,0,none
1449,3,2026-01-03 00:00:00,Day,7,0.5um,0.12,counts/m3,15,20,0,0,none
1450,3,2026-01-03 06:00:00,Evening,5,0.5um,1.15,counts/m3,15,20,0,0,none
1451,3,2026-01-03 12:00:00,Night,3,0.5um,0.19,counts/m3,15,20,0,0,none
1452,3,2026-01-03 18:00:00,Night,3,0.5um,0.23,counts/m3,15,20,0,0,none
1453,3,2026-01-04 00:00:00,Day,5,0.5um,1.26,counts/m3,15,20,0,0,none
1454,3,2026-01-04 06:00:00,Evening,6,0.5um,0.3,counts/m3,15,20,0,0,none
1455,3,2026-01-04 12:00:00,Night,2,0.5um,1.34,counts/m3,15,20,0,0,none
1456,3,2026-01-04 18:00:00,Night,4,0.5um,2.37,counts/m3,15,20,0,0,none
1457,3,2026-01-05 00:00:00,Day,4,0.5um,2.41,counts/m3,15,20,0,0,none
1458,3,2026-01-05 06:00:00,Evening,3,0.5um,0.45,counts/m3,15,20,0,0,none
1459,3,2026-01-05 12:00:00,Night,2,0.5um,0.48,counts/m3,15,20,0,0,none
1460,3,2026-01-05 18:00:00,Night,7,0.5um,0.52,counts/m3,15,20,0,0,none
1461,3,2026-01-06 00:00:00,Day,4,0.5um,3.56,counts/m3,15,20,0,0,none
1462,3,2026-01-06 06:00:00,Evening,5,0.5um,2.59,counts/m3,15,20,0,0,none
1463,3,2026-01-06 12:00:00,Night,1,0.5um,2.63,counts/m3,15,20,0,0,none
1464,3,2026-01-06 18:00:00,Night,3,0.5um,2.67,counts/m3,15,20,0,0,none
1465,3,2026-01-07 00:00:00,Day,2,0.5um,1.7,counts/m3,15,20,0,0,none
1466,3,2026-01-07 06:00:00,Evening,3,0.5um,0.74,counts/m3,15,20,0,0,none
1467,3,2026-01-07 12:00:00,Night,7,0.5um,0.78,counts/m3,15,20,0,0,none
1468,3,2026-01-07 18:00:00,Night,5,0.5um,2.81,counts/m3,15,20,0,0,none
1469,3,2026-01-08 00:00:00,Day,8,0.5um,0.85,counts/m3,15,20,0,0,none
1470,3,2026-01-08 06:00:00,Evening,4,0.5um,1.38,counts/m3,15,20,0,0,none
1471,3,2026-01-08 12:00:00,Night,7,0.5um,1.37,counts/m3,15,20,0,0,none
1472,3,2026-01-08 18:00:00,Night,2,0.5um,3.36,counts/m3,15,20,0,0,none
1473,3,2026-01-09 00:00:00,Day,7,0.5um,2.36,counts/m3,15,20,0,0,none
1474,3,2026-01-09 06:00:00,Evening,5,0.5um,1.36,counts/m3,15,20,0,0,none
1475,3,2026-01-09 12:00:00,Night,1,0.5um,18.42,counts/m3,15,20,1,0,glove_breach
1476,3,2026-01-09 18:00:00,Night,6,0.5um,22.81,counts/m3,15,20,1,1,glove_breach
1477,3,2026-01-10 00:00:00,Day,4,0.5um,15.36,counts/m3,15,20,1,0,glove_breach
1478,3,2026-01-10 06:00:00,Evening,1,0.5um,14.04,counts/m3,15,20,0,0,glove_breach
1479,3,2026-01-10 12:00:00,Night,7,0.5um,12.86,counts/m3,15,20,0,0,glove_breach
1480,3,2026-01-10 18:00:00,Night,5,0.5um,11.8,counts/m3,15,20,0,0,glove_breach
1481,3,2026-01-11 00:00:00,Day,5,0.5um,17.52,counts/m3,15,20,1,0,mechanical_friction
1482,3,2026-01-11 06:00:00,Evening,5,0.5um,22.23,counts/m3,15,20,1,1,mechanical_friction
1483,3,2026-01-11 12:00:00,Night,1,0.5um,19.67,counts/m3,15,20,1,0,mechanical_friction
1484,3,2026-01-11 18:00:00,Night,3,0.5um,14.96,counts/m3,15,20,0,0,mechanical_friction
1485,3,2026-01-12 00:00:00,Day,6,0.5um,13.55,counts/m3,15,20,0,0,mechanical_friction
1486,3,2026-01-12 06:00:00,Evening,3,0.5um,13.19,counts/m3,15,20,0,0,mechanical_friction
1487,3,2026-01-12 12:00:00,Night,8,0.5um,11.68,counts/m3,15,20,0,0,mechanical_friction
1488,3,2026-01-12 18:00:00,Night,3,0.5um,9.44,counts/m3,15,20,0,0,mechanical_friction
1489,3,2026-01-13 00:00:00,Day,4,0.5um,13.6,counts/m3,15,20,0,0,mechanical_friction
1490,3,2026-01-13 06:00:00,Evening,4,0.5um,15.81,counts/m3,15,20,1,0,mechanical_friction
1491,3,2026-01-13 12:00:00,Night,1,0.5um,15.76,counts/m3,15,20,1,0,mechanical_friction
1492,3,2026-01-13 18:00:00,Night,7,0.5um,11.53,counts/m3,15,20,0,0,mechanical_friction
1493,3,2026-01-14 00:00:00,Day,2,0.5um,10.55,counts/m3,15,20,0,0,mechanical_friction
1494,3,2026-01-14 06:00:00,Evening,4,0.5um,10.59,counts/m3,15,20,0,0,mechanical_friction
1495,3,2026-01-14 12:00:00,Night,8,0.5um,7.44,counts/m3,15,20,0,0,mechanical_friction
1496,3,2026-01-14 18:00:00,Night,8,0.5um,8.54,counts/m3,15,20,0,0,mechanical_friction
1497,3,2026-01-15 00:00:00,Day,2,0.5um,10.02,counts/m3,15,20,0,0,mechanical_friction
1498,3,2026-01-15 06:00:00,Evening,4,0.5um,15.51,counts/m3,15,20,1,0,mechanical_friction
1499,3,2026-01-15 12:00:00,Night,5,0.5um,17.67,counts/m3,15,20,1,0,mechanical_friction
1500,3,2026-01-15 18:00:00,Night,6,0.5um,10.62,counts/m3,15,20,0,0,mechanical_friction
1501,3,2026-01-16 00:00:00,Day,3,0.5um,10.8,counts/m3,15,20,0,0,mechanical_friction
1502,3,2026-01-16 06:00:00,Evening,5,0.5um,10.0,counts/m3,15,20,0,0,mechanical_friction
1503,3,2026-01-16 12:00:00,Night,7,0.5um,7.17,counts/m3,15,20,0,0,mechanical_friction
1504,3,2026-01-16 18:00:00,Night,7,0.5um,5.53,counts/m3,15,20,0,0,mechanical_friction
1505,3,2026-01-17 00:00:00,Day,7,0.5um,9.78,counts/m3,15,20,0,0,mechanical_friction
1506,3,2026-01-17 06:00:00,Evening,8,0.5um,13.39,counts/m3,15,20,0,0,mechanical_friction
1507,3,2026-01-17 12:00:00,Night,7,0.5um,12.57,counts/m3,15,20,0,0,mechanical_friction
1508,3,2026-01-17 18:00:00,Night,5,0.5um,8.54,counts/m3,15,20,0,0,mechanical_friction
1509,3,2026-01-18 00:00:00,Day,8,0.5um,7.86,counts/m3,15,20,0,0,mechanical_friction
1510,3,2026-01-18 06:00:00,Evening,4,0.5um,9.26,counts/m3,15,20,0,0,mechanical_friction
1511,3,2026-01-18 12:00:00,Night,6,0.5um,7.61,counts/m3,15,20,0,0,mechanical_friction
1512,3,2026-01-18 18:00:00,Night,8,0.5um,6.19,counts/m3,15,20,0,0,mechanical_friction
1513,3,2026-01-19 00:00:00,Day,1,0.5um,9.97,counts/m3,15,20,0,0,mechanical_friction
1514,3,2026-01-19 06:00:00,Evening,8,0.5um,13.67,counts/m3,15,20,0,0,mechanical_friction
1515,3,2026-01-19 12:00:00,Night,7,0.5um,14.1,counts/m3,15,20,0,0,mechanical_friction
1516,3,2026-01-19 18:00:00,Night,8,0.5um,10.3,counts/m3,15,20,0,0,mechanical_friction
1517,3,2026-01-20 00:00:00,Day,7,0.5um,9.65,counts/m3,15,20,0,0,mechanical_friction
1518,3,2026-01-20 06:00:00,Evening,2,0.5um,9.08,counts/m3,15,20,0,0,mechanical_friction
1519,3,2026-01-20 12:00:00,Night,3,0.5um,8.66,counts/m3,15,20,0,0,mechanical_friction
1520,3,2026-01-20 18:00:00,Night,1,0.5um,6.25,counts/m3,15,20,0,0,mechanical_friction
1521,3,2026-01-21 00:00:00,Day,5,0.5um,12.03,counts/m3,15,20,0,0,mechanical_friction
1522,3,2026-01-21 06:00:00,Evening,4,0.5um,17.74,counts/m3,15,20,1,0,mechanical_friction
1523,3,2026-01-21 12:00:00,Night,4,0.5um,18.16,counts/m3,15,20,1,0,mechanical_friction
1524,3,2026-01-21 18:00:00,Night,6,0.5um,13.37,counts/m3,15,20,0,0,mechanical_friction
1525,3,2026-01-22 00:00:00,Day,7,0.5um,12.73,counts/m3,15,20,0,0,mechanical_friction
1526,3,2026-01-22 06:00:00,Evening,1,0.5um,13.03,counts/m3,15,20,0,0,mechanical_friction
1527,3,2026-01-22 12:00:00,Night,8,0.5um,12.24,counts/m3,15,20,0,0,mechanical_friction
1528,3,2026-01-22 18:00:00,Night,3,0.5um,9.68,counts/m3,15,20,0,0,mechanical_friction
1529,3,2026-01-23 00:00:00,Day,7,0.5um,14.34,counts/m3,15,20,0,0,mechanical_friction
1530,3,2026-01-23 06:00:00,Evening,5,0.5um,19.93,counts/m3,15,20,1,0,mechanical_friction
1531,3,2026-01-23 12:00:00,Night,4,0.5um,22.03,counts/m3,15,20,1,1,mechanical_friction
1532,3,2026-01-23 18:00:00,Night,2,0.5um,16.07,counts/m3,15,20,1,0,mechanical_friction
1533,3,2026-01-24 00:00:00,Day,2,0.5um,15.27,counts/m3,15,20,1,0,mechanical_friction
1534,3,2026-01-24 06:00:00,Evening,6,0.5um,17.48,counts/m3,15,20,1,0,mechanical_friction
1535,3,2026-01-24 12:00:00,Night,3,0.5um,13.28,counts/m3,15,20,0,0,mechanical_friction
1536,3,2026-01-24 18:00:00,Night,2,0.5um,13.62,counts/m3,15,20,0,0,mechanical_friction
1537,3,2026-01-25 00:00:00,Day,1,0.5um,19.16,counts/m3,15,20,1,0,mechanical_friction
1538,3,2026-01-25 06:00:00,Evening,7,0.5um,23.67,counts/m3,15,20,1,1,mechanical_friction
1539,3,2026-01-25 12:00:00,Night,4,0.5um,22.9,counts/m3,15,20,1,1,mechanical_friction
1540,3,2026-01-25 18:00:00,Night,3,0.5um,18.94,counts/m3,15,20,1,0,mechanical_friction
1541,3,2026-01-26 00:00:00,Day,3,0.5um,11.45,counts/m3,15,20,0,0,hvac_drift
1542,3,2026-01-26 06:00:00,Evening,5,0.5um,11.53,counts/m3,15,20,0,0,hvac_drift
1543,3,2026-01-26 12:00:00,Night,4,0.5um,12.79,counts/m3,15,20,0,0,hvac_drift
1544,3,2026-01-26 18:00:00,Night,5,0.5um,14.07,counts/m3,15,20,0,0,hvac_drift
1545,3,2026-01-27 00:00:00,Day,3,0.5um,13.19,counts/m3,15,20,0,0,hvac_drift
1546,3,2026-01-27 06:00:00,Evening,3,0.5um,13.25,counts/m3,15,20,0,0,hvac_drift
1547,3,2026-01-27 12:00:00,Night,7,0.5um,12.38,counts/m3,15,20,0,0,hvac_drift
1548,3,2026-01-27 18:00:00,Night,4,0.5um,14.53,counts/m3,15,20,0,0,hvac_drift
1549,3,2026-01-28 00:00:00,Day,8,0.5um,14.62,counts/m3,15,20,0,0,hvac_drift
1550,3,2026-01-28 06:00:00,Evening,7,0.5um,8.97,counts/m3,15,20,0,0,hvac_drift
1551,3,2026-01-28 12:00:00,Night,6,0.5um,9.25,counts/m3,15,20,0,0,hvac_drift
1552,3,2026-01-28 18:00:00,Night,5,0.5um,9.54,counts/m3,15,20,0,0,hvac_drift
1553,3,2026-01-29 00:00:00,Day,7,0.5um,10.66,counts/m3,15,20,0,0,hvac_drift
1554,3,2026-01-29 06:00:00,Evening,1,0.5um,10.71,counts/m3,15,20,0,0,hvac_drift
1555,3,2026-01-29 12:00:00,Night,4,0.5um,11.84,counts/m3,15,20,0,0,hvac_drift
1556,3,2026-01-29 18:00:00,Night,6,0.5um,10.97,counts/m3,15,20,0,0,hvac_drift
1557,3,2026-01-30 00:00:00,Day,1,0.5um,12.65,counts/m3,15,20,0,0,hvac_drift
1558,3,2026-01-30 06:00:00,Evening,2,0.5um,11.73,counts/m3,15,20,0,0,hvac_drift
1559,3,2026-01-30 12:00:00,Night,1,0.5um,12.0,counts/m3,15,20,0,0,hvac_drift
1560,3,2026-01-30 18:00:00,Night,4,0.5um,13.26,counts/m3,15,20,0,0,hvac_drift
1561,3,2026-01-31 00:00:00,Day,5,0.5um,12.37,counts/m3,15,20,0,0,hvac_drift
1562,3,2026-01-31 06:00:00,Evening,4,0.5um,12.41,counts/m3,15,20,0,0,hvac_drift
1563,3,2026-01-31 12:00:00,Night,1,0.5um,11.34,counts/m3,15,20,0,0,hvac_drift
1564,3,2026-01-31 18:00:00,Night,4,0.5um,14.72,counts/m3,15,20,0,0,hvac_drift
1565,3,2026-02-01 00:00:00,Day,8,0.5um,15.09,counts/m3,15,20,1,0,hvac_drift
1566,3,2026-02-01 06:00:00,Evening,1,0.5um,17.29,counts/m3,15,20,1,0,hvac_drift
1567,3,2026-02-01 12:00:00,Night,7,0.5um,14.51,counts/m3,15,20,0,0,hvac_drift
1568,3,2026-02-01 18:00:00,Night,3,0.5um,2.94,counts/m3,15,20,0,0,hvac_drift
1569,3,2026-02-02 00:00:00,Day,1,0.5um,5.0,counts/m3,15,20,0,0,hvac_drift
1570,3,2026-02-02 06:00:00,Evening,1,0.5um,6.28,counts/m3,15,20,0,0,hvac_drift
1571,3,2026-02-02 12:00:00,Night,1,0.5um,4.26,counts/m3,15,20,0,0,hvac_drift
1572,3,2026-02-02 18:00:00,Night,4,0.5um,6.25,counts/m3,15,20,0,0,hvac_drift
1573,3,2026-02-03 00:00:00,Day,4,0.5um,8.27,counts/m3,15,20,0,0,hvac_drift
1574,3,2026-02-03 06:00:00,Evening,5,0.5um,5.31,counts/m3,15,20,0,0,hvac_drift
1575,3,2026-02-03 12:00:00,Night,1,0.5um,5.36,counts/m3,15,20,0,0,hvac_drift
1576,3,2026-02-03 18:00:00,Night,6,0.5um,5.43,counts/m3,15,20,0,0,hvac_drift
1577,3,2026-02-04 00:00:00,Day,6,0.5um,5.52,counts/m3,15,20,0,0,hvac_drift
1578,3,2026-02-04 06:00:00,Evening,1,0.5um,4.94,counts/m3,15,20,0,0,hvac_drift
1579,3,2026-02-04 12:00:00,Night,6,0.5um,5.02,counts/m3,15,20,0,0,hvac_drift
1580,3,2026-02-04 18:00:00,Night,1,0.5um,7.12,counts/m3,15,20,0,0,hvac_drift
1581,3,2026-02-05 00:00:00,Day,4,0.5um,7.23,counts/m3,15,20,0,0,hvac_drift
1582,3,2026-02-05 06:00:00,Evening,6,0.5um,6.35,counts/m3,15,20,0,0,hvac_drift
1583,3,2026-02-05 12:00:00,Night,7,0.5um,5.48,counts/m3,15,20,0,0,hvac_drift
1584,3,2026-02-05 18:00:00,Night,5,0.5um,6.61,counts/m3,15,20,0,0,hvac_drift
1585,3,2026-02-06 00:00:00,Day,4,0.5um,9.76,counts/m3,15,20,0,0,hvac_drift
1586,3,2026-02-06 06:00:00,Evening,7,0.5um,6.91,counts/m3,15,20,0,0,hvac_drift
1587,3,2026-02-06 12:00:00,Night,2,0.5um,6.08,counts/m3,15,20,0,0,hvac_drift
1588,3,2026-02-06 18:00:00,Night,2,0.5um,7.24,counts/m3,15,20,0,0,hvac_drift
1589,3,2026-02-07 00:00:00,Day,4,0.5um,7.42,counts/m3,15,20,0,0,hvac_drift
1590,3,2026-02-07 06:00:00,Evening,1,0.5um,7.6,counts/m3,15,20,0,0,hvac_drift
1591,3,2026-02-07 12:00:00,Night,1,0.5um,6.78,counts/m3,15,20,0,0,hvac_drift
1592,3,2026-02-07 18:00:00,Night,3,0.5um,7.4,counts/m3,15,20,0,0,hvac_drift
1593,3,2026-02-08 00:00:00,Day,2,0.5um,9.93,counts/m3,15,20,0,0,hvac_drift
1594,3,2026-02-08 06:00:00,Evening,6,0.5um,10.06,counts/m3,15,20,0,0,hvac_drift
1595,3,2026-02-08 12:00:00,Night,5,0.5um,11.04,counts/m3,15,20,0,0,hvac_drift
1596,3,2026-02-08 18:00:00,Night,4,0.5um,8.18,counts/m3,15,20,0,0,hvac_drift
1597,3,2026-02-09 00:00:00,Day,4,0.5um,12.32,counts/m3,15,20,0,0,hvac_drift
1598,3,2026-02-09 06:00:00,Evening,1,0.5um,10.3,counts/m3,15,20,0,0,hvac_drift
1599,3,2026-02-09 12:00:00,Night,4,0.5um,8.45,counts/m3,15,20,0,0,hvac_drift
1600,3,2026-02-09 18:00:00,Night,1,0.5um,9.01,counts/m3,15,20,0,0,hvac_drift
1601,3,2026-02-10 00:00:00,Day,3,0.5um,12.56,counts/m3,15,20,0,0,hvac_drift
1602,3,2026-02-10 06:00:00,Evening,6,0.5um,10.72,counts/m3,15,20,0,0,hvac_drift
1603,3,2026-02-10 12:00:00,Night,8,0.5um,10.76,counts/m3,15,20,0,0,hvac_drift
1604,3,2026-02-10 18:00:00,Night,3,0.5um,10.96,counts/m3,15,20,0,0,hvac_drift
1605,3,2026-02-11 00:00:00,Day,3,0.5um,11.11,counts/m3,15,20,0,0,hvac_drift
1606,3,2026-02-11 06:00:00,Evening,6,0.5um,14.07,counts/m3,15,20,0,0,hvac_drift
1607,3,2026-02-11 12:00:00,Night,8,0.5um,13.22,counts/m3,15,20,0,0,hvac_drift
1608,3,2026-02-11 18:00:00,Night,3,0.5um,13.78,counts/m3,15,20,0,0,hvac_drift
1609,3,2026-02-12 00:00:00,Day,7,0.5um,12.32,counts/m3,15,20,0,0,hvac_drift
1610,3,2026-02-12 06:00:00,Evening,3,0.5um,11.47,counts/m3,15,20,0,0,hvac_drift
1611,3,2026-02-12 12:00:00,Night,6,0.5um,13.51,counts/m3,15,20,0,0,hvac_drift
1612,3,2026-02-12 18:00:00,Night,2,0.5um,14.71,counts/m3,15,20,0,0,hvac_drift
1613,3,2026-02-13 00:00:00,Day,3,0.5um,14.07,counts/m3,15,20,0,0,hvac_drift
1614,3,2026-02-13 06:00:00,Evening,8,0.5um,12.19,counts/m3,15,20,0,0,hvac_drift
1615,3,2026-02-13 12:00:00,Night,4,0.5um,14.32,counts/m3,15,20,0,0,hvac_drift
1616,3,2026-02-13 18:00:00,Night,1,0.5um,14.78,counts/m3,15,20,0,0,hvac_drift
1617,3,2026-02-14 00:00:00,Day,7,0.5um,13.29,counts/m3,15,20,0,0,hvac_drift
1618,3,2026-02-14 06:00:00,Evening,2,0.5um,19.43,counts/m3,15,20,1,0,hvac_drift
1619,3,2026-02-14 12:00:00,Night,1,0.5um,13.36,counts/m3,15,20,0,0,hvac_drift
1620,3,2026-02-14 18:00:00,Night,7,0.5um,15.54,counts/m3,15,20,1,0,hvac_drift
1621,3,2026-02-15 00:00:00,Day,3,0.5um,14.86,counts/m3,15,20,0,0,hvac_drift
1622,3,2026-02-15 06:00:00,Evening,2,0.5um,14.99,counts/m3,15,20,0,0,hvac_drift
1623,3,2026-02-15 12:00:00,Night,8,0.5um,1.47,counts/m3,15,20,0,0,none
1624,3,2026-02-15 18:00:00,Night,3,0.5um,0.71,counts/m3,15,20,0,0,none
1625,3,2026-02-16 00:00:00,Day,6,0.5um,3.0,counts/m3,15,20,0,0,none
1626,3,2026-02-16 06:00:00,Evening,3,0.5um,0.96,counts/m3,15,20,0,0,none
1627,3,2026-02-16 12:00:00,Night,5,0.5um,1.74,counts/m3,15,20,0,0,none
1628,3,2026-02-16 18:00:00,Night,6,0.5um,2.76,counts/m3,15,20,0,0,none
1629,3,2026-02-17 00:00:00,Day,7,0.5um,1.91,counts/m3,15,20,0,0,none
1630,3,2026-02-17 06:00:00,Evening,4,0.5um,1.88,counts/m3,15,20,0,0,none
1631,3,2026-02-17 12:00:00,Night,5,0.5um,2.85,counts/m3,15,20,0,0,none
1632,3,2026-02-17 18:00:00,Night,7,0.5um,2.15,counts/m3,15,20,0,0,none
1633,3,2026-02-18 00:00:00,Day,7,0.5um,3.52,counts/m3,15,20,0,0,none
1634,3,2026-02-18 06:00:00,Evening,6,0.5um,4.51,counts/m3,15,20,0,0,none
1635,3,2026-02-18 12:00:00,Night,4,0.5um,2.31,counts/m3,15,20,0,0,none
1636,3,2026-02-18 18:00:00,Night,5,0.5um,20.77,counts/m3,15,20,1,1,glove_breach
1637,3,2026-02-19 00:00:00,Day,8,0.5um,18.38,counts/m3,15,20,1,0,glove_breach
1638,3,2026-02-19 06:00:00,Evening,2,0.5um,15.95,counts/m3,15,20,1,0,glove_breach
1639,3,2026-02-19 12:00:00,Night,6,0.5um,17.66,counts/m3,15,20,1,0,glove_breach
1640,3,2026-02-19 18:00:00,Night,7,0.5um,13.82,counts/m3,15,20,0,0,glove_breach
1641,3,2026-02-20 00:00:00,Day,4,0.5um,12.15,counts/m3,15,20,0,0,glove_breach
1642,3,2026-02-20 06:00:00,Evening,7,0.5um,12.19,counts/m3,15,20,0,0,glove_breach
1643,3,2026-02-20 12:00:00,Night,4,0.5um,11.13,counts/m3,15,20,0,0,glove_breach
1644,3,2026-02-20 18:00:00,Night,7,0.5um,10.39,counts/m3,15,20,0,0,glove_breach
1645,3,2026-02-21 00:00:00,Day,6,0.5um,10.19,counts/m3,15,20,0,0,glove_breach
1646,3,2026-02-21 06:00:00,Evening,1,0.5um,10.51,counts/m3,15,20,0,0,glove_breach
1647,3,2026-02-21 12:00:00,Night,7,0.5um,10.91,counts/m3,15,20,0,0,glove_breach
1648,3,2026-02-21 18:00:00,Night,6,0.5um,9.68,counts/m3,15,20,0,0,glove_breach
1649,3,2026-02-22 00:00:00,Day,2,0.5um,8.57,counts/m3,15,20,0,0,glove_breach
1650,3,2026-02-22 06:00:00,Evening,6,0.5um,8.12,counts/m3,15,20,0,0,glove_breach
1651,3,2026-02-22 12:00:00,Night,5,0.5um,6.51,counts/m3,15,20,0,0,glove_breach
1652,3,2026-02-22 18:00:00,Night,8,0.5um,10.76,counts/m3,15,20,0,0,glove_breach
1653,3,2026-02-23 00:00:00,Day,3,0.5um,5.67,counts/m3,15,20,0,0,glove_breach
1654,3,2026-02-23 06:00:00,Evening,3,0.5um,6.59,counts/m3,15,20,0,0,glove_breach
1655,3,2026-02-23 12:00:00,Night,1,0.5um,6.37,counts/m3,15,20,0,0,glove_breach
1656,3,2026-02-23 18:00:00,Night,7,0.5um,5.1,counts/m3,15,20,0,0,glove_breach
1657,3,2026-02-24 00:00:00,Day,8,0.5um,4.91,counts/m3,15,20,0,0,glove_breach
1658,3,2026-02-24 06:00:00,Evening,6,0.5um,4.77,counts/m3,15,20,0,0,glove_breach
1659,3,2026-02-24 12:00:00,Night,3,0.5um,4.61,counts/m3,15,20,0,0,glove_breach
1660,3,2026-02-24 18:00:00,Night,8,0.5um,5.55,counts/m3,15,20,0,0,glove_breach
1661,3,2026-02-25 00:00:00,Day,3,0.5um,7.64,counts/m3,15,20,0,0,glove_breach
1662,3,2026-02-25 06:00:00,Evening,6,0.5um,5.72,counts/m3,15,20,0,0,glove_breach
1663,3,2026-02-25 12:00:00,Night,5,0.5um,6.6,counts/m3,15,20,0,0,glove_breach
1664,3,2026-02-25 18:00:00,Night,7,0.5um,4.48,counts/m3,15,20,0,0,glove_breach
1665,3,2026-02-26 00:00:00,Day,8,0.5um,6.44,counts/m3,15,20,0,0,glove_breach
1666,3,2026-02-26 06:00:00,Evening,3,0.5um,7.41,counts/m3,15,20,0,0,glove_breach
1667,3,2026-02-26 12:00:00,Night,1,0.5um,4.31,counts/m3,15,20,0,0,glove_breach
1668,3,2026-02-26 18:00:00,Night,2,0.5um,4.3,counts/m3,15,20,0,0,glove_breach
1669,3,2026-02-27 00:00:00,Day,6,0.5um,6.48,counts/m3,15,20,0,0,glove_breach
1670,3,2026-02-27 06:00:00,Evening,3,0.5um,5.66,counts/m3,15,20,0,0,glove_breach
1671,3,2026-02-27 12:00:00,Night,2,0.5um,5.67,counts/m3,15,20,0,0,glove_breach
1672,3,2026-02-27 18:00:00,Night,7,0.5um,6.6,counts/m3,15,20,0,0,glove_breach
1673,3,2026-02-28 00:00:00,Day,6,0.5um,4.42,counts/m3,15,20,0,0,glove_breach
1674,3,2026-02-28 06:00:00,Evening,2,0.5um,5.47,counts/m3,15,20,0,0,glove_breach
1675,3,2026-02-28 12:00:00,Night,6,0.5um,4.52,counts/m3,15,20,0,0,glove_breach
1676,3,2026-02-28 18:00:00,Night,6,0.5um,5.58,counts/m3,15,20,0,0,glove_breach
1677,3,2026-03-01 00:00:00,Day,8,0.5um,5.63,counts/m3,15,20,0,0,hvac_drift
1678,3,2026-03-01 06:00:00,Evening,8,0.5um,5.88,counts/m3,15,20,0,0,hvac_drift
1679,3,2026-03-01 12:00:00,Night,8,0.5um,5.13,counts/m3,15,20,0,0,hvac_drift
1680,3,2026-03-01 18:00:00,Night,8,0.5um,7.73,counts/m3,15,20,0,0,hvac_drift
1681,3,2026-03-02 00:00:00,Day,7,0.5um,9.07,counts/m3,15,20,0,0,hvac_drift
1682,3,2026-03-02 06:00:00,Evening,6,0.5um,8.14,counts/m3,15,20,0,0,hvac_drift
1683,3,2026-03-02 12:00:00,Night,5,0.5um,9.68,counts/m3,15,20,0,0,hvac_drift
1684,3,2026-03-02 18:00:00,Night,7,0.5um,7.75,counts/m3,15,20,0,0,hvac_drift
1685,3,2026-03-03 00:00:00,Day,8,0.5um,8.6,counts/m3,15,20,0,0,hvac_drift
1686,3,2026-03-03 06:00:00,Evening,1,0.5um,5.92,counts/m3,15,20,0,0,hvac_drift
1687,3,2026-03-03 12:00:00,Night,2,0.5um,4.79,counts/m3,15,20,0,0,hvac_drift
1688,3,2026-03-03 18:00:00,Night,4,0.5um,6.94,counts/m3,15,20,0,0,hvac_drift
1689,3,2026-03-04 00:00:00,Day,3,0.5um,8.11,counts/m3,15,20,0,0,hvac_drift
1690,3,2026-03-04 06:00:00,Evening,5,0.5um,7.01,counts/m3,15,20,0,0,hvac_drift
1691,3,2026-03-04 12:00:00,Night,3,0.5um,7.4,counts/m3,15,20,0,0,hvac_drift
1692,3,2026-03-04 18:00:00,Night,7,0.5um,7.32,counts/m3,15,20,0,0,hvac_drift
1693,3,2026-03-05 00:00:00,Day,8,0.5um,8.09,counts/m3,15,20,0,0,hvac_drift
1694,3,2026-03-05 06:00:00,Evening,3,0.5um,6.35,counts/m3,15,20,0,0,hvac_drift
1695,3,2026-03-05 12:00:00,Night,7,0.5um,6.71,counts/m3,15,20,0,0,hvac_drift
1696,3,2026-03-05 18:00:00,Night,1,0.5um,7.74,counts/m3,15,20,0,0,hvac_drift
1697,3,2026-03-06 00:00:00,Day,7,0.5um,7.81,counts/m3,15,20,0,0,hvac_drift
1698,3,2026-03-06 06:00:00,Evening,6,0.5um,7.21,counts/m3,15,20,0,0,hvac_drift
1699,3,2026-03-06 12:00:00,Night,6,0.5um,8.49,counts/m3,15,20,0,0,hvac_drift
1700,3,2026-03-06 18:00:00,Night,4,0.5um,8.31,counts/m3,15,20,0,0,hvac_drift
1701,3,2026-03-07 00:00:00,Day,1,0.5um,9.14,counts/m3,15,20,0,0,hvac_drift
1702,3,2026-03-07 06:00:00,Evening,7,0.5um,9.43,counts/m3,15,20,0,0,hvac_drift
1703,3,2026-03-07 12:00:00,Night,1,0.5um,6.65,counts/m3,15,20,0,0,hvac_drift
1704,3,2026-03-07 18:00:00,Night,4,0.5um,7.75,counts/m3,15,20,0,0,hvac_drift
1705,3,2026-03-08 00:00:00,Day,2,0.5um,8.75,counts/m3,15,20,0,0,hvac_drift
1706,3,2026-03-08 06:00:00,Evening,7,0.5um,10.39,counts/m3,15,20,0,0,hvac_drift
1707,3,2026-03-08 12:00:00,Night,5,0.5um,11.07,counts/m3,15,20,0,0,hvac_drift
1708,3,2026-03-08 18:00:00,Night,5,0.5um,11.06,counts/m3,15,20,0,0,hvac_drift
1709,3,2026-03-09 00:00:00,Day,3,0.5um,12.96,counts/m3,15,20,0,0,hvac_drift
1710,3,2026-03-09 06:00:00,Evening,7,0.5um,12.89,counts/m3,15,20,0,0,hvac_drift
1711,3,2026-03-09 12:00:00,Night,2,0.5um,15.38,counts/m3,15,20,1,0,hvac_drift
1712,3,2026-03-09 18:00:00,Night,6,0.5um,14.55,counts/m3,15,20,0,0,hvac_drift
1713,3,2026-03-10 00:00:00,Day,8,0.5um,14.28,counts/m3,15,20,0,0,hvac_drift
1714,3,2026-03-10 06:00:00,Evening,3,0.5um,14.77,counts/m3,15,20,0,0,hvac_drift
1715,3,2026-03-10 12:00:00,Night,6,0.5um,16.24,counts/m3,15,20,1,0,hvac_drift
1716,3,2026-03-10 18:00:00,Night,3,0.5um,15.24,counts/m3,15,20,1,0,hvac_drift
1717,3,2026-03-11 00:00:00,Day,8,0.5um,16.19,counts/m3,15,20,1,0,hvac_drift
1718,3,2026-03-11 06:00:00,Evening,8,0.5um,16.17,counts/m3,15,20,1,0,hvac_drift
1719,3,2026-03-11 12:00:00,Night,3,0.5um,13.71,counts/m3,15,20,0,0,hvac_drift
1720,3,2026-03-11 18:00:00,Night,2,0.5um,14.93,counts/m3,15,20,0,0,hvac_drift
1721,3,2026-03-12 00:00:00,Day,1,0.5um,17.71,counts/m3,15,20,1,0,hvac_drift
1722,3,2026-03-12 06:00:00,Evening,6,0.5um,16.25,counts/m3,15,20,1,0,hvac_drift
1723,3,2026-03-12 12:00:00,Night,8,0.5um,16.76,counts/m3,15,20,1,0,hvac_drift
1724,3,2026-03-12 18:00:00,Night,2,0.5um,17.8,counts/m3,15,20,1,0,hvac_drift
1725,3,2026-03-13 00:00:00,Day,7,0.5um,18.76,counts/m3,15,20,1,0,hvac_drift
1726,3,2026-03-13 06:00:00,Evening,7,0.5um,18.74,counts/m3,15,20,1,0,hvac_drift
1727,3,2026-03-13 12:00:00,Night,4,0.5um,19.28,counts/m3,15,20,1,0,hvac_drift
1728,3,2026-03-13 18:00:00,Night,2,0.5um,18.51,counts/m3,15,20,1,0,hvac_drift
1729,3,2026-03-14 00:00:00,Day,6,0.5um,19.29,counts/m3,15,20,1,0,hvac_drift
1730,3,2026-03-14 06:00:00,Evening,5,0.5um,19.83,counts/m3,15,20,1,0,hvac_drift
1731,3,2026-03-14 12:00:00,Night,7,0.5um,21.34,counts/m3,15,20,1,1,hvac_drift
1732,3,2026-03-14 18:00:00,Night,5,0.5um,21.39,counts/m3,15,20,1,1,hvac_drift
1733,3,2026-03-15 00:00:00,Day,1,0.5um,22.35,counts/m3,15,20,1,1,hvac_drift
1734,3,2026-03-15 06:00:00,Evening,2,0.5um,23.33,counts/m3,15,20,1,1,hvac_drift
1735,3,2026-03-15 12:00:00,Night,4,0.5um,24.87,counts/m3,15,20,1,1,hvac_drift
1736,3,2026-03-15 18:00:00,Night,4,0.5um,25.1,counts/m3,15,20,1,1,hvac_drift
1737,3,2026-03-16 00:00:00,Day,3,0.5um,11.81,counts/m3,15,20,0,0,hvac_drift
1738,3,2026-03-16 06:00:00,Evening,8,0.5um,13.22,counts/m3,15,20,0,0,hvac_drift
1739,3,2026-03-16 12:00:00,Night,3,0.5um,13.6,counts/m3,15,20,0,0,hvac_drift
1740,3,2026-03-16 18:00:00,Night,6,0.5um,15.17,counts/m3,15,20,1,0,hvac_drift
1741,3,2026-03-17 00:00:00,Day,3,0.5um,14.18,counts/m3,15,20,0,0,hvac_drift
1742,3,2026-03-17 06:00:00,Evening,8,0.5um,13.03,counts/m3,15,20,0,0,hvac_drift
1743,3,2026-03-17 12:00:00,Night,8,0.5um,13.6,counts/m3,15,20,0,0,hvac_drift
1744,3,2026-03-17 18:00:00,Night,7,0.5um,12.59,counts/m3,15,20,0,0,hvac_drift
1745,3,2026-03-18 00:00:00,Day,7,0.5um,14.13,counts/m3,15,20,0,0,hvac_drift
1746,3,2026-03-18 06:00:00,Evening,6,0.5um,13.71,counts/m3,15,20,0,0,hvac_drift
1747,3,2026-03-18 12:00:00,Night,5,0.5um,13.01,counts/m3,15,20,0,0,hvac_drift
1748,3,2026-03-18 18:00:00,Night,5,0.5um,15.27,counts/m3,15,20,1,0,hvac_drift
1749,3,2026-03-19 00:00:00,Day,1,0.5um,17.26,counts/m3,15,20,1,0,hvac_drift
1750,3,2026-03-19 06:00:00,Evening,8,0.5um,15.71,counts/m3,15,20,1,0,hvac_drift
1751,3,2026-03-19 12:00:00,Night,8,0.5um,15.28,counts/m3,15,20,1,0,hvac_drift
1752,3,2026-03-19 18:00:00,Night,5,0.5um,18.2,counts/m3,15,20,1,0,hvac_drift
1753,3,2026-03-20 00:00:00,Day,7,0.5um,13.8,counts/m3,15,20,0,0,hvac_drift
1754,3,2026-03-20 06:00:00,Evening,4,0.5um,14.94,counts/m3,15,20,0,0,hvac_drift
1755,3,2026-03-20 12:00:00,Night,1,0.5um,16.35,counts/m3,15,20,1,0,hvac_drift
1756,3,2026-03-20 18:00:00,Night,7,0.5um,17.76,counts/m3,15,20,1,0,hvac_drift
1757,3,2026-03-21 00:00:00,Day,5,0.5um,19.9,counts/m3,15,20,1,0,hvac_drift
1758,3,2026-03-21 06:00:00,Evening,8,0.5um,17.85,counts/m3,15,20,1,0,hvac_drift
1759,3,2026-03-21 12:00:00,Night,2,0.5um,18.96,counts/m3,15,20,1,0,hvac_drift
1760,3,2026-03-21 18:00:00,Night,4,0.5um,19.07,counts/m3,15,20,1,0,hvac_drift
1761,3,2026-03-22 00:00:00,Day,6,0.5um,17.66,counts/m3,15,20,1,0,hvac_drift
1762,3,2026-03-22 06:00:00,Evening,2,0.5um,17.78,counts/m3,15,20,1,0,hvac_drift
1763,3,2026-03-22 12:00:00,Night,8,0.5um,18.18,counts/m3,15,20,1,0,hvac_drift
1764,3,2026-03-22 18:00:00,Night,5,0.5um,21.59,counts/m3,15,20,1,1,hvac_drift
1765,3,2026-03-23 00:00:00,Day,2,0.5um,7.25,counts/m3,15,20,0,0,none
1766,3,2026-03-23 06:00:00,Evening,6,0.5um,7.63,counts/m3,15,20,0,0,none
1767,3,2026-03-23 12:00:00,Night,8,0.5um,6.39,counts/m3,15,20,0,0,none
1768,3,2026-03-23 18:00:00,Night,3,0.5um,6.46,counts/m3,15,20,0,0,none
1769,3,2026-03-24 00:00:00,Day,5,0.5um,4.45,counts/m3,15,20,0,0,none
1770,3,2026-03-24 06:00:00,Evening,6,0.5um,5.52,counts/m3,15,20,0,0,none
1771,3,2026-03-24 12:00:00,Night,2,0.5um,5.79,counts/m3,15,20,0,0,none
1772,3,2026-03-24 18:00:00,Night,5,0.5um,7.13,counts/m3,15,20,0,0,none
1773,3,2026-03-25 00:00:00,Day,5,0.5um,8.11,counts/m3,15,20,0,0,none
1774,3,2026-03-25 06:00:00,Evening,3,0.5um,6.01,counts/m3,15,20,0,0,none
1775,3,2026-03-25 12:00:00,Night,3,0.5um,13.81,counts/m3,15,20,0,0,mechanical_friction
1776,3,2026-03-25 18:00:00,Night,6,0.5um,16.79,counts/m3,15,20,1,0,mechanical_friction
1777,3,2026-03-26 00:00:00,Day,7,0.5um,16.74,counts/m3,15,20,1,0,mechanical_friction
1778,3,2026-03-26 06:00:00,Evening,4,0.5um,11.12,counts/m3,15,20,0,0,mechanical_friction
1779,3,2026-03-26 12:00:00,Night,2,0.5um,11.35,counts/m3,15,20,0,0,mechanical_friction
1780,3,2026-03-26 18:00:00,Night,7,0.5um,10.6,counts/m3,15,20,0,0,mechanical_friction
1781,3,2026-03-27 00:00:00,Day,2,0.5um,5.99,counts/m3,15,20,0,0,mechanical_friction
1782,3,2026-03-27 06:00:00,Evening,1,0.5um,4.97,counts/m3,15,20,0,0,mechanical_friction
1783,3,2026-03-27 12:00:00,Night,3,0.5um,12.45,counts/m3,15,20,0,0,mechanical_friction
1784,3,2026-03-27 18:00:00,Night,7,0.5um,16.93,counts/m3,15,20,1,0,mechanical_friction
1785,3,2026-03-28 00:00:00,Day,7,0.5um,15.93,counts/m3,15,20,1,0,mechanical_friction
1786,3,2026-03-28 06:00:00,Evening,3,0.5um,14.34,counts/m3,15,20,0,0,mechanical_friction
1787,3,2026-03-28 12:00:00,Night,5,0.5um,10.61,counts/m3,15,20,0,0,mechanical_friction
1788,3,2026-03-28 18:00:00,Night,8,0.5um,12.89,counts/m3,15,20,0,0,mechanical_friction
1789,3,2026-03-29 00:00:00,Day,6,0.5um,6.31,counts/m3,15,20,0,0,mechanical_friction
1790,3,2026-03-29 06:00:00,Evening,7,0.5um,7.31,counts/m3,15,20,0,0,mechanical_friction
1791,3,2026-03-29 12:00:00,Night,1,0.5um,12.86,counts/m3,15,20,0,0,mechanical_friction
1792,3,2026-03-29 18:00:00,Night,2,0.5um,17.4,counts/m3,15,20,1,0,mechanical_friction
1793,3,2026-03-30 00:00:00,Day,1,0.5um,15.45,counts/m3,15,20,1,0,mechanical_friction
1794,3,2026-03-30 06:00:00,Evening,8,0.5um,11.93,counts/m3,15,20,0,0,mechanical_friction
1795,3,2026-03-30 12:00:00,Night,3,0.5um,14.26,counts/m3,15,20,0,0,mechanical_friction
1796,3,2026-03-30 18:00:00,Night,4,0.5um,13.59,counts/m3,15,20,0,0,mechanical_friction
1797,3,2026-03-31 00:00:00,Day,5,0.5um,5.85,counts/m3,15,20,0,0,mechanical_friction
1798,3,2026-03-31 06:00:00,Evening,5,0.5um,4.85,counts/m3,15,20,0,0,mechanical_friction
1799,3,2026-03-31 12:00:00,Night,1,0.5um,9.36,counts/m3,15,20,0,0,mechanical_friction
1800,3,2026-03-31 18:00:00,Night,8,0.5um,15.87,counts/m3,15,20,1,0,mechanical_friction
1801,3,2026-04-01 00:00:00,Day,4,0.5um,13.68,counts/m3,15,20,0,0,mechanical_friction
1802,3,2026-04-01 06:00:00,Evening,8,0.5um,11.76,counts/m3,15,20,0,0,mechanical_friction
1803,3,2026-04-01 12:00:00,Night,7,0.5um,10.94,counts/m3,15,20,0,0,mechanical_friction
1804,3,2026-04-01 18:00:00,Night,6,0.5um,9.81,counts/m3,15,20,0,0,mechanical_friction
1805,3,2026-04-02 00:00:00,Day,6,0.5um,5.51,counts/m3,15,20,0,0,mechanical_friction
1806,3,2026-04-02 06:00:00,Evening,8,0.5um,5.63,counts/m3,15,20,0,0,mechanical_friction
1807,3,2026-04-02 12:00:00,Night,3,0.5um,10.1,counts/m3,15,20,0,0,mechanical_friction
1808,3,2026-04-02 18:00:00,Night,3,0.5um,16.04,counts/m3,15,20,1,0,mechanical_friction
1809,3,2026-04-03 00:00:00,Day,6,0.5um,15.98,counts/m3,15,20,1,0,mechanical_friction
1810,3,2026-04-03 06:00:00,Evening,2,0.5um,13.11,counts/m3,15,20,0,0,mechanical_friction
1811,3,2026-04-03 12:00:00,Night,7,0.5um,11.29,counts/m3,15,20,0,0,mechanical_friction
1812,3,2026-04-03 18:00:00,Night,1,0.5um,10.16,counts/m3,15,20,0,0,mechanical_friction
1813,3,2026-04-04 00:00:00,Day,8,0.5um,6.54,counts/m3,15,20,0,0,mechanical_friction
1814,3,2026-04-04 06:00:00,Evening,3,0.5um,6.72,counts/m3,15,20,0,0,mechanical_friction
1815,3,2026-04-04 12:00:00,Night,1,0.5um,12.35,counts/m3,15,20,0,0,mechanical_friction
1816,3,2026-04-04 18:00:00,Night,5,0.5um,17.29,counts/m3,15,20,1,0,mechanical_friction
1817,3,2026-04-05 00:00:00,Day,3,0.5um,18.23,counts/m3,15,20,1,0,mechanical_friction
1818,3,2026-04-05 06:00:00,Evening,3,0.5um,17.36,counts/m3,15,20,1,0,mechanical_friction
1819,3,2026-04-05 12:00:00,Night,4,0.5um,13.26,counts/m3,15,20,0,0,mechanical_friction
1820,3,2026-04-05 18:00:00,Night,5,0.5um,15.12,counts/m3,15,20,1,0,mechanical_friction
1821,3,2026-04-06 00:00:00,Day,2,0.5um,9.3,counts/m3,15,20,0,0,mechanical_friction
1822,3,2026-04-06 06:00:00,Evening,1,0.5um,7.47,counts/m3,15,20,0,0,mechanical_friction
1823,3,2026-04-06 12:00:00,Night,4,0.5um,14.1,counts/m3,15,20,0,0,mechanical_friction
1824,3,2026-04-06 18:00:00,Night,3,0.5um,20.03,counts/m3,15,20,1,1,mechanical_friction
1825,3,2026-04-07 00:00:00,Day,5,0.5um,19.96,counts/m3,15,20,1,0,mechanical_friction
1826,3,2026-04-07 06:00:00,Evening,6,0.5um,17.33,counts/m3,15,20,1,0,mechanical_friction
1827,3,2026-04-07 12:00:00,Night,5,0.5um,16.69,counts/m3,15,20,1,0,mechanical_friction
1828,3,2026-04-07 18:00:00,Night,1,0.5um,15.52,counts/m3,15,20,1,0,mechanical_friction
1829,3,2026-04-08 00:00:00,Day,8,0.5um,10.77,counts/m3,15,20,0,0,mechanical_friction
1830,3,2026-04-08 06:00:00,Evening,6,0.5um,9.91,counts/m3,15,20,0,0,mechanical_friction
1831,3,2026-04-08 12:00:00,Night,1,0.5um,15.5,counts/m3,15,20,1,0,mechanical_friction
1832,3,2026-04-08 18:00:00,Night,7,0.5um,21.31,counts/m3,15,20,1,1,mechanical_friction
1833,3,2026-04-09 00:00:00,Day,8,0.5um,24.42,counts/m3,15,20,1,1,mechanical_friction
1834,3,2026-04-09 06:00:00,Evening,5,0.5um,20.63,counts/m3,15,20,1,1,mechanical_friction
1835,3,2026-04-09 12:00:00,Night,7,0.5um,12.09,counts/m3,15,20,0,0,hvac_drift
1836,3,2026-04-09 18:00:00,Night,8,0.5um,12.77,counts/m3,15,20,0,0,hvac_drift
1837,3,2026-04-10 00:00:00,Day,8,0.5um,11.53,counts/m3,15,20,0,0,hvac_drift
1838,3,2026-04-10 06:00:00,Evening,8,0.5um,15.54,counts/m3,15,20,1,0,hvac_drift
1839,3,2026-04-10 12:00:00,Night,2,0.5um,11.58,counts/m3,15,20,0,0,hvac_drift
1840,3,2026-04-10 18:00:00,Night,1,0.5um,12.86,counts/m3,15,20,0,0,hvac_drift
1841,3,2026-04-11 00:00:00,Day,6,0.5um,12.64,counts/m3,15,20,0,0,hvac_drift
1842,3,2026-04-11 06:00:00,Evening,6,0.5um,14.01,counts/m3,15,20,0,0,hvac_drift
1843,3,2026-04-11 12:00:00,Night,5,0.5um,15.68,counts/m3,15,20,1,0,hvac_drift
1844,3,2026-04-11 18:00:00,Night,2,0.5um,14.34,counts/m3,15,20,0,0,hvac_drift
1845,3,2026-04-12 00:00:00,Day,8,0.5um,14.88,counts/m3,15,20,0,0,hvac_drift
1846,3,2026-04-12 06:00:00,Evening,4,0.5um,14.86,counts/m3,15,20,0,0,hvac_drift
1847,3,2026-04-12 12:00:00,Night,6,0.5um,16.44,counts/m3,15,20,1,0,hvac_drift
1848,3,2026-04-12 18:00:00,Night,5,0.5um,16.33,counts/m3,15,20,1,0,hvac_drift
1849,3,2026-04-13 00:00:00,Day,8,0.5um,15.94,counts/m3,15,20,1,0,hvac_drift
1850,3,2026-04-13 06:00:00,Evening,6,0.5um,15.65,counts/m3,15,20,1,0,hvac_drift
1851,3,2026-04-13 12:00:00,Night,6,0.5um,15.2,counts/m3,15,20,1,0,hvac_drift
1852,3,2026-04-13 18:00:00,Night,7,0.5um,16.31,counts/m3,15,20,1,0,hvac_drift
1853,3,2026-04-14 00:00:00,Day,1,0.5um,16.68,counts/m3,15,20,1,0,hvac_drift
1854,3,2026-04-14 06:00:00,Evening,6,0.5um,15.31,counts/m3,15,20,1,0,hvac_drift
1855,3,2026-04-14 12:00:00,Night,5,0.5um,15.18,counts/m3,15,20,1,0,hvac_drift
1856,3,2026-04-14 18:00:00,Night,7,0.5um,14.08,counts/m3,15,20,0,0,hvac_drift
1857,3,2026-04-15 00:00:00,Day,2,0.5um,15.73,counts/m3,15,20,1,0,hvac_drift
1858,3,2026-04-15 06:00:00,Evening,5,0.5um,19.58,counts/m3,15,20,1,0,hvac_drift
1859,3,2026-04-15 12:00:00,Night,3,0.5um,18.15,counts/m3,15,20,1,0,hvac_drift
1860,3,2026-04-15 18:00:00,Night,1,0.5um,17.7,counts/m3,15,20,1,0,hvac_drift
1861,3,2026-04-16 00:00:00,Day,5,0.5um,15.35,counts/m3,15,20,1,0,hvac_drift
1862,3,2026-04-16 06:00:00,Evening,1,0.5um,16.36,counts/m3,15,20,1,0,hvac_drift
1863,3,2026-04-16 12:00:00,Night,1,0.5um,16.7,counts/m3,15,20,1,0,hvac_drift
1864,3,2026-04-16 18:00:00,Night,5,0.5um,22.23,counts/m3,15,20,1,1,hvac_drift
1865,3,2026-04-17 00:00:00,Day,8,0.5um,6.28,counts/m3,15,20,0,0,none
1866,3,2026-04-17 06:00:00,Evening,6,0.5um,6.2,counts/m3,15,20,0,0,none
1867,3,2026-04-17 12:00:00,Night,1,0.5um,7.36,counts/m3,15,20,0,0,none
1868,3,2026-04-17 18:00:00,Night,1,0.5um,9.17,counts/m3,15,20,0,0,none
1869,3,2026-04-18 00:00:00,Day,4,0.5um,7.33,counts/m3,15,20,0,0,none
1870,3,2026-04-18 06:00:00,Evening,4,0.5um,7.65,counts/m3,15,20,0,0,hvac_drift
1871,3,2026-04-18 12:00:00,Night,1,0.5um,5.36,counts/m3,15,20,0,0,hvac_drift
1872,3,2026-04-18 18:00:00,Night,3,0.5um,5.82,counts/m3,15,20,0,0,hvac_drift
1873,3,2026-04-19 00:00:00,Day,2,0.5um,5.36,counts/m3,15,20,0,0,hvac_drift
1874,3,2026-04-19 06:00:00,Evening,5,0.5um,6.82,counts/m3,15,20,0,0,hvac_drift
1875,3,2026-04-19 12:00:00,Night,6,0.5um,6.68,counts/m3,15,20,0,0,hvac_drift
1876,3,2026-04-19 18:00:00,Night,4,0.5um,6.86,counts/m3,15,20,0,0,hvac_drift
1877,3,2026-04-20 00:00:00,Day,5,0.5um,5.37,counts/m3,15,20,0,0,hvac_drift
1878,3,2026-04-20 06:00:00,Evening,2,0.5um,6.02,counts/m3,15,20,0,0,hvac_drift
1879,3,2026-04-20 12:00:00,Night,7,0.5um,5.86,counts/m3,15,20,0,0,hvac_drift
1880,3,2026-04-20 18:00:00,Night,1,0.5um,5.43,counts/m3,15,20,0,0,hvac_drift
1881,3,2026-04-21 00:00:00,Day,5,0.5um,4.17,counts/m3,15,20,0,0,hvac_drift
1882,3,2026-04-21 06:00:00,Evening,3,0.5um,7.26,counts/m3,15,20,0,0,hvac_drift
1883,3,2026-04-21 12:00:00,Night,4,0.5um,9.15,counts/m3,15,20,0,0,hvac_drift
1884,3,2026-04-21 18:00:00,Night,5,0.5um,8.34,counts/m3,15,20,0,0,hvac_drift
1885,3,2026-04-22 00:00:00,Day,6,0.5um,6.87,counts/m3,15,20,0,0,hvac_drift
1886,3,2026-04-22 06:00:00,Evening,8,0.5um,6.29,counts/m3,15,20,0,0,hvac_drift
1887,3,2026-04-22 12:00:00,Night,5,0.5um,8.17,counts/m3,15,20,0,0,hvac_drift
1888,3,2026-04-22 18:00:00,Night,2,0.5um,5.88,counts/m3,15,20,0,0,hvac_drift
1889,3,2026-04-23 00:00:00,Day,5,0.5um,6.66,counts/m3,15,20,0,0,hvac_drift
1890,3,2026-04-23 06:00:00,Evening,5,0.5um,8.96,counts/m3,15,20,0,0,hvac_drift
1891,3,2026-04-23 12:00:00,Night,7,0.5um,8.8,counts/m3,15,20,0,0,hvac_drift
1892,3,2026-04-23 18:00:00,Night,5,0.5um,8.16,counts/m3,15,20,0,0,hvac_drift
1893,3,2026-04-24 00:00:00,Day,7,0.5um,9.92,counts/m3,15,20,0,0,hvac_drift
1894,3,2026-04-24 06:00:00,Evening,6,0.5um,7.73,counts/m3,15,20,0,0,hvac_drift
1895,3,2026-04-24 12:00:00,Night,5,0.5um,8.71,counts/m3,15,20,0,0,hvac_drift
1896,3,2026-04-24 18:00:00,Night,3,0.5um,6.5,counts/m3,15,20,0,0,hvac_drift
1897,3,2026-04-25 00:00:00,Day,3,0.5um,8.37,counts/m3,15,20,0,0,hvac_drift
1898,3,2026-04-25 06:00:00,Evening,1,0.5um,10.88,counts/m3,15,20,0,0,hvac_drift
1899,3,2026-04-25 12:00:00,Night,5,0.5um,8.79,counts/m3,15,20,0,0,hvac_drift
1900,3,2026-04-25 18:00:00,Night,8,0.5um,9.2,counts/m3,15,20,0,0,hvac_drift
1901,3,2026-04-26 00:00:00,Day,1,0.5um,12.03,counts/m3,15,20,0,0,hvac_drift
1902,3,2026-04-26 06:00:00,Evening,8,0.5um,8.38,counts/m3,15,20,0,0,hvac_drift
1903,3,2026-04-26 12:00:00,Night,7,0.5um,7.47,counts/m3,15,20,0,0,hvac_drift
1904,3,2026-04-26 18:00:00,Night,4,0.5um,10.57,counts/m3,15,20,0,0,hvac_drift
1905,3,2026-04-27 00:00:00,Day,3,0.5um,8.54,counts/m3,15,20,0,0,hvac_drift
1906,3,2026-04-27 06:00:00,Evening,5,0.5um,7.68,counts/m3,15,20,0,0,hvac_drift
1907,3,2026-04-27 12:00:00,Night,7,0.5um,9.2,counts/m3,15,20,0,0,hvac_drift
1908,3,2026-04-27 18:00:00,Night,1,0.5um,8.72,counts/m3,15,20,0,0,hvac_drift
1909,3,2026-04-28 00:00:00,Day,4,0.5um,8.84,counts/m3,15,20,0,0,hvac_drift
1910,3,2026-04-28 06:00:00,Evening,1,0.5um,9.79,counts/m3,15,20,0,0,hvac_drift
1911,3,2026-04-28 12:00:00,Night,6,0.5um,9.89,counts/m3,15,20,0,0,hvac_drift
1912,3,2026-04-28 18:00:00,Night,1,0.5um,10.02,counts/m3,15,20,0,0,hvac_drift
1913,3,2026-04-29 00:00:00,Day,3,0.5um,10.0,counts/m3,15,20,0,0,hvac_drift
1914,3,2026-04-29 06:00:00,Evening,6,0.5um,9.16,counts/m3,15,20,0,0,hvac_drift
1915,3,2026-04-29 12:00:00,Night,7,0.5um,13.12,counts/m3,15,20,0,0,hvac_drift
1916,3,2026-04-29 18:00:00,Night,2,0.5um,13.42,counts/m3,15,20,0,0,hvac_drift
1917,3,2026-04-30 00:00:00,Day,5,0.5um,13.3,counts/m3,15,20,0,0,hvac_drift
1918,3,2026-04-30 06:00:00,Evening,2,0.5um,14.08,counts/m3,15,20,0,0,hvac_drift
1919,3,2026-04-30 12:00:00,Night,5,0.5um,12.43,counts/m3,15,20,0,0,hvac_drift
1920,3,2026-04-30 18:00:00,Night,1,0.5um,12.72,counts/m3,15,20,0,0,hvac_drift
1921,3,2026-05-01 00:00:00,Day,7,0.5um,13.49,counts/m3,15,20,0,0,hvac_drift
1922,3,2026-05-01 06:00:00,Evening,1,0.5um,16.3,counts/m3,15,20,1,0,hvac_drift
1923,3,2026-05-01 12:00:00,Night,5,0.5um,14.68,counts/m3,15,20,0,0,hvac_drift
1924,3,2026-05-01 18:00:00,Night,4,0.5um,17.06,counts/m3,15,20,1,0,hvac_drift
1925,3,2026-05-02 00:00:00,Day,2,0.5um,15.9,counts/m3,15,20,1,0,hvac_drift
1926,3,2026-05-02 06:00:00,Evening,5,0.5um,12.73,counts/m3,15,20,0,0,hvac_drift
1927,3,2026-05-02 12:00:00,Night,2,0.5um,12.67,counts/m3,15,20,0,0,hvac_drift
1928,3,2026-05-02 18:00:00,Night,5,0.5um,13.11,counts/m3,15,20,0,0,hvac_drift
1929,3,2026-05-03 00:00:00,Day,6,0.5um,14.19,counts/m3,15,20,0,0,hvac_drift
1930,3,2026-05-03 06:00:00,Evening,4,0.5um,4.08,counts/m3,15,20,0,0,none
1931,3,2026-05-03 12:00:00,Night,3,0.5um,1.97,counts/m3,15,20,0,0,none
1932,3,2026-05-03 18:00:00,Night,4,0.5um,1.87,counts/m3,15,20,0,0,none
1933,3,2026-05-04 00:00:00,Day,8,0.5um,1.68,counts/m3,15,20,0,0,none
1934,3,2026-05-04 06:00:00,Evening,7,0.5um,1.4,counts/m3,15,20,0,0,none
1935,3,2026-05-04 12:00:00,Night,1,0.5um,2.58,counts/m3,15,20,0,0,none
1936,3,2026-05-04 18:00:00,Night,3,0.5um,4.77,counts/m3,15,20,0,0,none
1937,3,2026-05-05 00:00:00,Day,1,0.5um,1.62,counts/m3,15,20,0,0,none
1938,3,2026-05-05 06:00:00,Evening,2,0.5um,2.32,counts/m3,15,20,0,0,none
1939,3,2026-05-05 12:00:00,Night,7,0.5um,2.19,counts/m3,15,20,0,0,none
1940,3,2026-05-05 18:00:00,Night,7,0.5um,2.06,counts/m3,15,20,0,0,none
1941,3,2026-05-06 00:00:00,Day,4,0.5um,1.78,counts/m3,15,20,0,0,none
1942,3,2026-05-06 06:00:00,Evening,6,0.5um,1.67,counts/m3,15,20,0,0,none
1943,3,2026-05-06 12:00:00,Night,3,0.5um,2.92,counts/m3,15,20,0,0,none
1944,3,2026-05-06 18:00:00,Night,4,0.5um,1.18,counts/m3,15,20,0,0,none
1945,3,2026-05-07 00:00:00,Day,7,0.5um,2.09,counts/m3,15,20,0,0,none
1946,3,2026-05-07 06:00:00,Evening,3,0.5um,0.86,counts/m3,15,20,0,0,none
1947,3,2026-05-07 12:00:00,Night,3,0.5um,4.48,counts/m3,15,20,0,0,none
1948,3,2026-05-07 18:00:00,Night,2,0.5um,3.25,counts/m3,15,20,0,0,none
1949,3,2026-05-08 00:00:00,Day,2,0.5um,2.88,counts/m3,15,20,0,0,none
1950,3,2026-05-08 06:00:00,Evening,1,0.5um,3.67,counts/m3,15,20,0,0,none
1951,3,2026-05-08 12:00:00,Night,7,0.5um,1.85,counts/m3,15,20,0,0,none
1952,3,2026-05-08 18:00:00,Night,7,0.5um,4.04,counts/m3,15,20,0,0,none
1953,3,2026-05-09 00:00:00,Day,4,0.5um,4.88,counts/m3,15,20,0,0,none
1954,3,2026-05-09 06:00:00,Evening,5,0.5um,3.58,counts/m3,15,20,0,0,none
1955,3,2026-05-09 12:00:00,Night,2,0.5um,2.44,counts/m3,15,20,0,0,none
1956,3,2026-05-09 18:00:00,Night,1,0.5um,1.31,counts/m3,15,20,0,0,none
1957,3,2026-05-10 00:00:00,Day,5,0.5um,2.04,counts/m3,15,20,0,0,none
1958,3,2026-05-10 06:00:00,Evening,2,0.5um,0.92,counts/m3,15,20,0,0,none
1959,3,2026-05-10 12:00:00,Night,7,0.5um,1.18,counts/m3,15,20,0,0,none
1960,3,2026-05-10 18:00:00,Night,3,0.5um,3.44,counts/m3,15,20,0,0,none
1961,3,2026-05-11 00:00:00,Day,6,0.5um,1.34,counts/m3,15,20,0,0,none
1962,3,2026-05-11 06:00:00,Evening,3,0.5um,3.1,counts/m3,15,20,0,0,none
1963,3,2026-05-11 12:00:00,Night,2,0.5um,3.02,counts/m3,15,20,0,0,none
1964,3,2026-05-11 18:00:00,Night,5,0.5um,2.94,counts/m3,15,20,0,0,none
1965,3,2026-05-12 00:00:00,Day,2,0.5um,2.71,counts/m3,15,20,0,0,none
1966,3,2026-05-12 06:00:00,Evening,4,0.5um,3.63,counts/m3,15,20,0,0,none
1967,3,2026-05-12 12:00:00,Night,3,0.5um,6.36,counts/m3,15,20,0,0,none
1968,3,2026-05-12 18:00:00,Night,8,0.5um,5.23,counts/m3,15,20,0,0,none
1969,3,2026-05-13 00:00:00,Day,5,0.5um,6.78,counts/m3,15,20,0,0,none
1970,3,2026-05-13 06:00:00,Evening,6,0.5um,5.23,counts/m3,15,20,0,0,none
1971,3,2026-05-13 12:00:00,Night,5,0.5um,4.85,counts/m3,15,20,0,0,none
1972,3,2026-05-13 18:00:00,Night,8,0.5um,3.52,counts/m3,15,20,0,0,none
1973,3,2026-05-14 00:00:00,Day,4,0.5um,4.07,counts/m3,15,20,0,0,none
1974,3,2026-05-14 06:00:00,Evening,7,0.5um,4.07,counts/m3,15,20,0,0,none
1975,3,2026-05-14 12:00:00,Night,8,0.5um,5.4,counts/m3,15,20,0,0,none
1976,3,2026-05-14 18:00:00,Night,8,0.5um,3.49,counts/m3,15,20,0,0,none
1977,3,2026-05-15 00:00:00,Day,6,0.5um,3.13,counts/m3,15,20,0,0,none
1978,3,2026-05-15 06:00:00,Evening,8,0.5um,4.75,counts/m3,15,20,0,0,none
1979,3,2026-05-15 12:00:00,Night,6,0.5um,3.15,counts/m3,15,20,0,0,none
1980,3,2026-05-15 18:00:00,Night,3,0.5um,3.89,counts/m3,15,20,0,0,none
1981,3,2026-05-16 00:00:00,Day,2,0.5um,3.75,counts/m3,15,20,0,0,none
1982,3,2026-05-16 06:00:00,Evening,2,0.5um,1.89,counts/m3,15,20,0,0,none
1983,3,2026-05-16 12:00:00,Night,5,0.5um,2.04,counts/m3,15,20,0,0,none
1984,3,2026-05-16 18:00:00,Night,2,0.5um,2.93,counts/m3,15,20,0,0,none
1985,3,2026-05-17 00:00:00,Day,2,0.5um,4.72,counts/m3,15,20,0,0,none
1986,3,2026-05-17 06:00:00,Evening,6,0.5um,1.63,counts/m3,15,20,0,0,none
1987,3,2026-05-17 12:00:00,Night,3,0.5um,2.55,counts/m3,15,20,0,0,none
1988,3,2026-05-17 18:00:00,Night,6,0.5um,5.37,counts/m3,15,20,0,0,none
1989,3,2026-05-18 00:00:00,Day,8,0.5um,3.3,counts/m3,15,20,0,0,none
1990,3,2026-05-18 06:00:00,Evening,1,0.5um,1.49,counts/m3,15,20,0,0,none
1991,3,2026-05-18 12:00:00,Night,6,0.5um,1.7,counts/m3,15,20,0,0,none
1992,3,2026-05-18 18:00:00,Night,7,0.5um,2.64,counts/m3,15,20,0,0,none
1993,3,2026-05-19 00:00:00,Day,2,0.5um,4.48,counts/m3,15,20,0,0,none
1994,3,2026-05-19 06:00:00,Evening,7,0.5um,2.43,counts/m3,15,20,0,0,none
1995,3,2026-05-19 12:00:00,Night,5,0.5um,3.38,counts/m3,15,20,0,0,none
1996,3,2026-05-19 18:00:00,Night,6,0.5um,1.23,counts/m3,15,20,0,0,none
1997,3,2026-05-20 00:00:00,Day,1,0.5um,1.19,counts/m3,15,20,0,0,none
1998,3,2026-05-20 06:00:00,Evening,4,0.5um,3.42,counts/m3,15,20,0,0,none
1999,3,2026-05-20 12:00:00,Night,3,0.5um,1.64,counts/m3,15,20,0,0,none
2000,3,2026-05-20 18:00:00,Night,2,0.5um,2.61,counts/m3,15,20,0,0,none
2001,3,2026-05-21 00:00:00,Day,7,0.5um,5.47,counts/m3,15,20,0,0,none
2002,3,2026-05-21 06:00:00,Evening,5,0.5um,2.44,counts/m3,15,20,0,0,none
2003,3,2026-05-21 12:00:00,Night,8,0.5um,1.48,counts/m3,15,20,0,0,none
2004,3,2026-05-21 18:00:00,Night,2,0.5um,1.72,counts/m3,15,20,0,0,none
2005,3,2026-05-22 00:00:00,Day,6,0.5um,3.92,counts/m3,15,20,0,0,none
2006,3,2026-05-22 06:00:00,Evening,5,0.5um,3.34,counts/m3,15,20,0,0,none
2007,3,2026-05-22 12:00:00,Night,6,0.5um,4.62,counts/m3,15,20,0,0,none
2008,3,2026-05-22 18:00:00,Night,3,0.5um,1.57,counts/m3,15,20,0,0,none
2009,3,2026-05-23 00:00:00,Day,6,0.5um,2.47,counts/m3,15,20,0,0,none
2010,3,2026-05-23 06:00:00,Evening,2,0.5um,1.49,counts/m3,15,20,0,0,none
2011,3,2026-05-23 12:00:00,Night,7,0.5um,2.44,counts/m3,15,20,0,0,none
2012,3,2026-05-23 18:00:00,Night,4,0.5um,1.35,counts/m3,15,20,0,0,none
2013,3,2026-05-24 00:00:00,Day,4,0.5um,2.53,counts/m3,15,20,0,0,none
2014,3,2026-05-24 06:00:00,Evening,5,0.5um,2.97,counts/m3,15,20,0,0,none
2015,3,2026-05-24 12:00:00,Night,1,0.5um,3.26,counts/m3,15,20,0,0,none
2016,3,2026-05-24 18:00:00,Night,3,0.5um,3.21,counts/m3,15,20,0,0,none
2017,3,2026-05-25 00:00:00,Day,2,0.5um,3.12,counts/m3,15,20,0,0,none
2018,3,2026-05-25 06:00:00,Evening,8,0.5um,3.3,counts/m3,15,20,0,0,none
2019,3,2026-05-25 12:00:00,Night,4,0.5um,6.19,counts/m3,15,20,0,0,none
2020,3,2026-05-25 18:00:00,Night,1,0.5um,3.04,counts/m3,15,20,0,0,none
2021,3,2026-05-26 00:00:00,Day,1,0.5um,5.18,counts/m3,15,20,0,0,none
2022,3,2026-05-26 06:00:00,Evening,8,0.5um,5.58,counts/m3,15,20,0,0,none
2023,3,2026-05-26 12:00:00,Night,2,0.5um,4.83,counts/m3,15,20,0,0,none
2024,3,2026-05-26 18:00:00,Night,1,0.5um,3.76,counts/m3,15,20,0,0,none
2025,3,2026-05-27 00:00:00,Day,2,0.5um,4.65,counts/m3,15,20,0,0,none
2026,3,2026-05-27 06:00:00,Evening,2,0.5um,6.66,counts/m3,15,20,0,0,none
2027,3,2026-05-27 12:00:00,Night,1,0.5um,3.59,counts/m3,15,20,0,0,none
2028,3,2026-05-27 18:00:00,Night,8,0.5um,4.5,counts/m3,15,20,0,0,none
2029,3,2026-05-28 00:00:00,Day,1,0.5um,6.69,counts/m3,15,20,0,0,none
2030,3,2026-05-28 06:00:00,Evening,6,0.5um,5.14,counts/m3,15,20,0,0,none
2031,3,2026-05-28 12:00:00,Night,7,0.5um,4.74,counts/m3,15,20,0,0,none
2032,3,2026-05-28 18:00:00,Night,6,0.5um,3.69,counts/m3,15,20,0,0,none
2033,3,2026-05-29 00:00:00,Day,2,0.5um,5.6,counts/m3,15,20,0,0,none
2034,3,2026-05-29 06:00:00,Evening,6,0.5um,3.35,counts/m3,15,20,0,0,none
2035,3,2026-05-29 12:00:00,Night,3,0.5um,4.35,counts/m3,15,20,0,0,none
2036,3,2026-05-29 18:00:00,Night,4,0.5um,3.42,counts/m3,15,20,0,0,none
2037,3,2026-05-30 00:00:00,Day,3,0.5um,4.65,counts/m3,15,20,0,0,none
2038,3,2026-05-30 06:00:00,Evening,7,0.5um,4.89,counts/m3,15,20,0,0,none
2039,3,2026-05-30 12:00:00,Night,5,0.5um,9.59,counts/m3,15,20,0,0,mechanical_friction
2040,3,2026-05-30 18:00:00,Night,2,0.5um,14.17,counts/m3,15,20,0,0,mechanical_friction
2041,3,2026-05-31 00:00:00,Day,4,0.5um,13.52,counts/m3,15,20,0,0,mechanical_friction
2042,3,2026-05-31 06:00:00,Evening,7,0.5um,10.81,counts/m3,15,20,0,0,mechanical_friction
2043,3,2026-05-31 12:00:00,Night,8,0.5um,11.08,counts/m3,15,20,0,0,mechanical_friction
2044,3,2026-05-31 18:00:00,Night,8,0.5um,11.42,counts/m3,15,20,0,0,mechanical_friction
2045,3,2026-06-01 00:00:00,Day,2,0.5um,8.74,counts/m3,15,20,0,0,mechanical_friction
2046,3,2026-06-01 06:00:00,Evening,7,0.5um,6.27,counts/m3,15,20,0,0,mechanical_friction
2047,3,2026-06-01 12:00:00,Night,5,0.5um,11.95,counts/m3,15,20,0,0,mechanical_friction
2048,3,2026-06-01 18:00:00,Night,6,0.5um,16.56,counts/m3,15,20,1,0,mechanical_friction
2049,3,2026-06-02 00:00:00,Day,4,0.5um,15.93,counts/m3,15,20,1,0,mechanical_friction
2050,3,2026-06-02 06:00:00,Evening,6,0.5um,13.1,counts/m3,15,20,0,0,mechanical_friction
2051,3,2026-06-02 12:00:00,Night,3,0.5um,12.41,counts/m3,15,20,0,0,mechanical_friction
2052,3,2026-06-02 18:00:00,Night,5,0.5um,10.79,counts/m3,15,20,0,0,mechanical_friction
2053,3,2026-06-03 00:00:00,Day,2,0.5um,12.13,counts/m3,15,20,0,0,mechanical_friction
2054,3,2026-06-03 06:00:00,Evening,4,0.5um,8.67,counts/m3,15,20,0,0,mechanical_friction
2055,3,2026-06-03 12:00:00,Night,4,0.5um,14.1,counts/m3,15,20,0,0,mechanical_friction
2056,3,2026-06-03 18:00:00,Night,7,0.5um,19.64,counts/m3,15,20,1,0,mechanical_friction
2057,3,2026-06-04 00:00:00,Day,6,0.5um,18.96,counts/m3,15,20,1,0,mechanical_friction
2058,3,2026-06-04 06:00:00,Evening,6,0.5um,14.08,counts/m3,15,20,0,0,mechanical_friction
2059,3,2026-06-04 12:00:00,Night,3,0.5um,13.35,counts/m3,15,20,0,0,mechanical_friction
2060,3,2026-06-04 18:00:00,Night,4,0.5um,14.68,counts/m3,15,20,0,0,mechanical_friction
2061,3,2026-06-05 00:00:00,Day,4,0.5um,10.99,counts/m3,15,20,0,0,mechanical_friction
2062,3,2026-06-05 06:00:00,Evening,7,0.5um,6.64,counts/m3,15,20,0,0,mechanical_friction
2063,3,2026-06-05 12:00:00,Night,2,0.5um,12.23,counts/m3,15,20,0,0,mechanical_friction
2064,3,2026-06-05 18:00:00,Night,1,0.5um,16.8,counts/m3,15,20,1,0,mechanical_friction
2065,3,2026-06-06 00:00:00,Day,5,0.5um,20.57,counts/m3,15,20,1,1,mechanical_friction
2066,3,2026-06-06 06:00:00,Evening,7,0.5um,14.82,counts/m3,15,20,0,0,mechanical_friction
2067,3,2026-06-06 12:00:00,Night,6,0.5um,13.05,counts/m3,15,20,0,0,mechanical_friction
2068,3,2026-06-06 18:00:00,Night,7,0.5um,12.08,counts/m3,15,20,0,0,mechanical_friction
2069,3,2026-06-07 00:00:00,Day,4,0.5um,7.92,counts/m3,15,20,0,0,mechanical_friction
2070,3,2026-06-07 06:00:00,Evening,2,0.5um,7.16,counts/m3,15,20,0,0,mechanical_friction
2071,3,2026-06-07 12:00:00,Night,6,0.5um,12.5,counts/m3,15,20,0,0,mechanical_friction
2072,3,2026-06-07 18:00:00,Night,1,0.5um,16.77,counts/m3,15,20,1,0,mechanical_friction
2073,3,2026-06-08 00:00:00,Day,8,0.5um,18.74,counts/m3,15,20,1,0,mechanical_friction
2074,3,2026-06-08 06:00:00,Evening,6,0.5um,17.59,counts/m3,15,20,1,0,mechanical_friction
2075,3,2026-06-08 12:00:00,Night,5,0.5um,13.85,counts/m3,15,20,0,0,mechanical_friction
2076,3,2026-06-08 18:00:00,Night,2,0.5um,12.91,counts/m3,15,20,0,0,mechanical_friction
2077,3,2026-06-09 00:00:00,Day,3,0.5um,7.48,counts/m3,15,20,0,0,mechanical_friction
2078,3,2026-06-09 06:00:00,Evening,8,0.5um,4.84,counts/m3,15,20,0,0,mechanical_friction
2079,3,2026-06-09 12:00:00,Night,1,0.5um,10.28,counts/m3,15,20,0,0,mechanical_friction
2080,3,2026-06-09 18:00:00,Night,1,0.5um,17.53,counts/m3,15,20,1,0,mechanical_friction
2081,3,2026-06-10 00:00:00,Day,3,0.5um,16.43,counts/m3,15,20,1,0,mechanical_friction
2082,3,2026-06-10 06:00:00,Evening,2,0.5um,13.25,counts/m3,15,20,0,0,mechanical_friction
2083,3,2026-06-10 12:00:00,Night,6,0.5um,11.51,counts/m3,15,20,0,0,mechanical_friction
2084,3,2026-06-10 18:00:00,Night,1,0.5um,11.52,counts/m3,15,20,0,0,mechanical_friction
2085,3,2026-06-11 00:00:00,Day,7,0.5um,8.39,counts/m3,15,20,0,0,mechanical_friction
2086,3,2026-06-11 06:00:00,Evening,7,0.5um,5.78,counts/m3,15,20,0,0,mechanical_friction
2087,3,2026-06-11 12:00:00,Night,2,0.5um,12.27,counts/m3,15,20,0,0,mechanical_friction
2088,3,2026-06-11 18:00:00,Night,5,0.5um,18.57,counts/m3,15,20,1,0,mechanical_friction
2089,3,2026-06-12 00:00:00,Day,6,0.5um,18.51,counts/m3,15,20,1,0,mechanical_friction
2090,3,2026-06-12 06:00:00,Evening,7,0.5um,16.37,counts/m3,15,20,1,0,mechanical_friction
2091,3,2026-06-12 12:00:00,Night,6,0.5um,14.64,counts/m3,15,20,0,0,mechanical_friction
2092,3,2026-06-12 18:00:00,Night,8,0.5um,11.65,counts/m3,15,20,0,0,mechanical_friction
2093,3,2026-06-13 00:00:00,Day,1,0.5um,10.52,counts/m3,15,20,0,0,mechanical_friction
2094,3,2026-06-13 06:00:00,Evening,5,0.5um,10.62,counts/m3,15,20,0,0,mechanical_friction
2095,3,2026-06-13 12:00:00,Night,7,0.5um,13.86,counts/m3,15,20,0,0,mechanical_friction
2096,3,2026-06-13 18:00:00,Night,2,0.5um,21.92,counts/m3,15,20,1,1,mechanical_friction
2097,3,2026-06-14 00:00:00,Day,2,0.5um,20.65,counts/m3,15,20,1,1,mechanical_friction
2098,3,2026-06-14 06:00:00,Evening,1,0.5um,18.33,counts/m3,15,20,1,0,mechanical_friction
2099,3,2026-06-14 12:00:00,Night,8,0.5um,8.07,counts/m3,15,20,0,0,none
2100,3,2026-06-14 18:00:00,Night,7,0.5um,6.66,counts/m3,15,20,0,0,none
2101,3,2026-06-15 00:00:00,Day,1,0.5um,7.31,counts/m3,15,20,0,0,none
2102,3,2026-06-15 06:00:00,Evening,2,0.5um,6.31,counts/m3,15,20,0,0,none
2103,3,2026-06-15 12:00:00,Night,4,0.5um,8.12,counts/m3,15,20,0,0,none
2104,3,2026-06-15 18:00:00,Night,8,0.5um,7.06,counts/m3,15,20,0,0,none
2105,3,2026-06-16 00:00:00,Day,7,0.5um,6.61,counts/m3,15,20,0,0,none
2106,3,2026-06-16 06:00:00,Evening,8,0.5um,7.29,counts/m3,15,20,0,0,none
2107,3,2026-06-16 12:00:00,Night,7,0.5um,7.19,counts/m3,15,20,0,0,none
2108,3,2026-06-16 18:00:00,Night,6,0.5um,6.83,counts/m3,15,20,0,0,none
2109,3,2026-06-17 00:00:00,Day,3,0.5um,5.54,counts/m3,15,20,0,0,none
2110,3,2026-06-17 06:00:00,Evening,5,0.5um,5.58,counts/m3,15,20,0,0,none
2111,3,2026-06-17 12:00:00,Night,4,0.5um,4.42,counts/m3,15,20,0,0,none
2112,3,2026-06-17 18:00:00,Night,8,0.5um,6.0,counts/m3,15,20,0,0,none
2113,3,2026-06-18 00:00:00,Day,4,0.5um,10.6,counts/m3,15,20,0,0,none
2114,3,2026-06-18 06:00:00,Evening,7,0.5um,9.33,counts/m3,15,20,0,0,none
2115,3,2026-06-18 12:00:00,Night,2,0.5um,6.26,counts/m3,15,20,0,0,none
2116,3,2026-06-18 18:00:00,Night,6,0.5um,6.95,counts/m3,15,20,0,0,none
2117,3,2026-06-19 00:00:00,Day,4,0.5um,4.69,counts/m3,15,20,0,0,none
2118,3,2026-06-19 06:00:00,Evening,4,0.5um,5.76,counts/m3,15,20,0,0,none
2119,3,2026-06-19 12:00:00,Night,7,0.5um,4.57,counts/m3,15,20,0,0,none
2120,3,2026-06-19 18:00:00,Night,4,0.5um,9.25,counts/m3,15,20,0,0,none
2121,3,2026-06-20 00:00:00,Day,1,0.5um,7.87,counts/m3,15,20,0,0,none
2122,3,2026-06-20 06:00:00,Evening,4,0.5um,6.62,counts/m3,15,20,0,0,none
2123,3,2026-06-20 12:00:00,Night,8,0.5um,5.57,counts/m3,15,20,0,0,none
2124,3,2026-06-20 18:00:00,Night,8,0.5um,5.23,counts/m3,15,20,0,0,none
2125,3,2026-06-21 00:00:00,Day,5,0.5um,5.27,counts/m3,15,20,0,0,none
2126,3,2026-06-21 06:00:00,Evening,6,0.5um,3.43,counts/m3,15,20,0,0,none
2127,3,2026-06-21 12:00:00,Night,3,0.5um,3.6,counts/m3,15,20,0,0,none
2128,3,2026-06-21 18:00:00,Night,7,0.5um,4.64,counts/m3,15,20,0,0,none
2129,3,2026-06-22 00:00:00,Day,5,0.5um,4.63,counts/m3,15,20,0,0,none
2130,3,2026-06-22 06:00:00,Evening,1,0.5um,6.67,counts/m3,15,20,0,0,none
2131,3,2026-06-22 12:00:00,Night,8,0.5um,5.71,counts/m3,15,20,0,0,none
2132,3,2026-06-22 18:00:00,Night,7,0.5um,3.7,counts/m3,15,20,0,0,none
2133,3,2026-06-23 00:00:00,Day,1,0.5um,3.75,counts/m3,15,20,0,0,none
2134,3,2026-06-23 06:00:00,Evening,4,0.5um,2.8,counts/m3,15,20,0,0,none
2135,3,2026-06-23 12:00:00,Night,6,0.5um,3.95,counts/m3,15,20,0,0,none
2136,3,2026-06-23 18:00:00,Night,6,0.5um,2.98,counts/m3,15,20,0,0,none
2137,3,2026-06-24 00:00:00,Day,2,0.5um,3.95,counts/m3,15,20,0,0,none
2138,3,2026-06-24 06:00:00,Evening,1,0.5um,3.85,counts/m3,15,20,0,0,none
2139,3,2026-06-24 12:00:00,Night,8,0.5um,2.33,counts/m3,15,20,0,0,none
2140,3,2026-06-24 18:00:00,Night,8,0.5um,2.37,counts/m3,15,20,0,0,none
2141,3,2026-06-25 00:00:00,Day,6,0.5um,2.4,counts/m3,15,20,0,0,none
2142,3,2026-06-25 06:00:00,Evening,6,0.5um,0.02,counts/m3,15,20,0,0,none
2143,3,2026-06-25 12:00:00,Night,6,0.5um,1.02,counts/m3,15,20,0,0,none
2144,3,2026-06-25 18:00:00,Night,4,0.5um,0.02,counts/m3,15,20,0,0,none
2145,3,2026-06-26 00:00:00,Day,6,0.5um,2.02,counts/m3,15,20,0,0,none
2146,3,2026-06-26 06:00:00,Evening,3,0.5um,1.01,counts/m3,15,20,0,0,none
2147,3,2026-06-26 12:00:00,Night,1,0.5um,2.01,counts/m3,15,20,0,0,none
2148,3,2026-06-26 18:00:00,Night,3,0.5um,0.01,counts/m3,15,20,0,0,none
2149,3,2026-06-27 00:00:00,Day,3,0.5um,3.01,counts/m3,15,20,0,0,none
2150,3,2026-06-27 06:00:00,Evening,3,0.5um,1.01,counts/m3,15,20,0,0,none
2151,3,2026-06-27 12:00:00,Night,4,0.5um,2.01,counts/m3,15,20,0,0,none
2152,3,2026-06-27 18:00:00,Night,2,0.5um,0.01,counts/m3,15,20,0,0,none
2153,3,2026-06-28 00:00:00,Day,4,0.5um,1.01,counts/m3,15,20,0,0,none
2154,3,2026-06-28 06:00:00,Evening,4,0.5um,1.0,counts/m3,15,20,0,0,none
2155,3,2026-06-28 12:00:00,Night,2,0.5um,1.0,counts/m3,15,20,0,0,none
2156,3,2026-06-28 18:00:00,Night,4,0.5um,0.0,counts/m3,15,20,0,0,none
2157,3,2026-06-29 00:00:00,Day,6,0.5um,1.0,counts/m3,15,20,0,0,none
2158,3,2026-06-29 06:00:00,Evening,4,0.5um,0.0,counts/m3,15,20,0,0,none
2159,3,2026-06-29 12:00:00,Night,1,0.5um,1.0,counts/m3,15,20,0,0,none
2160,3,2026-06-29 18:00:00,Night,6,0.5um,0.0,counts/m3,15,20,0,0,none
2161,4,2026-01-01 00:00:00,Day,5,0.5um,0.0,counts/m3,25,35,0,0,none
2162,4,2026-01-01 06:00:00,Evening,4,0.5um,0.0,counts/m3,25,35,0,0,none
2163,4,2026-01-01 12:00:00,Night,1,0.5um,2.0,counts/m3,25,35,0,0,none
2164,4,2026-01-01 18:00:00,Night,1,0.5um,4.0,counts/m3,25,35,0,0,none
2165,4,2026-01-02 00:00:00,Day,1,0.5um,3.0,counts/m3,25,35,0,0,none
2166,4,2026-01-02 06:00:00,Evening,7,0.5um,3.0,counts/m3,25,35,0,0,none
2167,4,2026-01-02 12:00:00,Night,3,0.5um,2.01,counts/m3,25,35,0,0,none
2168,4,2026-01-02 18:00:00,Night,4,0.5um,4.03,counts/m3,25,35,0,0,none
2169,4,2026-01-03 00:00:00,Day,6,0.5um,1.04,counts/m3,25,35,0,0,none
2170,4,2026-01-03 06:00:00,Evening,6,0.5um,1.05,counts/m3,25,35,0,0,none
2171,4,2026-01-03 12:00:00,Night,1,0.5um,1.06,counts/m3,25,35,0,0,none
2172,4,2026-01-03 18:00:00,Night,8,0.5um,2.07,counts/m3,25,35,0,0,none
2173,4,2026-01-04 00:00:00,Day,3,0.5um,3.08,counts/m3,25,35,0,0,none
2174,4,2026-01-04 06:00:00,Evening,7,0.5um,2.1,counts/m3,25,35,0,0,none
2175,4,2026-01-04 12:00:00,Night,7,0.5um,1.11,counts/m3,25,35,0,0,none
2176,4,2026-01-04 18:00:00,Night,5,0.5um,2.12,counts/m3,25,35,0,0,none
2177,4,2026-01-05 00:00:00,Day,2,0.5um,0.13,counts/m3,25,35,0,0,none
2178,4,2026-01-05 06:00:00,Evening,5,0.5um,2.14,counts/m3,25,35,0,0,none
2179,4,2026-01-05 12:00:00,Night,2,0.5um,2.15,counts/m3,25,35,0,0,none
2180,4,2026-01-05 18:00:00,Night,7,0.5um,2.17,counts/m3,25,35,0,0,none
2181,4,2026-01-06 00:00:00,Day,7,0.5um,3.18,counts/m3,25,35,0,0,none
2182,4,2026-01-06 06:00:00,Evening,7,0.5um,0.19,counts/m3,25,35,0,0,none
2183,4,2026-01-06 12:00:00,Night,7,0.5um,1.2,counts/m3,25,35,0,0,none
2184,4,2026-01-06 18:00:00,Night,2,0.5um,2.21,counts/m3,25,35,0,0,none
2185,4,2026-01-07 00:00:00,Day,1,0.5um,0.22,counts/m3,25,35,0,0,none
2186,4,2026-01-07 06:00:00,Evening,6,0.5um,0.24,counts/m3,25,35,0,0,none
2187,4,2026-01-07 12:00:00,Night,5,0.5um,3.25,counts/m3,25,35,0,0,none
2188,4,2026-01-07 18:00:00,Night,7,0.5um,1.26,counts/m3,25,35,0,0,none
2189,4,2026-01-08 00:00:00,Day,6,0.5um,3.27,counts/m3,25,35,0,0,none
2190,4,2026-01-08 06:00:00,Evening,7,0.5um,2.31,counts/m3,25,35,0,0,none
2191,4,2026-01-08 12:00:00,Night,3,0.5um,4.32,counts/m3,25,35,0,0,none
2192,4,2026-01-08 18:00:00,Night,1,0.5um,1.33,counts/m3,25,35,0,0,none
2193,4,2026-01-09 00:00:00,Day,1,0.5um,2.34,counts/m3,25,35,0,0,none
2194,4,2026-01-09 06:00:00,Evening,4,0.5um,3.35,counts/m3,25,35,0,0,none
2195,4,2026-01-09 12:00:00,Night,1,0.5um,1.98,counts/m3,25,35,0,0,hvac_drift
2196,4,2026-01-09 18:00:00,Night,5,0.5um,1.14,counts/m3,25,35,0,0,hvac_drift
2197,4,2026-01-10 00:00:00,Day,4,0.5um,2.31,counts/m3,25,35,0,0,hvac_drift
2198,4,2026-01-10 06:00:00,Evening,3,0.5um,3.48,counts/m3,25,35,0,0,hvac_drift
2199,4,2026-01-10 12:00:00,Night,5,0.5um,7.66,counts/m3,25,35,0,0,hvac_drift
2200,4,2026-01-10 18:00:00,Night,6,0.5um,2.84,counts/m3,25,35,0,0,hvac_drift
2201,4,2026-01-11 00:00:00,Day,1,0.5um,3.06,counts/m3,25,35,0,0,hvac_drift
2202,4,2026-01-11 06:00:00,Evening,4,0.5um,4.28,counts/m3,25,35,0,0,hvac_drift
2203,4,2026-01-11 12:00:00,Night,8,0.5um,3.46,counts/m3,25,35,0,0,hvac_drift
2204,4,2026-01-11 18:00:00,Night,3,0.5um,5.64,counts/m3,25,35,0,0,hvac_drift
2205,4,2026-01-12 00:00:00,Day,7,0.5um,3.83,counts/m3,25,35,0,0,hvac_drift
2206,4,2026-01-12 06:00:00,Evening,3,0.5um,6.02,counts/m3,25,35,0,0,hvac_drift
2207,4,2026-01-12 12:00:00,Night,3,0.5um,6.2,counts/m3,25,35,0,0,hvac_drift
2208,4,2026-01-12 18:00:00,Night,7,0.5um,7.4,counts/m3,25,35,0,0,hvac_drift
2209,4,2026-01-13 00:00:00,Day,3,0.5um,4.63,counts/m3,25,35,0,0,hvac_drift
2210,4,2026-01-13 06:00:00,Evening,7,0.5um,6.87,counts/m3,25,35,0,0,hvac_drift
2211,4,2026-01-13 12:00:00,Night,6,0.5um,7.1,counts/m3,25,35,0,0,hvac_drift
2212,4,2026-01-13 18:00:00,Night,7,0.5um,5.32,counts/m3,25,35,0,0,hvac_drift
2213,4,2026-01-14 00:00:00,Day,7,0.5um,7.55,counts/m3,25,35,0,0,hvac_drift
2214,4,2026-01-14 06:00:00,Evening,8,0.5um,8.78,counts/m3,25,35,0,0,hvac_drift
2215,4,2026-01-14 12:00:00,Night,5,0.5um,5.0,counts/m3,25,35,0,0,hvac_drift
2216,4,2026-01-14 18:00:00,Night,8,0.5um,5.23,counts/m3,25,35,0,0,hvac_drift
2217,4,2026-01-15 00:00:00,Day,1,0.5um,7.5,counts/m3,25,35,0,0,hvac_drift
2218,4,2026-01-15 06:00:00,Evening,4,0.5um,6.77,counts/m3,25,35,0,0,hvac_drift
2219,4,2026-01-15 12:00:00,Night,4,0.5um,7.01,counts/m3,25,35,0,0,hvac_drift
2220,4,2026-01-15 18:00:00,Night,1,0.5um,7.23,counts/m3,25,35,0,0,hvac_drift
2221,4,2026-01-16 00:00:00,Day,7,0.5um,7.47,counts/m3,25,35,0,0,hvac_drift
2222,4,2026-01-16 06:00:00,Evening,7,0.5um,8.71,counts/m3,25,35,0,0,hvac_drift
2223,4,2026-01-16 12:00:00,Night,6,0.5um,7.02,counts/m3,25,35,0,0,hvac_drift
2224,4,2026-01-16 18:00:00,Night,6,0.5um,7.33,counts/m3,25,35,0,0,hvac_drift
2225,4,2026-01-17 00:00:00,Day,5,0.5um,10.44,counts/m3,25,35,0,0,hvac_drift
2226,4,2026-01-17 06:00:00,Evening,4,0.5um,9.12,counts/m3,25,35,0,0,hvac_drift
2227,4,2026-01-17 12:00:00,Night,6,0.5um,10.33,counts/m3,25,35,0,0,hvac_drift
2228,4,2026-01-17 18:00:00,Night,8,0.5um,8.54,counts/m3,25,35,0,0,hvac_drift
2229,4,2026-01-18 00:00:00,Day,3,0.5um,9.72,counts/m3,25,35,0,0,hvac_drift
2230,4,2026-01-18 06:00:00,Evening,3,0.5um,9.94,counts/m3,25,35,0,0,hvac_drift
2231,4,2026-01-18 12:00:00,Night,1,0.5um,10.22,counts/m3,25,35,0,0,hvac_drift
2232,4,2026-01-18 18:00:00,Night,8,0.5um,10.52,counts/m3,25,35,0,0,hvac_drift
2233,4,2026-01-19 00:00:00,Day,5,0.5um,9.78,counts/m3,25,35,0,0,hvac_drift
2234,4,2026-01-19 06:00:00,Evening,5,0.5um,13.0,counts/m3,25,35,0,0,hvac_drift
2235,4,2026-01-19 12:00:00,Night,3,0.5um,12.22,counts/m3,25,35,0,0,hvac_drift
2236,4,2026-01-19 18:00:00,Night,1,0.5um,10.42,counts/m3,25,35,0,0,hvac_drift
2237,4,2026-01-20 00:00:00,Day,7,0.5um,11.61,counts/m3,25,35,0,0,hvac_drift
2238,4,2026-01-20 06:00:00,Evening,7,0.5um,10.83,counts/m3,25,35,0,0,hvac_drift
2239,4,2026-01-20 12:00:00,Night,3,0.5um,29.74,counts/m3,25,35,1,0,hvac_drift
2240,4,2026-01-20 18:00:00,Night,7,0.5um,27.46,counts/m3,25,35,1,0,hvac_drift
2241,4,2026-01-21 00:00:00,Day,5,0.5um,26.29,counts/m3,25,35,1,0,hvac_drift
2242,4,2026-01-21 06:00:00,Evening,6,0.5um,25.21,counts/m3,25,35,1,0,hvac_drift
2243,4,2026-01-21 12:00:00,Night,2,0.5um,25.26,counts/m3,25,35,1,0,hvac_drift
2244,4,2026-01-21 18:00:00,Night,5,0.5um,26.4,counts/m3,25,35,1,0,hvac_drift
2245,4,2026-01-22 00:00:00,Day,2,0.5um,21.63,counts/m3,25,35,0,0,hvac_drift
2246,4,2026-01-22 06:00:00,Evening,2,0.5um,23.31,counts/m3,25,35,0,0,hvac_drift
2247,4,2026-01-22 12:00:00,Night,3,0.5um,21.78,counts/m3,25,35,0,0,hvac_drift
2248,4,2026-01-22 18:00:00,Night,2,0.5um,22.34,counts/m3,25,35,0,0,hvac_drift
2249,4,2026-01-23 00:00:00,Day,8,0.5um,19.93,counts/m3,25,35,0,0,hvac_drift
2250,4,2026-01-23 06:00:00,Evening,1,0.5um,21.54,counts/m3,25,35,0,0,hvac_drift
2251,4,2026-01-23 12:00:00,Night,8,0.5um,21.5,counts/m3,25,35,0,0,hvac_drift
2252,4,2026-01-23 18:00:00,Night,2,0.5um,24.99,counts/m3,25,35,0,0,hvac_drift
2253,4,2026-01-24 00:00:00,Day,7,0.5um,21.53,counts/m3,25,35,0,0,hvac_drift
2254,4,2026-01-24 06:00:00,Evening,3,0.5um,22.5,counts/m3,25,35,0,0,hvac_drift
2255,4,2026-01-24 12:00:00,Night,8,0.5um,8.64,counts/m3,25,35,0,0,glove_breach
2256,4,2026-01-24 18:00:00,Night,5,0.5um,8.23,counts/m3,25,35,0,0,glove_breach
2257,4,2026-01-25 00:00:00,Day,4,0.5um,6.82,counts/m3,25,35,0,0,glove_breach
2258,4,2026-01-25 06:00:00,Evening,2,0.5um,6.41,counts/m3,25,35,0,0,glove_breach
2259,4,2026-01-25 12:00:00,Night,4,0.5um,5.05,counts/m3,25,35,0,0,glove_breach
2260,4,2026-01-25 18:00:00,Night,5,0.5um,5.71,counts/m3,25,35,0,0,glove_breach
2261,4,2026-01-26 00:00:00,Day,8,0.5um,4.34,counts/m3,25,35,0,0,glove_breach
2262,4,2026-01-26 06:00:00,Evening,3,0.5um,6.07,counts/m3,25,35,0,0,glove_breach
2263,4,2026-01-26 12:00:00,Night,1,0.5um,6.92,counts/m3,25,35,0,0,glove_breach
2264,4,2026-01-26 18:00:00,Night,3,0.5um,4.79,counts/m3,25,35,0,0,glove_breach
2265,4,2026-01-27 00:00:00,Day,2,0.5um,7.6,counts/m3,25,35,0,0,glove_breach
2266,4,2026-01-27 06:00:00,Evening,8,0.5um,4.4,counts/m3,25,35,0,0,glove_breach
2267,4,2026-01-27 12:00:00,Night,2,0.5um,5.24,counts/m3,25,35,0,0,glove_breach
2268,4,2026-01-27 18:00:00,Night,8,0.5um,4.11,counts/m3,25,35,0,0,glove_breach
2269,4,2026-01-28 00:00:00,Day,1,0.5um,2.95,counts/m3,25,35,0,0,glove_breach
2270,4,2026-01-28 06:00:00,Evening,7,0.5um,4.27,counts/m3,25,35,0,0,glove_breach
2271,4,2026-01-28 12:00:00,Night,4,0.5um,2.22,counts/m3,25,35,0,0,glove_breach
2272,4,2026-01-28 18:00:00,Night,1,0.5um,3.19,counts/m3,25,35,0,0,glove_breach
2273,4,2026-01-29 00:00:00,Day,5,0.5um,3.09,counts/m3,25,35,0,0,glove_breach
2274,4,2026-01-29 06:00:00,Evening,6,0.5um,1.96,counts/m3,25,35,0,0,glove_breach
2275,4,2026-01-29 12:00:00,Night,7,0.5um,4.88,counts/m3,25,35,0,0,glove_breach
2276,4,2026-01-29 18:00:00,Night,2,0.5um,1.8,counts/m3,25,35,0,0,glove_breach
2277,4,2026-01-30 00:00:00,Day,5,0.5um,2.74,counts/m3,25,35,0,0,glove_breach
2278,4,2026-01-30 06:00:00,Evening,5,0.5um,2.67,counts/m3,25,35,0,0,glove_breach
2279,4,2026-01-30 12:00:00,Night,4,0.5um,5.69,counts/m3,25,35,0,0,glove_breach
2280,4,2026-01-30 18:00:00,Night,8,0.5um,3.71,counts/m3,25,35,0,0,glove_breach
2281,4,2026-01-31 00:00:00,Day,4,0.5um,1.65,counts/m3,25,35,0,0,glove_breach
2282,4,2026-01-31 06:00:00,Evening,4,0.5um,0.57,counts/m3,25,35,0,0,glove_breach
2283,4,2026-01-31 12:00:00,Night,5,0.5um,1.43,counts/m3,25,35,0,0,glove_breach
2284,4,2026-01-31 18:00:00,Night,8,0.5um,2.4,counts/m3,25,35,0,0,glove_breach
2285,4,2026-02-01 00:00:00,Day,7,0.5um,3.37,counts/m3,25,35,0,0,glove_breach
2286,4,2026-02-01 06:00:00,Evening,6,0.5um,1.62,counts/m3,25,35,0,0,glove_breach
2287,4,2026-02-01 12:00:00,Night,1,0.5um,1.58,counts/m3,25,35,0,0,glove_breach
2288,4,2026-02-01 18:00:00,Night,3,0.5um,2.45,counts/m3,25,35,0,0,glove_breach
2289,4,2026-02-02 00:00:00,Day,1,0.5um,1.41,counts/m3,25,35,0,0,glove_breach
2290,4,2026-02-02 06:00:00,Evening,1,0.5um,5.29,counts/m3,25,35,0,0,glove_breach
2291,4,2026-02-02 12:00:00,Night,7,0.5um,3.98,counts/m3,25,35,0,0,glove_breach
2292,4,2026-02-02 18:00:00,Night,7,0.5um,4.7,counts/m3,25,35,0,0,glove_breach
2293,4,2026-02-03 00:00:00,Day,1,0.5um,4.45,counts/m3,25,35,0,0,glove_breach
2294,4,2026-02-03 06:00:00,Evening,4,0.5um,3.22,counts/m3,25,35,0,0,glove_breach
2295,4,2026-02-03 12:00:00,Night,3,0.5um,3.01,counts/m3,25,35,0,0,glove_breach
2296,4,2026-02-03 18:00:00,Night,1,0.5um,4.82,counts/m3,25,35,0,0,glove_breach
2297,4,2026-02-04 00:00:00,Day,4,0.5um,3.65,counts/m3,25,35,0,0,glove_breach
2298,4,2026-02-04 06:00:00,Evening,1,0.5um,4.77,counts/m3,25,35,0,0,glove_breach
2299,4,2026-02-04 12:00:00,Night,6,0.5um,4.47,counts/m3,25,35,0,0,none
2300,4,2026-02-04 18:00:00,Night,8,0.5um,3.24,counts/m3,25,35,0,0,none
2301,4,2026-02-05 00:00:00,Day,4,0.5um,3.03,counts/m3,25,35,0,0,none
2302,4,2026-02-05 06:00:00,Evening,2,0.5um,3.84,counts/m3,25,35,0,0,none
2303,4,2026-02-05 12:00:00,Night,4,0.5um,4.67,counts/m3,25,35,0,0,none
2304,4,2026-02-05 18:00:00,Night,8,0.5um,3.52,counts/m3,25,35,0,0,none
2305,4,2026-02-06 00:00:00,Day,2,0.5um,3.38,counts/m3,25,35,0,0,none
2306,4,2026-02-06 06:00:00,Evening,6,0.5um,7.25,counts/m3,25,35,0,0,none
2307,4,2026-02-06 12:00:00,Night,1,0.5um,2.14,counts/m3,25,35,0,0,none
2308,4,2026-02-06 18:00:00,Night,3,0.5um,4.04,counts/m3,25,35,0,0,none
2309,4,2026-02-07 00:00:00,Day,4,0.5um,2.94,counts/m3,25,35,0,0,none
2310,4,2026-02-07 06:00:00,Evening,4,0.5um,1.86,counts/m3,25,35,0,0,none
2311,4,2026-02-07 12:00:00,Night,2,0.5um,2.78,counts/m3,25,35,0,0,none
2312,4,2026-02-07 18:00:00,Night,7,0.5um,3.76,counts/m3,25,35,0,0,none
2313,4,2026-02-08 00:00:00,Day,6,0.5um,2.74,counts/m3,25,35,0,0,none
2314,4,2026-02-08 06:00:00,Evening,4,0.5um,2.68,counts/m3,25,35,0,0,none
2315,4,2026-02-08 12:00:00,Night,4,0.5um,0.6,counts/m3,25,35,0,0,none
2316,4,2026-02-08 18:00:00,Night,1,0.5um,1.55,counts/m3,25,35,0,0,none
2317,4,2026-02-09 00:00:00,Day,6,0.5um,3.51,counts/m3,25,35,0,0,none
2318,4,2026-02-09 06:00:00,Evening,2,0.5um,1.44,counts/m3,25,35,0,0,none
2319,4,2026-02-09 12:00:00,Night,3,0.5um,2.4,counts/m3,25,35,0,0,none
2320,4,2026-02-09 18:00:00,Night,7,0.5um,0.42,counts/m3,25,35,0,0,none
2321,4,2026-02-10 00:00:00,Day,6,0.5um,2.43,counts/m3,25,35,0,0,none
2322,4,2026-02-10 06:00:00,Evening,6,0.5um,3.4,counts/m3,25,35,0,0,none
2323,4,2026-02-10 12:00:00,Night,3,0.5um,4.37,counts/m3,25,35,0,0,none
2324,4,2026-02-10 18:00:00,Night,5,0.5um,1.36,counts/m3,25,35,0,0,none
2325,4,2026-02-11 00:00:00,Day,1,0.5um,1.33,counts/m3,25,35,0,0,none
2326,4,2026-02-11 06:00:00,Evening,2,0.5um,0.28,counts/m3,25,35,0,0,none
2327,4,2026-02-11 12:00:00,Night,7,0.5um,0.26,counts/m3,25,35,0,0,none
2328,4,2026-02-11 18:00:00,Night,4,0.5um,2.28,counts/m3,25,35,0,0,none
2329,4,2026-02-12 00:00:00,Day,6,0.5um,3.3,counts/m3,25,35,0,0,none
2330,4,2026-02-12 06:00:00,Evening,7,0.5um,3.29,counts/m3,25,35,0,0,none
2331,4,2026-02-12 12:00:00,Night,8,0.5um,1.27,counts/m3,25,35,0,0,none
2332,4,2026-02-12 18:00:00,Night,1,0.5um,3.27,counts/m3,25,35,0,0,none
2333,4,2026-02-13 00:00:00,Day,5,0.5um,0.26,counts/m3,25,35,0,0,none
2334,4,2026-02-13 06:00:00,Evening,8,0.5um,1.23,counts/m3,25,35,0,0,none
2335,4,2026-02-13 12:00:00,Night,2,0.5um,1.21,counts/m3,25,35,0,0,none
2336,4,2026-02-13 18:00:00,Night,7,0.5um,3.24,counts/m3,25,35,0,0,none
2337,4,2026-02-14 00:00:00,Day,5,0.5um,0.27,counts/m3,25,35,0,0,none
2338,4,2026-02-14 06:00:00,Evening,3,0.5um,1.25,counts/m3,25,35,0,0,none
2339,4,2026-02-14 12:00:00,Night,7,0.5um,1.23,counts/m3,25,35,0,0,none
2340,4,2026-02-14 18:00:00,Night,7,0.5um,4.23,counts/m3,25,35,0,0,none
2341,4,2026-02-15 00:00:00,Day,2,0.5um,0.23,counts/m3,25,35,0,0,none
2342,4,2026-02-15 06:00:00,Evening,6,0.5um,4.21,counts/m3,25,35,0,0,none
2343,4,2026-02-15 12:00:00,Night,8,0.5um,2.08,counts/m3,25,35,0,0,none
2344,4,2026-02-15 18:00:00,Night,6,0.5um,1.11,counts/m3,25,35,0,0,none
2345,4,2026-02-16 00:00:00,Day,5,0.5um,1.14,counts/m3,25,35,0,0,none
2346,4,2026-02-16 06:00:00,Evening,2,0.5um,0.15,counts/m3,25,35,0,0,none
2347,4,2026-02-16 12:00:00,Night,4,0.5um,0.16,counts/m3,25,35,0,0,none
2348,4,2026-02-16 18:00:00,Night,8,0.5um,1.19,counts/m3,25,35,0,0,none
2349,4,2026-02-17 00:00:00,Day,7,0.5um,0.22,counts/m3,25,35,0,0,none
2350,4,2026-02-17 06:00:00,Evening,4,0.5um,1.21,counts/m3,25,35,0,0,none
2351,4,2026-02-17 12:00:00,Night,3,0.5um,4.23,counts/m3,25,35,0,0,none
2352,4,2026-02-17 18:00:00,Night,7,0.5um,0.28,counts/m3,25,35,0,0,none
2353,4,2026-02-18 00:00:00,Day,8,0.5um,1.38,counts/m3,25,35,0,0,none
2354,4,2026-02-18 06:00:00,Evening,3,0.5um,0.44,counts/m3,25,35,0,0,none
2355,4,2026-02-18 12:00:00,Night,7,0.5um,1.49,counts/m3,25,35,0,0,none
2356,4,2026-02-18 18:00:00,Night,3,0.5um,0.92,counts/m3,25,35,0,0,none
2357,4,2026-02-19 00:00:00,Day,7,0.5um,2.96,counts/m3,25,35,0,0,none
2358,4,2026-02-19 06:00:00,Evening,8,0.5um,0.97,counts/m3,25,35,0,0,none
2359,4,2026-02-19 12:00:00,Night,6,0.5um,1.99,counts/m3,25,35,0,0,none
2360,4,2026-02-19 18:00:00,Night,4,0.5um,4.07,counts/m3,25,35,0,0,none
2361,4,2026-02-20 00:00:00,Day,3,0.5um,3.14,counts/m3,25,35,0,0,none
2362,4,2026-02-20 06:00:00,Evening,1,0.5um,1.18,counts/m3,25,35,0,0,none
2363,4,2026-02-20 12:00:00,Night,1,0.5um,3.21,counts/m3,25,35,0,0,hvac_drift
2364,4,2026-02-20 18:00:00,Night,7,0.5um,2.45,counts/m3,25,35,0,0,hvac_drift
2365,4,2026-02-21 00:00:00,Day,6,0.5um,2.84,counts/m3,25,35,0,0,hvac_drift
2366,4,2026-02-21 06:00:00,Evening,2,0.5um,4.04,counts/m3,25,35,0,0,hvac_drift
2367,4,2026-02-21 12:00:00,Night,5,0.5um,2.26,counts/m3,25,35,0,0,hvac_drift
2368,4,2026-02-21 18:00:00,Night,8,0.5um,4.52,counts/m3,25,35,0,0,hvac_drift
2369,4,2026-02-22 00:00:00,Day,6,0.5um,6.78,counts/m3,25,35,0,0,hvac_drift
2370,4,2026-02-22 06:00:00,Evening,8,0.5um,5.01,counts/m3,25,35,0,0,hvac_drift
2371,4,2026-02-22 12:00:00,Night,1,0.5um,5.23,counts/m3,25,35,0,0,hvac_drift
2372,4,2026-02-22 18:00:00,Night,1,0.5um,5.42,counts/m3,25,35,0,0,hvac_drift
2373,4,2026-02-23 00:00:00,Day,6,0.5um,6.67,counts/m3,25,35,0,0,hvac_drift
2374,4,2026-02-23 06:00:00,Evening,5,0.5um,9.92,counts/m3,25,35,0,0,hvac_drift
2375,4,2026-02-23 12:00:00,Night,6,0.5um,5.16,counts/m3,25,35,0,0,hvac_drift
2376,4,2026-02-23 18:00:00,Night,8,0.5um,8.39,counts/m3,25,35,0,0,hvac_drift
2377,4,2026-02-24 00:00:00,Day,1,0.5um,5.62,counts/m3,25,35,0,0,hvac_drift
2378,4,2026-02-24 06:00:00,Evening,8,0.5um,6.87,counts/m3,25,35,0,0,hvac_drift
2379,4,2026-02-24 12:00:00,Night,1,0.5um,7.12,counts/m3,25,35,0,0,hvac_drift
2380,4,2026-02-24 18:00:00,Night,5,0.5um,10.38,counts/m3,25,35,0,0,hvac_drift
2381,4,2026-02-25 00:00:00,Day,7,0.5um,6.64,counts/m3,25,35,0,0,hvac_drift
2382,4,2026-02-25 06:00:00,Evening,6,0.5um,8.89,counts/m3,25,35,0,0,hvac_drift
2383,4,2026-02-25 12:00:00,Night,2,0.5um,6.12,counts/m3,25,35,0,0,hvac_drift
2384,4,2026-02-25 18:00:00,Night,5,0.5um,9.36,counts/m3,25,35,0,0,hvac_drift
2385,4,2026-02-26 00:00:00,Day,8,0.5um,7.61,counts/m3,25,35,0,0,hvac_drift
2386,4,2026-02-26 06:00:00,Evening,2,0.5um,7.86,counts/m3,25,35,0,0,hvac_drift
2387,4,2026-02-26 12:00:00,Night,8,0.5um,9.1,counts/m3,25,35,0,0,hvac_drift
2388,4,2026-02-26 18:00:00,Night,6,0.5um,7.35,counts/m3,25,35,0,0,hvac_drift
2389,4,2026-02-27 00:00:00,Day,1,0.5um,9.62,counts/m3,25,35,0,0,hvac_drift
2390,4,2026-02-27 06:00:00,Evening,3,0.5um,7.88,counts/m3,25,35,0,0,hvac_drift
2391,4,2026-02-27 12:00:00,Night,7,0.5um,10.13,counts/m3,25,35,0,0,hvac_drift
2392,4,2026-02-27 18:00:00,Night,3,0.5um,9.38,counts/m3,25,35,0,0,hvac_drift
2393,4,2026-02-28 00:00:00,Day,8,0.5um,11.61,counts/m3,25,35,0,0,hvac_drift
2394,4,2026-02-28 06:00:00,Evening,4,0.5um,11.87,counts/m3,25,35,0,0,hvac_drift
2395,4,2026-02-28 12:00:00,Night,3,0.5um,12.12,counts/m3,25,35,0,0,hvac_drift
2396,4,2026-02-28 18:00:00,Night,7,0.5um,11.37,counts/m3,25,35,0,0,hvac_drift
2397,4,2026-03-01 00:00:00,Day,7,0.5um,9.63,counts/m3,25,35,0,0,hvac_drift
2398,4,2026-03-01 06:00:00,Evening,2,0.5um,12.89,counts/m3,25,35,0,0,hvac_drift
2399,4,2026-03-01 12:00:00,Night,7,0.5um,13.15,counts/m3,25,35,0,0,hvac_drift
2400,4,2026-03-01 18:00:00,Night,3,0.5um,17.87,counts/m3,25,35,0,0,hvac_drift
2401,4,2026-03-02 00:00:00,Day,8,0.5um,14.5,counts/m3,25,35,0,0,hvac_drift
2402,4,2026-03-02 06:00:00,Evening,1,0.5um,12.7,counts/m3,25,35,0,0,hvac_drift
2403,4,2026-03-02 12:00:00,Night,6,0.5um,16.72,counts/m3,25,35,0,0,hvac_drift
2404,4,2026-03-02 18:00:00,Night,2,0.5um,13.92,counts/m3,25,35,0,0,hvac_drift
2405,4,2026-03-03 00:00:00,Day,6,0.5um,13.69,counts/m3,25,35,0,0,hvac_drift
2406,4,2026-03-03 06:00:00,Evening,8,0.5um,12.66,counts/m3,25,35,0,0,hvac_drift
2407,4,2026-03-03 12:00:00,Night,6,0.5um,12.81,counts/m3,25,35,0,0,hvac_drift
2408,4,2026-03-03 18:00:00,Night,4,0.5um,12.39,counts/m3,25,35,0,0,hvac_drift
2409,4,2026-03-04 00:00:00,Day,7,0.5um,12.98,counts/m3,25,35,0,0,hvac_drift
2410,4,2026-03-04 06:00:00,Evening,2,0.5um,13.13,counts/m3,25,35,0,0,hvac_drift
2411,4,2026-03-04 12:00:00,Night,5,0.5um,16.11,counts/m3,25,35,0,0,hvac_drift
2412,4,2026-03-04 18:00:00,Night,8,0.5um,12.16,counts/m3,25,35,0,0,hvac_drift
2413,4,2026-03-05 00:00:00,Day,3,0.5um,12.53,counts/m3,25,35,0,0,hvac_drift
2414,4,2026-03-05 06:00:00,Evening,1,0.5um,12.43,counts/m3,25,35,0,0,hvac_drift
2415,4,2026-03-05 12:00:00,Night,4,0.5um,11.38,counts/m3,25,35,0,0,hvac_drift
2416,4,2026-03-05 18:00:00,Night,4,0.5um,12.89,counts/m3,25,35,0,0,hvac_drift
2417,4,2026-03-06 00:00:00,Day,7,0.5um,13.4,counts/m3,25,35,0,0,hvac_drift
2418,4,2026-03-06 06:00:00,Evening,7,0.5um,13.36,counts/m3,25,35,0,0,hvac_drift
2419,4,2026-03-06 12:00:00,Night,3,0.5um,13.26,counts/m3,25,35,0,0,hvac_drift
2420,4,2026-03-06 18:00:00,Night,7,0.5um,13.64,counts/m3,25,35,0,0,hvac_drift
2421,4,2026-03-07 00:00:00,Day,2,0.5um,15.02,counts/m3,25,35,0,0,hvac_drift
2422,4,2026-03-07 06:00:00,Evening,2,0.5um,17.92,counts/m3,25,35,0,0,hvac_drift
2423,4,2026-03-07 12:00:00,Night,5,0.5um,2.71,counts/m3,25,35,0,0,none
2424,4,2026-03-07 18:00:00,Night,6,0.5um,2.04,counts/m3,25,35,0,0,none
2425,4,2026-03-08 00:00:00,Day,7,0.5um,4.34,counts/m3,25,35,0,0,none
2426,4,2026-03-08 06:00:00,Evening,5,0.5um,1.12,counts/m3,25,35,0,0,none
2427,4,2026-03-08 12:00:00,Night,2,0.5um,5.22,counts/m3,25,35,0,0,none
2428,4,2026-03-08 18:00:00,Night,6,0.5um,4.72,counts/m3,25,35,0,0,none
2429,4,2026-03-09 00:00:00,Day,4,0.5um,1.88,counts/m3,25,35,0,0,none
2430,4,2026-03-09 06:00:00,Evening,3,0.5um,3.41,counts/m3,25,35,0,0,none
2431,4,2026-03-09 12:00:00,Night,3,0.5um,3.14,counts/m3,25,35,0,0,none
2432,4,2026-03-09 18:00:00,Night,7,0.5um,2.43,counts/m3,25,35,0,0,none
2433,4,2026-03-10 00:00:00,Day,2,0.5um,1.58,counts/m3,25,35,0,0,none
2434,4,2026-03-10 06:00:00,Evening,5,0.5um,2.32,counts/m3,25,35,0,0,none
2435,4,2026-03-10 12:00:00,Night,1,0.5um,1.34,counts/m3,25,35,0,0,none
2436,4,2026-03-10 18:00:00,Night,6,0.5um,2.85,counts/m3,25,35,0,0,none
2437,4,2026-03-11 00:00:00,Day,2,0.5um,4.02,counts/m3,25,35,0,0,none
2438,4,2026-03-11 06:00:00,Evening,8,0.5um,2.57,counts/m3,25,35,0,0,none
2439,4,2026-03-11 12:00:00,Night,8,0.5um,2.31,counts/m3,25,35,0,0,none
2440,4,2026-03-11 18:00:00,Night,7,0.5um,3.62,counts/m3,25,35,0,0,none
2441,4,2026-03-12 00:00:00,Day,3,0.5um,1.78,counts/m3,25,35,0,0,none
2442,4,2026-03-12 06:00:00,Evening,7,0.5um,2.53,counts/m3,25,35,0,0,none
2443,4,2026-03-12 12:00:00,Night,2,0.5um,3.57,counts/m3,25,35,0,0,none
2444,4,2026-03-12 18:00:00,Night,3,0.5um,2.09,counts/m3,25,35,0,0,none
2445,4,2026-03-13 00:00:00,Day,2,0.5um,3.26,counts/m3,25,35,0,0,none
2446,4,2026-03-13 06:00:00,Evening,1,0.5um,4.81,counts/m3,25,35,0,0,none
2447,4,2026-03-13 12:00:00,Night,3,0.5um,3.56,counts/m3,25,35,0,0,none
2448,4,2026-03-13 18:00:00,Night,5,0.5um,3.86,counts/m3,25,35,0,0,none
2449,4,2026-03-14 00:00:00,Day,7,0.5um,5.02,counts/m3,25,35,0,0,none
2450,4,2026-03-14 06:00:00,Evening,1,0.5um,1.77,counts/m3,25,35,0,0,none
2451,4,2026-03-14 12:00:00,Night,4,0.5um,2.81,counts/m3,25,35,0,0,none
2452,4,2026-03-14 18:00:00,Night,6,0.5um,3.33,counts/m3,25,35,0,0,none
2453,4,2026-03-15 00:00:00,Day,2,0.5um,5.51,counts/m3,25,35,0,0,none
2454,4,2026-03-15 06:00:00,Evening,6,0.5um,5.06,counts/m3,25,35,0,0,none
2455,4,2026-03-15 12:00:00,Night,5,0.5um,3.8,counts/m3,25,35,0,0,none
2456,4,2026-03-15 18:00:00,Night,5,0.5um,2.11,counts/m3,25,35,0,0,none
2457,4,2026-03-16 00:00:00,Day,1,0.5um,3.84,counts/m3,25,35,0,0,none
2458,4,2026-03-16 06:00:00,Evening,2,0.5um,2.61,counts/m3,25,35,0,0,none
2459,4,2026-03-16 12:00:00,Night,8,0.5um,2.66,counts/m3,25,35,0,0,none
2460,4,2026-03-16 18:00:00,Night,8,0.5um,3.74,counts/m3,25,35,0,0,none
2461,4,2026-03-17 00:00:00,Day,4,0.5um,3.99,counts/m3,25,35,0,0,none
2462,4,2026-03-17 06:00:00,Evening,5,0.5um,6.89,counts/m3,25,35,0,0,none
2463,4,2026-03-17 12:00:00,Night,5,0.5um,5.61,counts/m3,25,35,0,0,none
2464,4,2026-03-17 18:00:00,Night,5,0.5um,4.47,counts/m3,25,35,0,0,none
2465,4,2026-03-18 00:00:00,Day,6,0.5um,6.19,counts/m3,25,35,0,0,none
2466,4,2026-03-18 06:00:00,Evening,5,0.5um,4.97,counts/m3,25,35,0,0,none
2467,4,2026-03-18 12:00:00,Night,2,0.5um,3.24,counts/m3,25,35,0,0,none
2468,4,2026-03-18 18:00:00,Night,1,0.5um,2.82,counts/m3,25,35,0,0,none
2469,4,2026-03-19 00:00:00,Day,7,0.5um,4.04,counts/m3,25,35,0,0,none
2470,4,2026-03-19 06:00:00,Evening,6,0.5um,5.82,counts/m3,25,35,0,0,none
2471,4,2026-03-19 12:00:00,Night,2,0.5um,3.63,counts/m3,25,35,0,0,none
2472,4,2026-03-19 18:00:00,Night,1,0.5um,4.24,counts/m3,25,35,0,0,none
2473,4,2026-03-20 00:00:00,Day,2,0.5um,4.08,counts/m3,25,35,0,0,none
2474,4,2026-03-20 06:00:00,Evening,5,0.5um,3.07,counts/m3,25,35,0,0,none
2475,4,2026-03-20 12:00:00,Night,5,0.5um,4.42,counts/m3,25,35,0,0,none
2476,4,2026-03-20 18:00:00,Night,2,0.5um,2.77,counts/m3,25,35,0,0,none
2477,4,2026-03-21 00:00:00,Day,2,0.5um,5.77,counts/m3,25,35,0,0,none
2478,4,2026-03-21 06:00:00,Evening,2,0.5um,27.25,counts/m3,25,35,1,0,glove_breach
2479,4,2026-03-21 12:00:00,Night,4,0.5um,24.38,counts/m3,25,35,0,0,glove_breach
2480,4,2026-03-21 18:00:00,Night,2,0.5um,20.91,counts/m3,25,35,0,0,glove_breach
2481,4,2026-03-22 00:00:00,Day,4,0.5um,20.46,counts/m3,25,35,0,0,glove_breach
2482,4,2026-03-22 06:00:00,Evening,1,0.5um,20.31,counts/m3,25,35,0,0,glove_breach
2483,4,2026-03-22 12:00:00,Night,8,0.5um,17.66,counts/m3,25,35,0,0,glove_breach
2484,4,2026-03-22 18:00:00,Night,8,0.5um,19.13,counts/m3,25,35,0,0,glove_breach
2485,4,2026-03-23 00:00:00,Day,3,0.5um,16.73,counts/m3,25,35,0,0,glove_breach
2486,4,2026-03-23 06:00:00,Evening,7,0.5um,14.89,counts/m3,25,35,0,0,glove_breach
2487,4,2026-03-23 12:00:00,Night,5,0.5um,13.92,counts/m3,25,35,0,0,glove_breach
2488,4,2026-03-23 18:00:00,Night,1,0.5um,13.44,counts/m3,25,35,0,0,glove_breach
2489,4,2026-03-24 00:00:00,Day,3,0.5um,13.04,counts/m3,25,35,0,0,glove_breach
2490,4,2026-03-24 06:00:00,Evening,1,0.5um,11.7,counts/m3,25,35,0,0,glove_breach
2491,4,2026-03-24 12:00:00,Night,6,0.5um,13.44,counts/m3,25,35,0,0,glove_breach
2492,4,2026-03-24 18:00:00,Night,7,0.5um,11.36,counts/m3,25,35,0,0,glove_breach
2493,4,2026-03-25 00:00:00,Day,5,0.5um,11.18,counts/m3,25,35,0,0,glove_breach
2494,4,2026-03-25 06:00:00,Evening,1,0.5um,10.04,counts/m3,25,35,0,0,glove_breach
2495,4,2026-03-25 12:00:00,Night,2,0.5um,10.2,counts/m3,25,35,0,0,glove_breach
2496,4,2026-03-25 18:00:00,Night,4,0.5um,11.54,counts/m3,25,35,0,0,glove_breach
2497,4,2026-03-26 00:00:00,Day,2,0.5um,9.46,counts/m3,25,35,0,0,glove_breach
2498,4,2026-03-26 06:00:00,Evening,1,0.5um,13.31,counts/m3,25,35,0,0,glove_breach
2499,4,2026-03-26 12:00:00,Night,3,0.5um,11.31,counts/m3,25,35,0,0,glove_breach
2500,4,2026-03-26 18:00:00,Night,5,0.5um,9.33,counts/m3,25,35,0,0,glove_breach
2501,4,2026-03-27 00:00:00,Day,1,0.5um,10.26,counts/m3,25,35,0,0,glove_breach
2502,4,2026-03-27 06:00:00,Evening,8,0.5um,12.31,counts/m3,25,35,0,0,glove_breach
2503,4,2026-03-27 12:00:00,Night,4,0.5um,10.62,counts/m3,25,35,0,0,glove_breach
2504,4,2026-03-27 18:00:00,Night,2,0.5um,11.95,counts/m3,25,35,0,0,glove_breach
2505,4,2026-03-28 00:00:00,Day,1,0.5um,12.05,counts/m3,25,35,0,0,glove_breach
2506,4,2026-03-28 06:00:00,Evening,8,0.5um,11.06,counts/m3,25,35,0,0,glove_breach
2507,4,2026-03-28 12:00:00,Night,5,0.5um,12.21,counts/m3,25,35,0,0,glove_breach
2508,4,2026-03-28 18:00:00,Night,7,0.5um,15.36,counts/m3,25,35,0,0,glove_breach
2509,4,2026-03-29 00:00:00,Day,7,0.5um,13.41,counts/m3,25,35,0,0,glove_breach
2510,4,2026-03-29 06:00:00,Evening,8,0.5um,14.56,counts/m3,25,35,0,0,glove_breach
2511,4,2026-03-29 12:00:00,Night,8,0.5um,11.98,counts/m3,25,35,0,0,glove_breach
2512,4,2026-03-29 18:00:00,Night,7,0.5um,12.42,counts/m3,25,35,0,0,glove_breach
2513,4,2026-03-30 00:00:00,Day,7,0.5um,11.61,counts/m3,25,35,0,0,glove_breach
2514,4,2026-03-30 06:00:00,Evening,7,0.5um,13.71,counts/m3,25,35,0,0,glove_breach
2515,4,2026-03-30 12:00:00,Night,3,0.5um,12.93,counts/m3,25,35,0,0,glove_breach
2516,4,2026-03-30 18:00:00,Night,5,0.5um,15.15,counts/m3,25,35,0,0,glove_breach
2517,4,2026-03-31 00:00:00,Day,8,0.5um,10.94,counts/m3,25,35,0,0,glove_breach
2518,4,2026-03-31 06:00:00,Evening,7,0.5um,13.13,counts/m3,25,35,0,0,glove_breach
2519,4,2026-03-31 12:00:00,Night,1,0.5um,12.58,counts/m3,25,35,0,0,glove_breach
2520,4,2026-03-31 18:00:00,Night,1,0.5um,12.04,counts/m3,25,35,0,0,glove_breach
2521,4,2026-04-01 00:00:00,Day,2,0.5um,16.46,counts/m3,25,35,0,0,glove_breach
2522,4,2026-04-01 06:00:00,Evening,6,0.5um,12.75,counts/m3,25,35,0,0,glove_breach
2523,4,2026-04-01 12:00:00,Night,4,0.5um,17.95,counts/m3,25,35,0,0,glove_breach
2524,4,2026-04-01 18:00:00,Night,6,0.5um,16.07,counts/m3,25,35,0,0,glove_breach
2525,4,2026-04-02 00:00:00,Day,2,0.5um,11.41,counts/m3,25,35,0,0,glove_breach
2526,4,2026-04-02 06:00:00,Evening,1,0.5um,12.58,counts/m3,25,35,0,0,glove_breach
2527,4,2026-04-02 12:00:00,Night,7,0.5um,12.88,counts/m3,25,35,0,0,glove_breach
2528,4,2026-04-02 18:00:00,Night,3,0.5um,18.09,counts/m3,25,35,0,0,glove_breach
2529,4,2026-04-03 00:00:00,Day,1,0.5um,16.34,counts/m3,25,35,0,0,glove_breach
2530,4,2026-04-03 06:00:00,Evening,2,0.5um,17.11,counts/m3,25,35,0,0,glove_breach
2531,4,2026-04-03 12:00:00,Night,3,0.5um,19.16,counts/m3,25,35,0,0,glove_breach
2532,4,2026-04-03 18:00:00,Night,4,0.5um,18.13,counts/m3,25,35,0,0,glove_breach
2533,4,2026-04-04 00:00:00,Day,8,0.5um,17.7,counts/m3,25,35,0,0,glove_breach
2534,4,2026-04-04 06:00:00,Evening,2,0.5um,16.75,counts/m3,25,35,0,0,glove_breach
2535,4,2026-04-04 12:00:00,Night,5,0.5um,15.88,counts/m3,25,35,0,0,glove_breach
2536,4,2026-04-04 18:00:00,Night,3,0.5um,17.1,counts/m3,25,35,0,0,glove_breach
2537,4,2026-04-05 00:00:00,Day,4,0.5um,16.36,counts/m3,25,35,0,0,glove_breach
2538,4,2026-04-05 06:00:00,Evening,3,0.5um,16.09,counts/m3,25,35,0,0,hvac_drift
2539,4,2026-04-05 12:00:00,Night,3,0.5um,7.01,counts/m3,25,35,0,0,none
2540,4,2026-04-05 18:00:00,Night,5,0.5um,4.76,counts/m3,25,35,0,0,none
2541,4,2026-04-06 00:00:00,Day,5,0.5um,4.32,counts/m3,25,35,0,0,none
2542,4,2026-04-06 06:00:00,Evening,2,0.5um,2.15,counts/m3,25,35,0,0,none
2543,4,2026-04-06 12:00:00,Night,2,0.5um,2.06,counts/m3,25,35,0,0,none
2544,4,2026-04-06 18:00:00,Night,2,0.5um,6.05,counts/m3,25,35,0,0,none
2545,4,2026-04-07 00:00:00,Day,8,0.5um,7.08,counts/m3,25,35,0,0,none
2546,4,2026-04-07 06:00:00,Evening,3,0.5um,8.65,counts/m3,25,35,0,0,none
2547,4,2026-04-07 12:00:00,Night,5,0.5um,2.5,counts/m3,25,35,0,0,none
2548,4,2026-04-07 18:00:00,Night,4,0.5um,2.24,counts/m3,25,35,0,0,none
2549,4,2026-04-08 00:00:00,Day,3,0.5um,6.57,counts/m3,25,35,0,0,none
2550,4,2026-04-08 06:00:00,Evening,1,0.5um,4.4,counts/m3,25,35,0,0,hvac_drift
2551,4,2026-04-08 12:00:00,Night,4,0.5um,6.51,counts/m3,25,35,0,0,hvac_drift
2552,4,2026-04-08 18:00:00,Night,8,0.5um,5.71,counts/m3,25,35,0,0,hvac_drift
2553,4,2026-04-09 00:00:00,Day,8,0.5um,11.08,counts/m3,25,35,0,0,hvac_drift
2554,4,2026-04-09 06:00:00,Evening,3,0.5um,7.56,counts/m3,25,35,0,0,hvac_drift
2555,4,2026-04-09 12:00:00,Night,5,0.5um,10.09,counts/m3,25,35,0,0,hvac_drift
2556,4,2026-04-09 18:00:00,Night,3,0.5um,6.84,counts/m3,25,35,0,0,hvac_drift
2557,4,2026-04-10 00:00:00,Day,8,0.5um,7.3,counts/m3,25,35,0,0,hvac_drift
2558,4,2026-04-10 06:00:00,Evening,5,0.5um,8.18,counts/m3,25,35,0,0,hvac_drift
2559,4,2026-04-10 12:00:00,Night,8,0.5um,7.91,counts/m3,25,35,0,0,hvac_drift
2560,4,2026-04-10 18:00:00,Night,7,0.5um,9.73,counts/m3,25,35,0,0,hvac_drift
2561,4,2026-04-11 00:00:00,Day,3,0.5um,7.86,counts/m3,25,35,0,0,hvac_drift
2562,4,2026-04-11 06:00:00,Evening,4,0.5um,9.28,counts/m3,25,35,0,0,hvac_drift
2563,4,2026-04-11 12:00:00,Night,5,0.5um,10.77,counts/m3,25,35,0,0,hvac_drift
2564,4,2026-04-11 18:00:00,Night,2,0.5um,10.56,counts/m3,25,35,0,0,hvac_drift
2565,4,2026-04-12 00:00:00,Day,7,0.5um,7.81,counts/m3,25,35,0,0,hvac_drift
2566,4,2026-04-12 06:00:00,Evening,5,0.5um,10.71,counts/m3,25,35,0,0,hvac_drift
2567,4,2026-04-12 12:00:00,Night,2,0.5um,12.16,counts/m3,25,35,0,0,hvac_drift
2568,4,2026-04-12 18:00:00,Night,4,0.5um,14.38,counts/m3,25,35,0,0,hvac_drift
2569,4,2026-04-13 00:00:00,Day,7,0.5um,13.19,counts/m3,25,35,0,0,hvac_drift
2570,4,2026-04-13 06:00:00,Evening,4,0.5um,11.47,counts/m3,25,35,0,0,hvac_drift
2571,4,2026-04-13 12:00:00,Night,6,0.5um,11.74,counts/m3,25,35,0,0,hvac_drift
2572,4,2026-04-13 18:00:00,Night,8,0.5um,11.39,counts/m3,25,35,0,0,hvac_drift
2573,4,2026-04-14 00:00:00,Day,3,0.5um,11.46,counts/m3,25,35,0,0,hvac_drift
2574,4,2026-04-14 06:00:00,Evening,8,0.5um,11.11,counts/m3,25,35,0,0,hvac_drift
2575,4,2026-04-14 12:00:00,Night,4,0.5um,12.7,counts/m3,25,35,0,0,hvac_drift
2576,4,2026-04-14 18:00:00,Night,5,0.5um,10.15,counts/m3,25,35,0,0,hvac_drift
2577,4,2026-04-15 00:00:00,Day,7,0.5um,11.16,counts/m3,25,35,0,0,hvac_drift
2578,4,2026-04-15 06:00:00,Evening,1,0.5um,11.25,counts/m3,25,35,0,0,hvac_drift
2579,4,2026-04-15 12:00:00,Night,6,0.5um,14.69,counts/m3,25,35,0,0,hvac_drift
2580,4,2026-04-15 18:00:00,Night,5,0.5um,11.44,counts/m3,25,35,0,0,hvac_drift
2581,4,2026-04-16 00:00:00,Day,6,0.5um,11.43,counts/m3,25,35,0,0,hvac_drift
2582,4,2026-04-16 06:00:00,Evening,8,0.5um,10.32,counts/m3,25,35,0,0,hvac_drift
2583,4,2026-04-16 12:00:00,Night,4,0.5um,11.14,counts/m3,25,35,0,0,hvac_drift
2584,4,2026-04-16 18:00:00,Night,8,0.5um,17.0,counts/m3,25,35,0,0,hvac_drift
2585,4,2026-04-17 00:00:00,Day,5,0.5um,12.06,counts/m3,25,35,0,0,hvac_drift
2586,4,2026-04-17 06:00:00,Evening,2,0.5um,13.02,counts/m3,25,35,0,0,hvac_drift
2587,4,2026-04-17 12:00:00,Night,6,0.5um,13.46,counts/m3,25,35,0,0,hvac_drift
2588,4,2026-04-17 18:00:00,Night,2,0.5um,15.41,counts/m3,25,35,0,0,hvac_drift
2589,4,2026-04-18 00:00:00,Day,8,0.5um,12.07,counts/m3,25,35,0,0,hvac_drift
2590,4,2026-04-18 06:00:00,Evening,2,0.5um,12.98,counts/m3,25,35,0,0,hvac_drift
2591,4,2026-04-18 12:00:00,Night,4,0.5um,12.93,counts/m3,25,35,0,0,hvac_drift
2592,4,2026-04-18 18:00:00,Night,7,0.5um,30.77,counts/m3,25,35,1,0,glove_breach
2593,4,2026-04-19 00:00:00,Day,1,0.5um,29.93,counts/m3,25,35,1,0,glove_breach
2594,4,2026-04-19 06:00:00,Evening,4,0.5um,27.91,counts/m3,25,35,1,0,glove_breach
2595,4,2026-04-19 12:00:00,Night,5,0.5um,27.1,counts/m3,25,35,1,0,glove_breach
2596,4,2026-04-19 18:00:00,Night,3,0.5um,28.82,counts/m3,25,35,1,0,glove_breach
2597,4,2026-04-20 00:00:00,Day,6,0.5um,24.38,counts/m3,25,35,0,0,glove_breach
2598,4,2026-04-20 06:00:00,Evening,3,0.5um,22.3,counts/m3,25,35,0,0,glove_breach
2599,4,2026-04-20 12:00:00,Night,3,0.5um,22.34,counts/m3,25,35,0,0,glove_breach
2600,4,2026-04-20 18:00:00,Night,3,0.5um,23.24,counts/m3,25,35,0,0,glove_breach
2601,4,2026-04-21 00:00:00,Day,5,0.5um,21.47,counts/m3,25,35,0,0,glove_breach
2602,4,2026-04-21 06:00:00,Evening,8,0.5um,22.62,counts/m3,25,35,0,0,glove_breach
2603,4,2026-04-21 12:00:00,Night,2,0.5um,21.68,counts/m3,25,35,0,0,glove_breach
2604,4,2026-04-21 18:00:00,Night,4,0.5um,20.18,counts/m3,25,35,0,0,glove_breach
2605,4,2026-04-22 00:00:00,Day,2,0.5um,20.44,counts/m3,25,35,0,0,glove_breach
2606,4,2026-04-22 06:00:00,Evening,2,0.5um,20.98,counts/m3,25,35,0,0,glove_breach
2607,4,2026-04-22 12:00:00,Night,8,0.5um,18.61,counts/m3,25,35,0,0,glove_breach
2608,4,2026-04-22 18:00:00,Night,6,0.5um,20.03,counts/m3,25,35,0,0,glove_breach
2609,4,2026-04-23 00:00:00,Day,8,0.5um,18.74,counts/m3,25,35,0,0,glove_breach
2610,4,2026-04-23 06:00:00,Evening,6,0.5um,8.3,counts/m3,25,35,0,0,glove_breach
2611,4,2026-04-23 12:00:00,Night,6,0.5um,6.53,counts/m3,25,35,0,0,glove_breach
2612,4,2026-04-23 18:00:00,Night,6,0.5um,7.19,counts/m3,25,35,0,0,glove_breach
2613,4,2026-04-24 00:00:00,Day,6,0.5um,7.58,counts/m3,25,35,0,0,glove_breach
2614,4,2026-04-24 06:00:00,Evening,7,0.5um,8.22,counts/m3,25,35,0,0,glove_breach
2615,4,2026-04-24 12:00:00,Night,3,0.5um,3.91,counts/m3,25,35,0,0,glove_breach
2616,4,2026-04-24 18:00:00,Night,1,0.5um,2.37,counts/m3,25,35,0,0,glove_breach
2617,4,2026-04-25 00:00:00,Day,4,0.5um,8.09,counts/m3,25,35,0,0,glove_breach
2618,4,2026-04-25 06:00:00,Evening,1,0.5um,2.44,counts/m3,25,35,0,0,glove_breach
2619,4,2026-04-25 12:00:00,Night,1,0.5um,3.86,counts/m3,25,35,0,0,glove_breach
2620,4,2026-04-25 18:00:00,Night,1,0.5um,2.68,counts/m3,25,35,0,0,glove_breach
2621,4,2026-04-26 00:00:00,Day,1,0.5um,3.22,counts/m3,25,35,0,0,glove_breach
2622,4,2026-04-26 06:00:00,Evening,6,0.5um,5.37,counts/m3,25,35,0,0,glove_breach
2623,4,2026-04-26 12:00:00,Night,5,0.5um,4.26,counts/m3,25,35,0,0,glove_breach
2624,4,2026-04-26 18:00:00,Night,8,0.5um,1.17,counts/m3,25,35,0,0,glove_breach
2625,4,2026-04-27 00:00:00,Day,3,0.5um,3.07,counts/m3,25,35,0,0,glove_breach
2626,4,2026-04-27 06:00:00,Evening,3,0.5um,2.01,counts/m3,25,35,0,0,glove_breach
2627,4,2026-04-27 12:00:00,Night,4,0.5um,0.99,counts/m3,25,35,0,0,glove_breach
2628,4,2026-04-27 18:00:00,Night,7,0.5um,4.97,counts/m3,25,35,0,0,glove_breach
2629,4,2026-04-28 00:00:00,Day,8,0.5um,2.92,counts/m3,25,35,0,0,glove_breach
2630,4,2026-04-28 06:00:00,Evening,6,0.5um,4.85,counts/m3,25,35,0,0,glove_breach
2631,4,2026-04-28 12:00:00,Night,5,0.5um,0.8,counts/m3,25,35,0,0,glove_breach
2632,4,2026-04-28 18:00:00,Night,8,0.5um,1.75,counts/m3,25,35,0,0,glove_breach
2633,4,2026-04-29 00:00:00,Day,2,0.5um,3.7,counts/m3,25,35,0,0,glove_breach
2634,4,2026-04-29 06:00:00,Evening,4,0.5um,0.68,counts/m3,25,35,0,0,glove_breach
2635,4,2026-04-29 12:00:00,Night,2,0.5um,1.34,counts/m3,25,35,0,0,glove_breach
2636,4,2026-04-29 18:00:00,Night,2,0.5um,1.3,counts/m3,25,35,0,0,glove_breach
2637,4,2026-04-30 00:00:00,Day,4,0.5um,5.21,counts/m3,25,35,0,0,glove_breach
2638,4,2026-04-30 06:00:00,Evening,7,0.5um,2.11,counts/m3,25,35,0,0,glove_breach
2639,4,2026-04-30 12:00:00,Night,3,0.5um,10.67,counts/m3,25,35,0,0,mechanical_friction
2640,4,2026-04-30 18:00:00,Night,7,0.5um,13.95,counts/m3,25,35,0,0,mechanical_friction
2641,4,2026-05-01 00:00:00,Day,5,0.5um,12.96,counts/m3,25,35,0,0,mechanical_friction
2642,4,2026-05-01 06:00:00,Evening,6,0.5um,8.41,counts/m3,25,35,0,0,mechanical_friction
2643,4,2026-05-01 12:00:00,Night,2,0.5um,9.5,counts/m3,25,35,0,0,mechanical_friction
2644,4,2026-05-01 18:00:00,Night,7,0.5um,8.6,counts/m3,25,35,0,0,mechanical_friction
2645,4,2026-05-02 00:00:00,Day,2,0.5um,5.06,counts/m3,25,35,0,0,mechanical_friction
2646,4,2026-05-02 06:00:00,Evening,3,0.5um,3.09,counts/m3,25,35,0,0,mechanical_friction
2647,4,2026-05-02 12:00:00,Night,7,0.5um,7.34,counts/m3,25,35,0,0,mechanical_friction
2648,4,2026-05-02 18:00:00,Night,6,0.5um,14.65,counts/m3,25,35,0,0,mechanical_friction
2649,4,2026-05-03 00:00:00,Day,3,0.5um,13.72,counts/m3,25,35,0,0,mechanical_friction
2650,4,2026-05-03 06:00:00,Evening,3,0.5um,7.77,counts/m3,25,35,0,0,mechanical_friction
2651,4,2026-05-03 12:00:00,Night,4,0.5um,10.84,counts/m3,25,35,0,0,mechanical_friction
2652,4,2026-05-03 18:00:00,Night,4,0.5um,7.86,counts/m3,25,35,0,0,mechanical_friction
2653,4,2026-05-04 00:00:00,Day,1,0.5um,20.78,counts/m3,25,35,0,0,mechanical_friction
2654,4,2026-05-04 06:00:00,Evening,2,0.5um,22.17,counts/m3,25,35,0,0,mechanical_friction
2655,4,2026-05-04 12:00:00,Night,2,0.5um,22.99,counts/m3,25,35,0,0,mechanical_friction
2656,4,2026-05-04 18:00:00,Night,2,0.5um,25.95,counts/m3,25,35,1,0,mechanical_friction
2657,4,2026-05-05 00:00:00,Day,3,0.5um,25.8,counts/m3,25,35,1,0,mechanical_friction
2658,4,2026-05-05 06:00:00,Evening,1,0.5um,18.18,counts/m3,25,35,0,0,mechanical_friction
2659,4,2026-05-05 12:00:00,Night,6,0.5um,17.25,counts/m3,25,35,0,0,mechanical_friction
2660,4,2026-05-05 18:00:00,Night,6,0.5um,14.42,counts/m3,25,35,0,0,mechanical_friction
2661,4,2026-05-06 00:00:00,Day,2,0.5um,12.09,counts/m3,25,35,0,0,mechanical_friction
2662,4,2026-05-06 06:00:00,Evening,8,0.5um,8.43,counts/m3,25,35,0,0,mechanical_friction
2663,4,2026-05-06 12:00:00,Night,5,0.5um,14.08,counts/m3,25,35,0,0,mechanical_friction
2664,4,2026-05-06 18:00:00,Night,3,0.5um,17.79,counts/m3,25,35,0,0,mechanical_friction
2665,4,2026-05-07 00:00:00,Day,2,0.5um,17.53,counts/m3,25,35,0,0,mechanical_friction
2666,4,2026-05-07 06:00:00,Evening,4,0.5um,14.73,counts/m3,25,35,0,0,mechanical_friction
2667,4,2026-05-07 12:00:00,Night,8,0.5um,16.5,counts/m3,25,35,0,0,mechanical_friction
2668,4,2026-05-07 18:00:00,Night,1,0.5um,16.0,counts/m3,25,35,0,0,mechanical_friction
2669,4,2026-05-08 00:00:00,Day,1,0.5um,10.99,counts/m3,25,35,0,0,mechanical_friction
2670,4,2026-05-08 06:00:00,Evening,4,0.5um,9.64,counts/m3,25,35,0,0,mechanical_friction
2671,4,2026-05-08 12:00:00,Night,8,0.5um,13.6,counts/m3,25,35,0,0,mechanical_friction
2672,4,2026-05-08 18:00:00,Night,3,0.5um,22.61,counts/m3,25,35,0,0,mechanical_friction
2673,4,2026-05-09 00:00:00,Day,6,0.5um,22.42,counts/m3,25,35,0,0,mechanical_friction
2674,4,2026-05-09 06:00:00,Evening,5,0.5um,14.69,counts/m3,25,35,0,0,mechanical_friction
2675,4,2026-05-09 12:00:00,Night,2,0.5um,13.59,counts/m3,25,35,0,0,mechanical_friction
2676,4,2026-05-09 18:00:00,Night,8,0.5um,11.53,counts/m3,25,35,0,0,mechanical_friction
2677,4,2026-05-10 00:00:00,Day,2,0.5um,10.92,counts/m3,25,35,0,0,mechanical_friction
2678,4,2026-05-10 06:00:00,Evening,5,0.5um,10.92,counts/m3,25,35,0,0,mechanical_friction
2679,4,2026-05-10 12:00:00,Night,6,0.5um,15.19,counts/m3,25,35,0,0,mechanical_friction
2680,4,2026-05-10 18:00:00,Night,6,0.5um,19.49,counts/m3,25,35,0,0,mechanical_friction
2681,4,2026-05-11 00:00:00,Day,7,0.5um,19.57,counts/m3,25,35,0,0,mechanical_friction
2682,4,2026-05-11 06:00:00,Evening,6,0.5um,14.08,counts/m3,25,35,0,0,mechanical_friction
2683,4,2026-05-11 12:00:00,Night,6,0.5um,15.19,counts/m3,25,35,0,0,mechanical_friction
2684,4,2026-05-11 18:00:00,Night,2,0.5um,14.33,counts/m3,25,35,0,0,mechanical_friction
2685,4,2026-05-12 00:00:00,Day,3,0.5um,9.89,counts/m3,25,35,0,0,mechanical_friction
2686,4,2026-05-12 06:00:00,Evening,3,0.5um,8.05,counts/m3,25,35,0,0,mechanical_friction
2687,4,2026-05-12 12:00:00,Night,3,0.5um,14.13,counts/m3,25,35,0,0,mechanical_friction
2688,4,2026-05-12 18:00:00,Night,1,0.5um,21.4,counts/m3,25,35,0,0,mechanical_friction
2689,4,2026-05-13 00:00:00,Day,1,0.5um,21.46,counts/m3,25,35,0,0,mechanical_friction
2690,4,2026-05-13 06:00:00,Evening,4,0.5um,15.94,counts/m3,25,35,0,0,mechanical_friction
2691,4,2026-05-13 12:00:00,Night,6,0.5um,15.04,counts/m3,25,35,0,0,mechanical_friction
2692,4,2026-05-13 18:00:00,Night,8,0.5um,14.15,counts/m3,25,35,0,0,mechanical_friction
2693,4,2026-05-14 00:00:00,Day,8,0.5um,9.7,counts/m3,25,35,0,0,mechanical_friction
2694,4,2026-05-14 06:00:00,Evening,4,0.5um,10.63,counts/m3,25,35,0,0,mechanical_friction
2695,4,2026-05-14 12:00:00,Night,8,0.5um,18.67,counts/m3,25,35,0,0,mechanical_friction
2696,4,2026-05-14 18:00:00,Night,4,0.5um,21.98,counts/m3,25,35,0,0,mechanical_friction
2697,4,2026-05-15 00:00:00,Day,4,0.5um,21.75,counts/m3,25,35,0,0,mechanical_friction
2698,4,2026-05-15 06:00:00,Evening,2,0.5um,17.25,counts/m3,25,35,0,0,mechanical_friction
2699,4,2026-05-15 12:00:00,Night,6,0.5um,9.72,counts/m3,25,35,0,0,glove_breach
2700,4,2026-05-15 18:00:00,Night,3,0.5um,9.43,counts/m3,25,35,0,0,glove_breach
2701,4,2026-05-16 00:00:00,Day,4,0.5um,10.46,counts/m3,25,35,0,0,glove_breach
2702,4,2026-05-16 06:00:00,Evening,8,0.5um,13.23,counts/m3,25,35,0,0,glove_breach
2703,4,2026-05-16 12:00:00,Night,5,0.5um,11.01,counts/m3,25,35,0,0,glove_breach
2704,4,2026-05-16 18:00:00,Night,3,0.5um,13.06,counts/m3,25,35,0,0,glove_breach
2705,4,2026-05-17 00:00:00,Day,6,0.5um,10.8,counts/m3,25,35,0,0,glove_breach
2706,4,2026-05-17 06:00:00,Evening,6,0.5um,9.85,counts/m3,25,35,0,0,glove_breach
2707,4,2026-05-17 12:00:00,Night,5,0.5um,10.91,counts/m3,25,35,0,0,glove_breach
2708,4,2026-05-17 18:00:00,Night,1,0.5um,9.67,counts/m3,25,35,0,0,glove_breach
2709,4,2026-05-18 00:00:00,Day,2,0.5um,14.73,counts/m3,25,35,0,0,glove_breach
2710,4,2026-05-18 06:00:00,Evening,2,0.5um,13.54,counts/m3,25,35,0,0,glove_breach
2711,4,2026-05-18 12:00:00,Night,8,0.5um,12.36,counts/m3,25,35,0,0,glove_breach
2712,4,2026-05-18 18:00:00,Night,3,0.5um,12.43,counts/m3,25,35,0,0,glove_breach
2713,4,2026-05-19 00:00:00,Day,4,0.5um,12.16,counts/m3,25,35,0,0,hvac_drift
2714,4,2026-05-19 06:00:00,Evening,8,0.5um,11.24,counts/m3,25,35,0,0,hvac_drift
2715,4,2026-05-19 12:00:00,Night,8,0.5um,14.32,counts/m3,25,35,0,0,hvac_drift
2716,4,2026-05-19 18:00:00,Night,2,0.5um,12.1,counts/m3,25,35,0,0,hvac_drift
2717,4,2026-05-20 00:00:00,Day,7,0.5um,11.19,counts/m3,25,35,0,0,hvac_drift
2718,4,2026-05-20 06:00:00,Evening,6,0.5um,13.02,counts/m3,25,35,0,0,hvac_drift
2719,4,2026-05-20 12:00:00,Night,5,0.5um,13.85,counts/m3,25,35,0,0,hvac_drift
2720,4,2026-05-20 18:00:00,Night,2,0.5um,12.94,counts/m3,25,35,0,0,hvac_drift
2721,4,2026-05-21 00:00:00,Day,6,0.5um,14.72,counts/m3,25,35,0,0,hvac_drift
2722,4,2026-05-21 06:00:00,Evening,5,0.5um,13.81,counts/m3,25,35,0,0,hvac_drift
2723,4,2026-05-21 12:00:00,Night,4,0.5um,14.93,counts/m3,25,35,0,0,hvac_drift
2724,4,2026-05-21 18:00:00,Night,5,0.5um,0.42,counts/m3,25,35,0,0,none
2725,4,2026-05-22 00:00:00,Day,2,0.5um,4.42,counts/m3,25,35,0,0,none
2726,4,2026-05-22 06:00:00,Evening,5,0.5um,6.15,counts/m3,25,35,0,0,none
2727,4,2026-05-22 12:00:00,Night,2,0.5um,4.81,counts/m3,25,35,0,0,none
2728,4,2026-05-22 18:00:00,Night,3,0.5um,3.71,counts/m3,25,35,0,0,none
2729,4,2026-05-23 00:00:00,Day,4,0.5um,2.34,counts/m3,25,35,0,0,none
2730,4,2026-05-23 06:00:00,Evening,2,0.5um,2.27,counts/m3,25,35,0,0,none
2731,4,2026-05-23 12:00:00,Night,8,0.5um,5.17,counts/m3,25,35,0,0,none
2732,4,2026-05-23 18:00:00,Night,8,0.5um,2.8,counts/m3,25,35,0,0,none
2733,4,2026-05-24 00:00:00,Day,4,0.5um,3.81,counts/m3,25,35,0,0,none
2734,4,2026-05-24 06:00:00,Evening,5,0.5um,3.57,counts/m3,25,35,0,0,none
2735,4,2026-05-24 12:00:00,Night,3,0.5um,4.25,counts/m3,25,35,0,0,none
2736,4,2026-05-24 18:00:00,Night,2,0.5um,3.15,counts/m3,25,35,0,0,none
2737,4,2026-05-25 00:00:00,Day,8,0.5um,4.78,counts/m3,25,35,0,0,none
2738,4,2026-05-25 06:00:00,Evening,4,0.5um,7.51,counts/m3,25,35,0,0,none
2739,4,2026-05-25 12:00:00,Night,8,0.5um,6.16,counts/m3,25,35,0,0,none
2740,4,2026-05-25 18:00:00,Night,1,0.5um,4.56,counts/m3,25,35,0,0,none
2741,4,2026-05-26 00:00:00,Day,1,0.5um,8.37,counts/m3,25,35,0,0,none
2742,4,2026-05-26 06:00:00,Evening,4,0.5um,8.94,counts/m3,25,35,0,0,none
2743,4,2026-05-26 12:00:00,Night,7,0.5um,7.45,counts/m3,25,35,0,0,none
2744,4,2026-05-26 18:00:00,Night,4,0.5um,7.21,counts/m3,25,35,0,0,none
2745,4,2026-05-27 00:00:00,Day,7,0.5um,5.7,counts/m3,25,35,0,0,none
2746,4,2026-05-27 06:00:00,Evening,2,0.5um,4.52,counts/m3,25,35,0,0,none
2747,4,2026-05-27 12:00:00,Night,7,0.5um,5.31,counts/m3,25,35,0,0,none
2748,4,2026-05-27 18:00:00,Night,4,0.5um,3.84,counts/m3,25,35,0,0,none
2749,4,2026-05-28 00:00:00,Day,3,0.5um,4.78,counts/m3,25,35,0,0,none
2750,4,2026-05-28 06:00:00,Evening,6,0.5um,6.46,counts/m3,25,35,0,0,none
2751,4,2026-05-28 12:00:00,Night,7,0.5um,5.99,counts/m3,25,35,0,0,none
2752,4,2026-05-28 18:00:00,Night,8,0.5um,8.83,counts/m3,25,35,0,0,none
2753,4,2026-05-29 00:00:00,Day,1,0.5um,5.41,counts/m3,25,35,0,0,none
2754,4,2026-05-29 06:00:00,Evening,6,0.5um,4.51,counts/m3,25,35,0,0,none
2755,4,2026-05-29 12:00:00,Night,3,0.5um,4.48,counts/m3,25,35,0,0,none
2756,4,2026-05-29 18:00:00,Night,5,0.5um,5.48,counts/m3,25,35,0,0,none
2757,4,2026-05-30 00:00:00,Day,4,0.5um,4.58,counts/m3,25,35,0,0,none
2758,4,2026-05-30 06:00:00,Evening,7,0.5um,3.67,counts/m3,25,35,0,0,none
2759,4,2026-05-30 12:00:00,Night,4,0.5um,3.82,counts/m3,25,35,0,0,none
2760,4,2026-05-30 18:00:00,Night,3,0.5um,5.92,counts/m3,25,35,0,0,none
2761,4,2026-05-31 00:00:00,Day,4,0.5um,3.95,counts/m3,25,35,0,0,none
2762,4,2026-05-31 06:00:00,Evening,6,0.5um,6.98,counts/m3,25,35,0,0,none
2763,4,2026-05-31 12:00:00,Night,7,0.5um,3.97,counts/m3,25,35,0,0,none
2764,4,2026-05-31 18:00:00,Night,1,0.5um,6.0,counts/m3,25,35,0,0,none
2765,4,2026-06-01 00:00:00,Day,5,0.5um,5.11,counts/m3,25,35,0,0,none
2766,4,2026-06-01 06:00:00,Evening,1,0.5um,3.26,counts/m3,25,35,0,0,none
2767,4,2026-06-01 12:00:00,Night,5,0.5um,3.46,counts/m3,25,35,0,0,none
2768,4,2026-06-01 18:00:00,Night,5,0.5um,5.63,counts/m3,25,35,0,0,none
2769,4,2026-06-02 00:00:00,Day,7,0.5um,5.71,counts/m3,25,35,0,0,none
2770,4,2026-06-02 06:00:00,Evening,2,0.5um,6.74,counts/m3,25,35,0,0,none
2771,4,2026-06-02 12:00:00,Night,7,0.5um,6.8,counts/m3,25,35,0,0,none
2772,4,2026-06-02 18:00:00,Night,6,0.5um,7.88,counts/m3,25,35,0,0,none
2773,4,2026-06-03 00:00:00,Day,6,0.5um,8.0,counts/m3,25,35,0,0,none
2774,4,2026-06-03 06:00:00,Evening,6,0.5um,6.17,counts/m3,25,35,0,0,none
2775,4,2026-06-03 12:00:00,Night,5,0.5um,8.45,counts/m3,25,35,0,0,none
2776,4,2026-06-03 18:00:00,Night,1,0.5um,6.62,counts/m3,25,35,0,0,none
2777,4,2026-06-04 00:00:00,Day,7,0.5um,6.71,counts/m3,25,35,0,0,none
2778,4,2026-06-04 06:00:00,Evening,4,0.5um,8.74,counts/m3,25,35,0,0,none
2779,4,2026-06-04 12:00:00,Night,1,0.5um,8.8,counts/m3,25,35,0,0,none
2780,4,2026-06-04 18:00:00,Night,5,0.5um,4.89,counts/m3,25,35,0,0,none
2781,4,2026-06-05 00:00:00,Day,8,0.5um,7.01,counts/m3,25,35,0,0,none
2782,4,2026-06-05 06:00:00,Evening,6,0.5um,5.47,counts/m3,25,35,0,0,none
2783,4,2026-06-05 12:00:00,Night,2,0.5um,8.65,counts/m3,25,35,0,0,none
2784,4,2026-06-05 18:00:00,Night,7,0.5um,4.7,counts/m3,25,35,0,0,none
2785,4,2026-06-06 00:00:00,Day,7,0.5um,9.39,counts/m3,25,35,0,0,none
2786,4,2026-06-06 06:00:00,Evening,3,0.5um,4.7,counts/m3,25,35,0,0,none
2787,4,2026-06-06 12:00:00,Night,5,0.5um,5.28,counts/m3,25,35,0,0,none
2788,4,2026-06-06 18:00:00,Night,7,0.5um,6.2,counts/m3,25,35,0,0,none
2789,4,2026-06-07 00:00:00,Day,2,0.5um,5.08,counts/m3,25,35,0,0,none
2790,4,2026-06-07 06:00:00,Evening,3,0.5um,3.67,counts/m3,25,35,0,0,none
2791,4,2026-06-07 12:00:00,Night,4,0.5um,5.71,counts/m3,25,35,0,0,none
2792,4,2026-06-07 18:00:00,Night,1,0.5um,4.6,counts/m3,25,35,0,0,none
2793,4,2026-06-08 00:00:00,Day,2,0.5um,5.37,counts/m3,25,35,0,0,none
2794,4,2026-06-08 06:00:00,Evening,5,0.5um,6.26,counts/m3,25,35,0,0,none
2795,4,2026-06-08 12:00:00,Night,3,0.5um,5.84,counts/m3,25,35,0,0,none
2796,4,2026-06-08 18:00:00,Night,2,0.5um,3.77,counts/m3,25,35,0,0,none
2797,4,2026-06-09 00:00:00,Day,3,0.5um,3.92,counts/m3,25,35,0,0,none
2798,4,2026-06-09 06:00:00,Evening,1,0.5um,4.98,counts/m3,25,35,0,0,none
2799,4,2026-06-09 12:00:00,Night,6,0.5um,4.42,counts/m3,25,35,0,0,hvac_drift
2800,4,2026-06-09 18:00:00,Night,3,0.5um,7.47,counts/m3,25,35,0,0,hvac_drift
2801,4,2026-06-10 00:00:00,Day,6,0.5um,6.2,counts/m3,25,35,0,0,hvac_drift
2802,4,2026-06-10 06:00:00,Evening,7,0.5um,5.23,counts/m3,25,35,0,0,hvac_drift
2803,4,2026-06-10 12:00:00,Night,4,0.5um,8.98,counts/m3,25,35,0,0,hvac_drift
2804,4,2026-06-10 18:00:00,Night,8,0.5um,6.88,counts/m3,25,35,0,0,hvac_drift
2805,4,2026-06-11 00:00:00,Day,2,0.5um,5.93,counts/m3,25,35,0,0,hvac_drift
2806,4,2026-06-11 06:00:00,Evening,8,0.5um,7.14,counts/m3,25,35,0,0,hvac_drift
2807,4,2026-06-11 12:00:00,Night,3,0.5um,8.82,counts/m3,25,35,0,0,hvac_drift
2808,4,2026-06-11 18:00:00,Night,3,0.5um,7.88,counts/m3,25,35,0,0,hvac_drift
2809,4,2026-06-12 00:00:00,Day,8,0.5um,8.62,counts/m3,25,35,0,0,hvac_drift
2810,4,2026-06-12 06:00:00,Evening,4,0.5um,9.67,counts/m3,25,35,0,0,hvac_drift
2811,4,2026-06-12 12:00:00,Night,6,0.5um,8.42,counts/m3,25,35,0,0,hvac_drift
2812,4,2026-06-12 18:00:00,Night,7,0.5um,11.32,counts/m3,25,35,0,0,hvac_drift
2813,4,2026-06-13 00:00:00,Day,4,0.5um,11.37,counts/m3,25,35,0,0,hvac_drift
2814,4,2026-06-13 06:00:00,Evening,3,0.5um,11.35,counts/m3,25,35,0,0,hvac_drift
2815,4,2026-06-13 12:00:00,Night,4,0.5um,14.96,counts/m3,25,35,0,0,hvac_drift
2816,4,2026-06-13 18:00:00,Night,4,0.5um,10.95,counts/m3,25,35,0,0,hvac_drift
2817,4,2026-06-14 00:00:00,Day,4,0.5um,10.63,counts/m3,25,35,0,0,hvac_drift
2818,4,2026-06-14 06:00:00,Evening,2,0.5um,13.63,counts/m3,25,35,0,0,hvac_drift
2819,4,2026-06-14 12:00:00,Night,8,0.5um,13.3,counts/m3,25,35,0,0,hvac_drift
2820,4,2026-06-14 18:00:00,Night,5,0.5um,10.16,counts/m3,25,35,0,0,hvac_drift
2821,4,2026-06-15 00:00:00,Day,7,0.5um,9.22,counts/m3,25,35,0,0,hvac_drift
2822,4,2026-06-15 06:00:00,Evening,6,0.5um,10.4,counts/m3,25,35,0,0,hvac_drift
2823,4,2026-06-15 12:00:00,Night,3,0.5um,9.94,counts/m3,25,35,0,0,hvac_drift
2824,4,2026-06-15 18:00:00,Night,3,0.5um,9.13,counts/m3,25,35,0,0,hvac_drift
2825,4,2026-06-16 00:00:00,Day,8,0.5um,9.8,counts/m3,25,35,0,0,hvac_drift
2826,4,2026-06-16 06:00:00,Evening,1,0.5um,10.83,counts/m3,25,35,0,0,hvac_drift
2827,4,2026-06-16 12:00:00,Night,3,0.5um,8.51,counts/m3,25,35,0,0,hvac_drift
2828,4,2026-06-16 18:00:00,Night,6,0.5um,10.35,counts/m3,25,35,0,0,hvac_drift
2829,4,2026-06-17 00:00:00,Day,5,0.5um,8.39,counts/m3,25,35,0,0,hvac_drift
2830,4,2026-06-17 06:00:00,Evening,5,0.5um,9.55,counts/m3,25,35,0,0,hvac_drift
2831,4,2026-06-17 12:00:00,Night,1,0.5um,11.05,counts/m3,25,35,0,0,hvac_drift
2832,4,2026-06-17 18:00:00,Night,2,0.5um,11.91,counts/m3,25,35,0,0,hvac_drift
2833,4,2026-06-18 00:00:00,Day,5,0.5um,10.6,counts/m3,25,35,0,0,hvac_drift
2834,4,2026-06-18 06:00:00,Evening,3,0.5um,11.64,counts/m3,25,35,0,0,hvac_drift
2835,4,2026-06-18 12:00:00,Night,4,0.5um,13.34,counts/m3,25,35,0,0,hvac_drift
2836,4,2026-06-18 18:00:00,Night,8,0.5um,12.19,counts/m3,25,35,0,0,hvac_drift
2837,4,2026-06-19 00:00:00,Day,6,0.5um,13.23,counts/m3,25,35,0,0,hvac_drift
2838,4,2026-06-19 06:00:00,Evening,6,0.5um,10.4,counts/m3,25,35,0,0,hvac_drift
2839,4,2026-06-19 12:00:00,Night,2,0.5um,13.89,counts/m3,25,35,0,0,hvac_drift
2840,4,2026-06-19 18:00:00,Night,5,0.5um,13.78,counts/m3,25,35,0,0,hvac_drift
2841,4,2026-06-20 00:00:00,Day,8,0.5um,13.48,counts/m3,25,35,0,0,hvac_drift
2842,4,2026-06-20 06:00:00,Evening,6,0.5um,12.52,counts/m3,25,35,0,0,hvac_drift
2843,4,2026-06-20 12:00:00,Night,7,0.5um,12.22,counts/m3,25,35,0,0,hvac_drift
2844,4,2026-06-20 18:00:00,Night,8,0.5um,15.18,counts/m3,25,35,0,0,hvac_drift
2845,4,2026-06-21 00:00:00,Day,8,0.5um,13.36,counts/m3,25,35,0,0,hvac_drift
2846,4,2026-06-21 06:00:00,Evening,3,0.5um,16.0,counts/m3,25,35,0,0,hvac_drift
2847,4,2026-06-21 12:00:00,Night,3,0.5um,13.64,counts/m3,25,35,0,0,hvac_drift
2848,4,2026-06-21 18:00:00,Night,3,0.5um,15.81,counts/m3,25,35,0,0,hvac_drift
2849,4,2026-06-22 00:00:00,Day,7,0.5um,13.79,counts/m3,25,35,0,0,hvac_drift
2850,4,2026-06-22 06:00:00,Evening,4,0.5um,14.97,counts/m3,25,35,0,0,hvac_drift
2851,4,2026-06-22 12:00:00,Night,7,0.5um,16.14,counts/m3,25,35,0,0,hvac_drift
2852,4,2026-06-22 18:00:00,Night,7,0.5um,15.12,counts/m3,25,35,0,0,hvac_drift
2853,4,2026-06-23 00:00:00,Day,6,0.5um,17.29,counts/m3,25,35,0,0,hvac_drift
2854,4,2026-06-23 06:00:00,Evening,1,0.5um,14.78,counts/m3,25,35,0,0,hvac_drift
2855,4,2026-06-23 12:00:00,Night,6,0.5um,18.42,counts/m3,25,35,0,0,hvac_drift
2856,4,2026-06-23 18:00:00,Night,2,0.5um,14.59,counts/m3,25,35,0,0,hvac_drift
2857,4,2026-06-24 00:00:00,Day,5,0.5um,17.57,counts/m3,25,35,0,0,hvac_drift
2858,4,2026-06-24 06:00:00,Evening,2,0.5um,15.24,counts/m3,25,35,0,0,hvac_drift
2859,4,2026-06-24 12:00:00,Night,1,0.5um,2.76,counts/m3,25,35,0,0,none
2860,4,2026-06-24 18:00:00,Night,6,0.5um,2.77,counts/m3,25,35,0,0,none
2861,4,2026-06-25 00:00:00,Day,4,0.5um,2.78,counts/m3,25,35,0,0,none
2862,4,2026-06-25 06:00:00,Evening,6,0.5um,2.01,counts/m3,25,35,0,0,none
2863,4,2026-06-25 12:00:00,Night,4,0.5um,1.01,counts/m3,25,35,0,0,none
2864,4,2026-06-25 18:00:00,Night,3,0.5um,2.01,counts/m3,25,35,0,0,none
2865,4,2026-06-26 00:00:00,Day,1,0.5um,5.0,counts/m3,25,35,0,0,none
2866,4,2026-06-26 06:00:00,Evening,3,0.5um,2.0,counts/m3,25,35,0,0,none
2867,4,2026-06-26 12:00:00,Night,8,0.5um,2.0,counts/m3,25,35,0,0,none
2868,4,2026-06-26 18:00:00,Night,7,0.5um,2.0,counts/m3,25,35,0,0,none
2869,4,2026-06-27 00:00:00,Day,4,0.5um,4.0,counts/m3,25,35,0,0,none
2870,4,2026-06-27 06:00:00,Evening,1,0.5um,1.0,counts/m3,25,35,0,0,none
2871,4,2026-06-27 12:00:00,Night,8,0.5um,3.0,counts/m3,25,35,0,0,none
2872,4,2026-06-27 18:00:00,Night,6,0.5um,1.0,counts/m3,25,35,0,0,none
2873,4,2026-06-28 00:00:00,Day,1,0.5um,0.0,counts/m3,25,35,0,0,none
2874,4,2026-06-28 06:00:00,Evening,2,0.5um,0.0,counts/m3,25,35,0,0,none
2875,4,2026-06-28 12:00:00,Night,2,0.5um,0.0,counts/m3,25,35,0,0,none
2876,4,2026-06-28 18:00:00,Night,8,0.5um,3.0,counts/m3,25,35,0,0,none
2877,4,2026-06-29 00:00:00,Day,8,0.5um,0.0,counts/m3,25,35,0,0,none
2878,4,2026-06-29 06:00:00,Evening,4,0.5um,3.0,counts/m3,25,35,0,0,none
2879,4,2026-06-29 12:00:00,Night,2,0.5um,0.0,counts/m3,25,35,0,0,none
2880,4,2026-06-29 18:00:00,Night,6,0.5um,3.0,counts/m3,25,35,0,0,none
2881,5,2026-01-01 00:00:00,Day,3,0.5um,4.0,counts/m3,50,70,0,0,none
2882,5,2026-01-01 06:00:00,Evening,1,0.5um,7.0,counts/m3,50,70,0,0,none
2883,5,2026-01-01 12:00:00,Night,3,0.5um,6.0,counts/m3,50,70,0,0,none
2884,5,2026-01-01 18:00:00,Night,3,0.5um,3.0,counts/m3,50,70,0,0,none
2885,5,2026-01-02 00:00:00,Day,1,0.5um,7.0,counts/m3,50,70,0,0,none
2886,5,2026-01-02 06:00:00,Evening,6,0.5um,7.04,counts/m3,50,70,0,0,none
2887,5,2026-01-02 12:00:00,Night,3,0.5um,8.08,counts/m3,50,70,0,0,none
2888,5,2026-01-02 18:00:00,Night,5,0.5um,4.12,counts/m3,50,70,0,0,none
2889,5,2026-01-03 00:00:00,Day,5,0.5um,4.16,counts/m3,50,70,0,0,none
2890,5,2026-01-03 06:00:00,Evening,7,0.5um,4.2,counts/m3,50,70,0,0,none
2891,5,2026-01-03 12:00:00,Night,7,0.5um,2.24,counts/m3,50,70,0,0,none
2892,5,2026-01-03 18:00:00,Night,5,0.5um,8.28,counts/m3,50,70,0,0,none
2893,5,2026-01-04 00:00:00,Day,7,0.5um,7.33,counts/m3,50,70,0,0,none
2894,5,2026-01-04 06:00:00,Evening,5,0.5um,2.37,counts/m3,50,70,0,0,none
2895,5,2026-01-04 12:00:00,Night,1,0.5um,6.41,counts/m3,50,70,0,0,none
2896,5,2026-01-04 18:00:00,Night,7,0.5um,2.45,counts/m3,50,70,0,0,none
2897,5,2026-01-05 00:00:00,Day,7,0.5um,2.49,counts/m3,50,70,0,0,none
2898,5,2026-01-05 06:00:00,Evening,4,0.5um,3.53,counts/m3,50,70,0,0,none
2899,5,2026-01-05 12:00:00,Night,4,0.5um,3.57,counts/m3,50,70,0,0,none
2900,5,2026-01-05 18:00:00,Night,8,0.5um,6.61,counts/m3,50,70,0,0,none
2901,5,2026-01-06 00:00:00,Day,4,0.5um,2.65,counts/m3,50,70,0,0,none
2902,5,2026-01-06 06:00:00,Evening,3,0.5um,2.69,counts/m3,50,70,0,0,none
2903,5,2026-01-06 12:00:00,Night,6,0.5um,8.73,counts/m3,50,70,0,0,none
2904,5,2026-01-06 18:00:00,Night,3,0.5um,3.78,counts/m3,50,70,0,0,none
2905,5,2026-01-07 00:00:00,Day,4,0.5um,3.82,counts/m3,50,70,0,0,none
2906,5,2026-01-07 06:00:00,Evening,7,0.5um,7.86,counts/m3,50,70,0,0,none
2907,5,2026-01-07 12:00:00,Night,2,0.5um,11.9,counts/m3,50,70,0,0,none
2908,5,2026-01-07 18:00:00,Night,1,0.5um,6.94,counts/m3,50,70,0,0,none
2909,5,2026-01-08 00:00:00,Day,3,0.5um,5.98,counts/m3,50,70,0,0,none
2910,5,2026-01-08 06:00:00,Evening,2,0.5um,26.18,counts/m3,50,70,0,0,glove_breach
2911,5,2026-01-08 12:00:00,Night,3,0.5um,23.49,counts/m3,50,70,0,0,glove_breach
2912,5,2026-01-08 18:00:00,Night,1,0.5um,23.97,counts/m3,50,70,0,0,glove_breach
2913,5,2026-01-09 00:00:00,Day,5,0.5um,19.59,counts/m3,50,70,0,0,glove_breach
2914,5,2026-01-09 06:00:00,Evening,5,0.5um,16.36,counts/m3,50,70,0,0,glove_breach
2915,5,2026-01-09 12:00:00,Night,3,0.5um,19.51,counts/m3,50,70,0,0,glove_breach
2916,5,2026-01-09 18:00:00,Night,6,0.5um,15.38,counts/m3,50,70,0,0,glove_breach
2917,5,2026-01-10 00:00:00,Day,2,0.5um,19.37,counts/m3,50,70,0,0,glove_breach
2918,5,2026-01-10 06:00:00,Evening,1,0.5um,13.45,counts/m3,50,70,0,0,glove_breach
2919,5,2026-01-10 12:00:00,Night,4,0.5um,10.63,counts/m3,50,70,0,0,glove_breach
2920,5,2026-01-10 18:00:00,Night,2,0.5um,17.89,counts/m3,50,70,0,0,glove_breach
2921,5,2026-01-11 00:00:00,Day,7,0.5um,14.33,counts/m3,50,70,0,0,glove_breach
2922,5,2026-01-11 06:00:00,Evening,3,0.5um,7.82,counts/m3,50,70,0,0,glove_breach
2923,5,2026-01-11 12:00:00,Night,4,0.5um,10.27,counts/m3,50,70,0,0,glove_breach
2924,5,2026-01-11 18:00:00,Night,3,0.5um,10.72,counts/m3,50,70,0,0,glove_breach
2925,5,2026-01-12 00:00:00,Day,4,0.5um,10.27,counts/m3,50,70,0,0,glove_breach
2926,5,2026-01-12 06:00:00,Evening,1,0.5um,9.87,counts/m3,50,70,0,0,glove_breach
2927,5,2026-01-12 12:00:00,Night,8,0.5um,7.46,counts/m3,50,70,0,0,glove_breach
2928,5,2026-01-12 18:00:00,Night,2,0.5um,7.14,counts/m3,50,70,0,0,glove_breach
2929,5,2026-01-13 00:00:00,Day,4,0.5um,6.95,counts/m3,50,70,0,0,glove_breach
2930,5,2026-01-13 06:00:00,Evening,7,0.5um,9.79,counts/m3,50,70,0,0,glove_breach
2931,5,2026-01-13 12:00:00,Night,4,0.5um,10.57,counts/m3,50,70,0,0,glove_breach
2932,5,2026-01-13 18:00:00,Night,6,0.5um,8.32,counts/m3,50,70,0,0,glove_breach
2933,5,2026-01-14 00:00:00,Day,1,0.5um,8.14,counts/m3,50,70,0,0,glove_breach
2934,5,2026-01-14 06:00:00,Evening,3,0.5um,4.98,counts/m3,50,70,0,0,glove_breach
2935,5,2026-01-14 12:00:00,Night,7,0.5um,5.79,counts/m3,50,70,0,0,glove_breach
2936,5,2026-01-14 18:00:00,Night,3,0.5um,10.67,counts/m3,50,70,0,0,glove_breach
2937,5,2026-01-15 00:00:00,Day,4,0.5um,8.66,counts/m3,50,70,0,0,glove_breach
2938,5,2026-01-15 06:00:00,Evening,1,0.5um,11.67,counts/m3,50,70,0,0,glove_breach
2939,5,2026-01-15 12:00:00,Night,5,0.5um,8.59,counts/m3,50,70,0,0,glove_breach
2940,5,2026-01-15 18:00:00,Night,3,0.5um,7.47,counts/m3,50,70,0,0,glove_breach
2941,5,2026-01-16 00:00:00,Day,7,0.5um,3.41,counts/m3,50,70,0,0,glove_breach
2942,5,2026-01-16 06:00:00,Evening,4,0.5um,6.36,counts/m3,50,70,0,0,glove_breach
2943,5,2026-01-16 12:00:00,Night,7,0.5um,6.57,counts/m3,50,70,0,0,glove_breach
2944,5,2026-01-16 18:00:00,Night,8,0.5um,10.59,counts/m3,50,70,0,0,glove_breach
2945,5,2026-01-17 00:00:00,Day,7,0.5um,10.11,counts/m3,50,70,0,0,glove_breach
2946,5,2026-01-17 06:00:00,Evening,6,0.5um,2.37,counts/m3,50,70,0,0,glove_breach
2947,5,2026-01-17 12:00:00,Night,5,0.5um,9.13,counts/m3,50,70,0,0,glove_breach
2948,5,2026-01-17 18:00:00,Night,4,0.5um,5.85,counts/m3,50,70,0,0,glove_breach
2949,5,2026-01-18 00:00:00,Day,1,0.5um,5.12,counts/m3,50,70,0,0,glove_breach
2950,5,2026-01-18 06:00:00,Evening,2,0.5um,6.9,counts/m3,50,70,0,0,glove_breach
2951,5,2026-01-18 12:00:00,Night,4,0.5um,12.86,counts/m3,50,70,0,0,glove_breach
2952,5,2026-01-18 18:00:00,Night,6,0.5um,8.88,counts/m3,50,70,0,0,glove_breach
2953,5,2026-01-19 00:00:00,Day,1,0.5um,5.77,counts/m3,50,70,0,0,glove_breach
2954,5,2026-01-19 06:00:00,Evening,8,0.5um,7.16,counts/m3,50,70,0,0,glove_breach
2955,5,2026-01-19 12:00:00,Night,8,0.5um,5.95,counts/m3,50,70,0,0,glove_breach
2956,5,2026-01-19 18:00:00,Night,1,0.5um,4.7,counts/m3,50,70,0,0,glove_breach
2957,5,2026-01-20 00:00:00,Day,1,0.5um,3.99,counts/m3,50,70,0,0,glove_breach
2958,5,2026-01-20 06:00:00,Evening,7,0.5um,7.79,counts/m3,50,70,0,0,glove_breach
2959,5,2026-01-20 12:00:00,Night,2,0.5um,6.81,counts/m3,50,70,0,0,glove_breach
2960,5,2026-01-20 18:00:00,Night,2,0.5um,6.84,counts/m3,50,70,0,0,glove_breach
2961,5,2026-01-21 00:00:00,Day,2,0.5um,9.74,counts/m3,50,70,0,0,glove_breach
2962,5,2026-01-21 06:00:00,Evening,6,0.5um,6.14,counts/m3,50,70,0,0,glove_breach
2963,5,2026-01-21 12:00:00,Night,2,0.5um,4.94,counts/m3,50,70,0,0,glove_breach
2964,5,2026-01-21 18:00:00,Night,2,0.5um,2.7,counts/m3,50,70,0,0,glove_breach
2965,5,2026-01-22 00:00:00,Day,4,0.5um,5.0,counts/m3,50,70,0,0,glove_breach
2966,5,2026-01-22 06:00:00,Evening,5,0.5um,23.56,counts/m3,50,70,0,0,glove_breach
2967,5,2026-01-22 12:00:00,Night,8,0.5um,26.86,counts/m3,50,70,0,0,glove_breach
2968,5,2026-01-22 18:00:00,Night,2,0.5um,24.37,counts/m3,50,70,0,0,glove_breach
2969,5,2026-01-23 00:00:00,Day,3,0.5um,20.9,counts/m3,50,70,0,0,glove_breach
2970,5,2026-01-23 06:00:00,Evening,5,0.5um,16.01,counts/m3,50,70,0,0,glove_breach
2971,5,2026-01-23 12:00:00,Night,4,0.5um,14.75,counts/m3,50,70,0,0,glove_breach
2972,5,2026-01-23 18:00:00,Night,5,0.5um,15.49,counts/m3,50,70,0,0,glove_breach
2973,5,2026-01-24 00:00:00,Day,2,0.5um,16.87,counts/m3,50,70,0,0,glove_breach
2974,5,2026-01-24 06:00:00,Evening,5,0.5um,29.54,counts/m3,50,70,0,0,glove_breach
2975,5,2026-01-24 12:00:00,Night,8,0.5um,30.94,counts/m3,50,70,0,0,glove_breach
2976,5,2026-01-24 18:00:00,Night,6,0.5um,28.69,counts/m3,50,70,0,0,glove_breach
2977,5,2026-01-25 00:00:00,Day,6,0.5um,28.53,counts/m3,50,70,0,0,glove_breach
2978,5,2026-01-25 06:00:00,Evening,1,0.5um,24.05,counts/m3,50,70,0,0,glove_breach
2979,5,2026-01-25 12:00:00,Night,8,0.5um,22.16,counts/m3,50,70,0,0,glove_breach
2980,5,2026-01-25 18:00:00,Night,6,0.5um,22.39,counts/m3,50,70,0,0,glove_breach
2981,5,2026-01-26 00:00:00,Day,6,0.5um,16.19,counts/m3,50,70,0,0,glove_breach
2982,5,2026-01-26 06:00:00,Evening,2,0.5um,18.76,counts/m3,50,70,0,0,glove_breach
2983,5,2026-01-26 12:00:00,Night,5,0.5um,17.68,counts/m3,50,70,0,0,glove_breach
2984,5,2026-01-26 18:00:00,Night,6,0.5um,18.71,counts/m3,50,70,0,0,glove_breach
2985,5,2026-01-27 00:00:00,Day,5,0.5um,14.6,counts/m3,50,70,0,0,glove_breach
2986,5,2026-01-27 06:00:00,Evening,1,0.5um,13.08,counts/m3,50,70,0,0,glove_breach
2987,5,2026-01-27 12:00:00,Night,1,0.5um,10.14,counts/m3,50,70,0,0,glove_breach
2988,5,2026-01-27 18:00:00,Night,4,0.5um,13.28,counts/m3,50,70,0,0,glove_breach
2989,5,2026-01-28 00:00:00,Day,6,0.5um,12.97,counts/m3,50,70,0,0,glove_breach
2990,5,2026-01-28 06:00:00,Evening,4,0.5um,8.83,counts/m3,50,70,0,0,glove_breach
2991,5,2026-01-28 12:00:00,Night,6,0.5um,12.37,counts/m3,50,70,0,0,glove_breach
2992,5,2026-01-28 18:00:00,Night,8,0.5um,10.96,counts/m3,50,70,0,0,glove_breach
2993,5,2026-01-29 00:00:00,Day,8,0.5um,9.36,counts/m3,50,70,0,0,glove_breach
2994,5,2026-01-29 06:00:00,Evening,6,0.5um,8.29,counts/m3,50,70,0,0,glove_breach
2995,5,2026-01-29 12:00:00,Night,6,0.5um,6.77,counts/m3,50,70,0,0,glove_breach
2996,5,2026-01-29 18:00:00,Night,1,0.5um,12.29,counts/m3,50,70,0,0,glove_breach
2997,5,2026-01-30 00:00:00,Day,1,0.5um,24.07,counts/m3,50,70,0,0,glove_breach
2998,5,2026-01-30 06:00:00,Evening,6,0.5um,24.04,counts/m3,50,70,0,0,glove_breach
2999,5,2026-01-30 12:00:00,Night,7,0.5um,23.42,counts/m3,50,70,0,0,glove_breach
3000,5,2026-01-30 18:00:00,Night,2,0.5um,18.96,counts/m3,50,70,0,0,glove_breach
3001,5,2026-01-31 00:00:00,Day,5,0.5um,20.42,counts/m3,50,70,0,0,glove_breach
3002,5,2026-01-31 06:00:00,Evening,3,0.5um,18.49,counts/m3,50,70,0,0,glove_breach
3003,5,2026-01-31 12:00:00,Night,1,0.5um,13.89,counts/m3,50,70,0,0,glove_breach
3004,5,2026-01-31 18:00:00,Night,4,0.5um,14.89,counts/m3,50,70,0,0,glove_breach
3005,5,2026-02-01 00:00:00,Day,4,0.5um,13.98,counts/m3,50,70,0,0,glove_breach
3006,5,2026-02-01 06:00:00,Evening,7,0.5um,36.37,counts/m3,50,70,0,0,glove_breach
3007,5,2026-02-01 12:00:00,Night,7,0.5um,29.61,counts/m3,50,70,0,0,glove_breach
3008,5,2026-02-01 18:00:00,Night,8,0.5um,25.87,counts/m3,50,70,0,0,glove_breach
3009,5,2026-02-02 00:00:00,Day,1,0.5um,25.6,counts/m3,50,70,0,0,glove_breach
3010,5,2026-02-02 06:00:00,Evening,8,0.5um,25.7,counts/m3,50,70,0,0,glove_breach
3011,5,2026-02-02 12:00:00,Night,5,0.5um,25.84,counts/m3,50,70,0,0,glove_breach
3012,5,2026-02-02 18:00:00,Night,2,0.5um,17.15,counts/m3,50,70,0,0,glove_breach
3013,5,2026-02-03 00:00:00,Day,6,0.5um,18.62,counts/m3,50,70,0,0,glove_breach
3014,5,2026-02-03 06:00:00,Evening,1,0.5um,18.24,counts/m3,50,70,0,0,glove_breach
3015,5,2026-02-03 12:00:00,Night,4,0.5um,18.99,counts/m3,50,70,0,0,glove_breach
3016,5,2026-02-03 18:00:00,Night,7,0.5um,14.86,counts/m3,50,70,0,0,glove_breach
3017,5,2026-02-04 00:00:00,Day,8,0.5um,15.84,counts/m3,50,70,0,0,glove_breach
3018,5,2026-02-04 06:00:00,Evening,3,0.5um,10.93,counts/m3,50,70,0,0,glove_breach
3019,5,2026-02-04 12:00:00,Night,2,0.5um,10.09,counts/m3,50,70,0,0,glove_breach
3020,5,2026-02-04 18:00:00,Night,5,0.5um,11.33,counts/m3,50,70,0,0,glove_breach
3021,5,2026-02-05 00:00:00,Day,2,0.5um,8.65,counts/m3,50,70,0,0,glove_breach
3022,5,2026-02-05 06:00:00,Evening,8,0.5um,11.03,counts/m3,50,70,0,0,glove_breach
3023,5,2026-02-05 12:00:00,Night,3,0.5um,12.47,counts/m3,50,70,0,0,glove_breach
3024,5,2026-02-05 18:00:00,Night,2,0.5um,5.97,counts/m3,50,70,0,0,glove_breach
3025,5,2026-02-06 00:00:00,Day,2,0.5um,10.51,counts/m3,50,70,0,0,glove_breach
3026,5,2026-02-06 06:00:00,Evening,3,0.5um,9.05,counts/m3,50,70,0,0,glove_breach
3027,5,2026-02-06 12:00:00,Night,6,0.5um,6.68,counts/m3,50,70,0,0,glove_breach
3028,5,2026-02-06 18:00:00,Night,7,0.5um,9.35,counts/m3,50,70,0,0,glove_breach
3029,5,2026-02-07 00:00:00,Day,6,0.5um,3.05,counts/m3,50,70,0,0,glove_breach
3030,5,2026-02-07 06:00:00,Evening,6,0.5um,5.78,counts/m3,50,70,0,0,glove_breach
3031,5,2026-02-07 12:00:00,Night,3,0.5um,6.53,counts/m3,50,70,0,0,glove_breach
3032,5,2026-02-07 18:00:00,Night,8,0.5um,14.12,counts/m3,50,70,0,0,glove_breach
3033,5,2026-02-08 00:00:00,Day,8,0.5um,22.39,counts/m3,50,70,0,0,glove_breach
3034,5,2026-02-08 06:00:00,Evening,6,0.5um,21.23,counts/m3,50,70,0,0,glove_breach
3035,5,2026-02-08 12:00:00,Night,7,0.5um,17.47,counts/m3,50,70,0,0,glove_breach
3036,5,2026-02-08 18:00:00,Night,3,0.5um,13.39,counts/m3,50,70,0,0,glove_breach
3037,5,2026-02-09 00:00:00,Day,4,0.5um,9.32,counts/m3,50,70,0,0,glove_breach
3038,5,2026-02-09 06:00:00,Evening,7,0.5um,9.61,counts/m3,50,70,0,0,glove_breach
3039,5,2026-02-09 12:00:00,Night,4,0.5um,4.56,counts/m3,50,70,0,0,glove_breach
3040,5,2026-02-09 18:00:00,Night,7,0.5um,11.95,counts/m3,50,70,0,0,glove_breach
3041,5,2026-02-10 00:00:00,Day,7,0.5um,18.34,counts/m3,50,70,0,0,glove_breach
3042,5,2026-02-10 06:00:00,Evening,8,0.5um,17.32,counts/m3,50,70,0,0,glove_breach
3043,5,2026-02-10 12:00:00,Night,3,0.5um,10.38,counts/m3,50,70,0,0,glove_breach
3044,5,2026-02-10 18:00:00,Night,4,0.5um,15.97,counts/m3,50,70,0,0,glove_breach
3045,5,2026-02-11 00:00:00,Day,4,0.5um,12.87,counts/m3,50,70,0,0,glove_breach
3046,5,2026-02-11 06:00:00,Evening,5,0.5um,9.84,counts/m3,50,70,0,0,glove_breach
3047,5,2026-02-11 12:00:00,Night,6,0.5um,10.76,counts/m3,50,70,0,0,glove_breach
3048,5,2026-02-11 18:00:00,Night,3,0.5um,13.09,counts/m3,50,70,0,0,glove_breach
3049,5,2026-02-12 00:00:00,Day,2,0.5um,16.15,counts/m3,50,70,0,0,glove_breach
3050,5,2026-02-12 06:00:00,Evening,3,0.5um,16.08,counts/m3,50,70,0,0,glove_breach
3051,5,2026-02-12 12:00:00,Night,7,0.5um,14.04,counts/m3,50,70,0,0,glove_breach
3052,5,2026-02-12 18:00:00,Night,8,0.5um,12.66,counts/m3,50,70,0,0,glove_breach
3053,5,2026-02-13 00:00:00,Day,1,0.5um,17.98,counts/m3,50,70,0,0,glove_breach
3054,5,2026-02-13 06:00:00,Evening,8,0.5um,21.11,counts/m3,50,70,0,0,glove_breach
3055,5,2026-02-13 12:00:00,Night,1,0.5um,17.17,counts/m3,50,70,0,0,glove_breach
3056,5,2026-02-13 18:00:00,Night,5,0.5um,19.16,counts/m3,50,70,0,0,glove_breach
3057,5,2026-02-14 00:00:00,Day,2,0.5um,24.32,counts/m3,50,70,0,0,mechanical_friction
3058,5,2026-02-14 06:00:00,Evening,8,0.5um,26.39,counts/m3,50,70,0,0,mechanical_friction
3059,5,2026-02-14 12:00:00,Night,7,0.5um,18.0,counts/m3,50,70,0,0,mechanical_friction
3060,5,2026-02-14 18:00:00,Night,3,0.5um,10.76,counts/m3,50,70,0,0,mechanical_friction
3061,5,2026-02-15 00:00:00,Day,6,0.5um,18.85,counts/m3,50,70,0,0,mechanical_friction
3062,5,2026-02-15 06:00:00,Evening,7,0.5um,15.0,counts/m3,50,70,0,0,mechanical_friction
3063,5,2026-02-15 12:00:00,Night,2,0.5um,16.76,counts/m3,50,70,0,0,mechanical_friction
3064,5,2026-02-15 18:00:00,Night,6,0.5um,15.76,counts/m3,50,70,0,0,mechanical_friction
3065,5,2026-02-16 00:00:00,Day,3,0.5um,23.97,counts/m3,50,70,0,0,mechanical_friction
3066,5,2026-02-16 06:00:00,Evening,6,0.5um,22.0,counts/m3,50,70,0,0,mechanical_friction
3067,5,2026-02-16 12:00:00,Night,5,0.5um,17.62,counts/m3,50,70,0,0,mechanical_friction
3068,5,2026-02-16 18:00:00,Night,6,0.5um,15.39,counts/m3,50,70,0,0,mechanical_friction
3069,5,2026-02-17 00:00:00,Day,6,0.5um,17.49,counts/m3,50,70,0,0,mechanical_friction
3070,5,2026-02-17 06:00:00,Evening,6,0.5um,18.65,counts/m3,50,70,0,0,mechanical_friction
3071,5,2026-02-17 12:00:00,Night,1,0.5um,16.74,counts/m3,50,70,0,0,mechanical_friction
3072,5,2026-02-17 18:00:00,Night,7,0.5um,21.75,counts/m3,50,70,0,0,mechanical_friction
3073,5,2026-02-18 00:00:00,Day,2,0.5um,22.97,counts/m3,50,70,0,0,mechanical_friction
3074,5,2026-02-18 06:00:00,Evening,4,0.5um,21.06,counts/m3,50,70,0,0,mechanical_friction
3075,5,2026-02-18 12:00:00,Night,5,0.5um,16.69,counts/m3,50,70,0,0,mechanical_friction
3076,5,2026-02-18 18:00:00,Night,7,0.5um,13.28,counts/m3,50,70,0,0,mechanical_friction
3077,5,2026-02-19 00:00:00,Day,6,0.5um,17.31,counts/m3,50,70,0,0,mechanical_friction
3078,5,2026-02-19 06:00:00,Evening,2,0.5um,21.4,counts/m3,50,70,0,0,mechanical_friction
3079,5,2026-02-19 12:00:00,Night,3,0.5um,19.43,counts/m3,50,70,0,0,mechanical_friction
3080,5,2026-02-19 18:00:00,Night,2,0.5um,19.38,counts/m3,50,70,0,0,mechanical_friction
3081,5,2026-02-20 00:00:00,Day,5,0.5um,22.55,counts/m3,50,70,0,0,mechanical_friction
3082,5,2026-02-20 06:00:00,Evening,6,0.5um,19.59,counts/m3,50,70,0,0,mechanical_friction
3083,5,2026-02-20 12:00:00,Night,6,0.5um,17.18,counts/m3,50,70,0,0,mechanical_friction
3084,5,2026-02-20 18:00:00,Night,7,0.5um,10.91,counts/m3,50,70,0,0,mechanical_friction
3085,5,2026-02-21 00:00:00,Day,6,0.5um,19.88,counts/m3,50,70,0,0,mechanical_friction
3086,5,2026-02-21 06:00:00,Evening,8,0.5um,22.76,counts/m3,50,70,0,0,mechanical_friction
3087,5,2026-02-21 12:00:00,Night,8,0.5um,19.59,counts/m3,50,70,0,0,mechanical_friction
3088,5,2026-02-21 18:00:00,Night,3,0.5um,24.38,counts/m3,50,70,0,0,mechanical_friction
3089,5,2026-02-22 00:00:00,Day,3,0.5um,27.4,counts/m3,50,70,0,0,mechanical_friction
3090,5,2026-02-22 06:00:00,Evening,1,0.5um,26.31,counts/m3,50,70,0,0,mechanical_friction
3091,5,2026-02-22 12:00:00,Night,3,0.5um,17.78,counts/m3,50,70,0,0,mechanical_friction
3092,5,2026-02-22 18:00:00,Night,5,0.5um,5.6,counts/m3,50,70,0,0,mechanical_friction
3093,5,2026-02-23 00:00:00,Day,6,0.5um,12.52,counts/m3,50,70,0,0,mechanical_friction
3094,5,2026-02-23 06:00:00,Evening,8,0.5um,17.17,counts/m3,50,70,0,0,mechanical_friction
3095,5,2026-02-23 12:00:00,Night,5,0.5um,16.1,counts/m3,50,70,0,0,mechanical_friction
3096,5,2026-02-23 18:00:00,Night,8,0.5um,15.55,counts/m3,50,70,0,0,mechanical_friction
3097,5,2026-02-24 00:00:00,Day,5,0.5um,13.22,counts/m3,50,70,0,0,mechanical_friction
3098,5,2026-02-24 06:00:00,Evening,7,0.5um,11.18,counts/m3,50,70,0,0,mechanical_friction
3099,5,2026-02-24 12:00:00,Night,7,0.5um,9.34,counts/m3,50,70,0,0,mechanical_friction
3100,5,2026-02-24 18:00:00,Night,4,0.5um,8.01,counts/m3,50,70,0,0,mechanical_friction
3101,5,2026-02-25 00:00:00,Day,7,0.5um,12.01,counts/m3,50,70,0,0,mechanical_friction
3102,5,2026-02-25 06:00:00,Evening,7,0.5um,25.73,counts/m3,50,70,0,0,mechanical_friction
3103,5,2026-02-25 12:00:00,Night,3,0.5um,19.0,counts/m3,50,70,0,0,mechanical_friction
3104,5,2026-02-25 18:00:00,Night,2,0.5um,11.62,counts/m3,50,70,0,0,mechanical_friction
3105,5,2026-02-26 00:00:00,Day,1,0.5um,11.72,counts/m3,50,70,0,0,mechanical_friction
3106,5,2026-02-26 06:00:00,Evening,8,0.5um,16.84,counts/m3,50,70,0,0,mechanical_friction
3107,5,2026-02-26 12:00:00,Night,4,0.5um,8.46,counts/m3,50,70,0,0,mechanical_friction
3108,5,2026-02-26 18:00:00,Night,5,0.5um,7.59,counts/m3,50,70,0,0,mechanical_friction
3109,5,2026-02-27 00:00:00,Day,3,0.5um,14.72,counts/m3,50,70,0,0,mechanical_friction
3110,5,2026-02-27 06:00:00,Evening,4,0.5um,17.87,counts/m3,50,70,0,0,mechanical_friction
3111,5,2026-02-27 12:00:00,Night,4,0.5um,20.0,counts/m3,50,70,0,0,mechanical_friction
3112,5,2026-02-27 18:00:00,Night,5,0.5um,18.64,counts/m3,50,70,0,0,mechanical_friction
3113,5,2026-02-28 00:00:00,Day,2,0.5um,6.39,counts/m3,50,70,0,0,none
3114,5,2026-02-28 06:00:00,Evening,7,0.5um,6.41,counts/m3,50,70,0,0,none
3115,5,2026-02-28 12:00:00,Night,4,0.5um,4.43,counts/m3,50,70,0,0,none
3116,5,2026-02-28 18:00:00,Night,2,0.5um,6.45,counts/m3,50,70,0,0,none
3117,5,2026-03-01 00:00:00,Day,1,0.5um,5.47,counts/m3,50,70,0,0,none
3118,5,2026-03-01 06:00:00,Evening,1,0.5um,4.51,counts/m3,50,70,0,0,none
3119,5,2026-03-01 12:00:00,Night,3,0.5um,4.55,counts/m3,50,70,0,0,none
3120,5,2026-03-01 18:00:00,Night,6,0.5um,5.68,counts/m3,50,70,0,0,none
3121,5,2026-03-02 00:00:00,Day,7,0.5um,5.79,counts/m3,50,70,0,0,none
3122,5,2026-03-02 06:00:00,Evening,8,0.5um,6.82,counts/m3,50,70,0,0,none
3123,5,2026-03-02 12:00:00,Night,3,0.5um,7.81,counts/m3,50,70,0,0,none
3124,5,2026-03-02 18:00:00,Night,6,0.5um,7.85,counts/m3,50,70,0,0,none
3125,5,2026-03-03 00:00:00,Day,3,0.5um,29.02,counts/m3,50,70,0,0,glove_breach
3126,5,2026-03-03 06:00:00,Evening,2,0.5um,21.15,counts/m3,50,70,0,0,glove_breach
3127,5,2026-03-03 12:00:00,Night,5,0.5um,21.48,counts/m3,50,70,0,0,glove_breach
3128,5,2026-03-03 18:00:00,Night,6,0.5um,20.06,counts/m3,50,70,0,0,glove_breach
3129,5,2026-03-04 00:00:00,Day,7,0.5um,19.79,counts/m3,50,70,0,0,glove_breach
3130,5,2026-03-04 06:00:00,Evening,1,0.5um,18.57,counts/m3,50,70,0,0,glove_breach
3131,5,2026-03-04 12:00:00,Night,6,0.5um,16.43,counts/m3,50,70,0,0,glove_breach
3132,5,2026-03-04 18:00:00,Night,3,0.5um,19.33,counts/m3,50,70,0,0,glove_breach
3133,5,2026-03-05 00:00:00,Day,3,0.5um,15.47,counts/m3,50,70,0,0,glove_breach
3134,5,2026-03-05 06:00:00,Evening,1,0.5um,12.61,counts/m3,50,70,0,0,glove_breach
3135,5,2026-03-05 12:00:00,Night,2,0.5um,16.85,counts/m3,50,70,0,0,glove_breach
3136,5,2026-03-05 18:00:00,Night,4,0.5um,14.27,counts/m3,50,70,0,0,glove_breach
3137,5,2026-03-06 00:00:00,Day,2,0.5um,9.75,counts/m3,50,70,0,0,glove_breach
3138,5,2026-03-06 06:00:00,Evening,3,0.5um,11.19,counts/m3,50,70,0,0,glove_breach
3139,5,2026-03-06 12:00:00,Night,5,0.5um,13.66,counts/m3,50,70,0,0,glove_breach
3140,5,2026-03-06 18:00:00,Night,1,0.5um,14.27,counts/m3,50,70,0,0,glove_breach
3141,5,2026-03-07 00:00:00,Day,8,0.5um,9.92,counts/m3,50,70,0,0,glove_breach
3142,5,2026-03-07 06:00:00,Evening,3,0.5um,10.53,counts/m3,50,70,0,0,glove_breach
3143,5,2026-03-07 12:00:00,Night,7,0.5um,9.15,counts/m3,50,70,0,0,glove_breach
3144,5,2026-03-07 18:00:00,Night,6,0.5um,9.94,counts/m3,50,70,0,0,glove_breach
3145,5,2026-03-08 00:00:00,Day,7,0.5um,5.26,counts/m3,50,70,0,0,glove_breach
3146,5,2026-03-08 06:00:00,Evening,3,0.5um,8.0,counts/m3,50,70,0,0,glove_breach
3147,5,2026-03-08 12:00:00,Night,2,0.5um,7.82,counts/m3,50,70,0,0,glove_breach
3148,5,2026-03-08 18:00:00,Night,2,0.5um,11.73,counts/m3,50,70,0,0,glove_breach
3149,5,2026-03-09 00:00:00,Day,2,0.5um,9.59,counts/m3,50,70,0,0,glove_breach
3150,5,2026-03-09 06:00:00,Evening,5,0.5um,6.37,counts/m3,50,70,0,0,glove_breach
3151,5,2026-03-09 12:00:00,Night,5,0.5um,6.2,counts/m3,50,70,0,0,glove_breach
3152,5,2026-03-09 18:00:00,Night,7,0.5um,5.15,counts/m3,50,70,0,0,glove_breach
3153,5,2026-03-10 00:00:00,Day,8,0.5um,6.09,counts/m3,50,70,0,0,glove_breach
3154,5,2026-03-10 06:00:00,Evening,7,0.5um,5.97,counts/m3,50,70,0,0,glove_breach
3155,5,2026-03-10 12:00:00,Night,3,0.5um,8.9,counts/m3,50,70,0,0,glove_breach
3156,5,2026-03-10 18:00:00,Night,4,0.5um,2.92,counts/m3,50,70,0,0,glove_breach
3157,5,2026-03-11 00:00:00,Day,8,0.5um,7.89,counts/m3,50,70,0,0,glove_breach
3158,5,2026-03-11 06:00:00,Evening,6,0.5um,5.76,counts/m3,50,70,0,0,glove_breach
3159,5,2026-03-11 12:00:00,Night,4,0.5um,7.68,counts/m3,50,70,0,0,glove_breach
3160,5,2026-03-11 18:00:00,Night,7,0.5um,5.71,counts/m3,50,70,0,0,glove_breach
3161,5,2026-03-12 00:00:00,Day,2,0.5um,6.73,counts/m3,50,70,0,0,glove_breach
3162,5,2026-03-12 06:00:00,Evening,6,0.5um,5.66,counts/m3,50,70,0,0,glove_breach
3163,5,2026-03-12 12:00:00,Night,8,0.5um,5.65,counts/m3,50,70,0,0,glove_breach
3164,5,2026-03-12 18:00:00,Night,5,0.5um,6.73,counts/m3,50,70,0,0,glove_breach
3165,5,2026-03-13 00:00:00,Day,5,0.5um,7.75,counts/m3,50,70,0,0,glove_breach
3166,5,2026-03-13 06:00:00,Evening,1,0.5um,5.66,counts/m3,50,70,0,0,glove_breach
3167,5,2026-03-13 12:00:00,Night,5,0.5um,7.62,counts/m3,50,70,0,0,glove_breach
3168,5,2026-03-13 18:00:00,Night,3,0.5um,5.68,counts/m3,50,70,0,0,glove_breach
3169,5,2026-03-14 00:00:00,Day,8,0.5um,6.73,counts/m3,50,70,0,0,glove_breach
3170,5,2026-03-14 06:00:00,Evening,3,0.5um,5.69,counts/m3,50,70,0,0,glove_breach
3171,5,2026-03-14 12:00:00,Night,3,0.5um,8.71,counts/m3,50,70,0,0,glove_breach
3172,5,2026-03-14 18:00:00,Night,4,0.5um,11.8,counts/m3,50,70,0,0,glove_breach
3173,5,2026-03-15 00:00:00,Day,6,0.5um,6.84,counts/m3,50,70,0,0,glove_breach
3174,5,2026-03-15 06:00:00,Evening,8,0.5um,8.78,counts/m3,50,70,0,0,glove_breach
3175,5,2026-03-15 12:00:00,Night,3,0.5um,3.75,counts/m3,50,70,0,0,glove_breach
3176,5,2026-03-15 18:00:00,Night,2,0.5um,4.83,counts/m3,50,70,0,0,glove_breach
3177,5,2026-03-16 00:00:00,Day,7,0.5um,7.03,counts/m3,50,70,0,0,glove_breach
3178,5,2026-03-16 06:00:00,Evening,5,0.5um,4.0,counts/m3,50,70,0,0,glove_breach
3179,5,2026-03-16 12:00:00,Night,4,0.5um,6.01,counts/m3,50,70,0,0,glove_breach
3180,5,2026-03-16 18:00:00,Night,8,0.5um,4.03,counts/m3,50,70,0,0,glove_breach
3181,5,2026-03-17 00:00:00,Day,4,0.5um,12.08,counts/m3,50,70,0,0,glove_breach
3182,5,2026-03-17 06:00:00,Evening,5,0.5um,6.07,counts/m3,50,70,0,0,glove_breach
3183,5,2026-03-17 12:00:00,Night,8,0.5um,5.05,counts/m3,50,70,0,0,glove_breach
3184,5,2026-03-17 18:00:00,Night,2,0.5um,3.06,counts/m3,50,70,0,0,glove_breach
3185,5,2026-03-18 00:00:00,Day,8,0.5um,7.99,counts/m3,50,70,0,0,none
3186,5,2026-03-18 06:00:00,Evening,8,0.5um,6.99,counts/m3,50,70,0,0,none
3187,5,2026-03-18 12:00:00,Night,4,0.5um,9.87,counts/m3,50,70,0,0,mechanical_friction
3188,5,2026-03-18 18:00:00,Night,3,0.5um,15.47,counts/m3,50,70,0,0,mechanical_friction
3189,5,2026-03-19 00:00:00,Day,2,0.5um,19.59,counts/m3,50,70,0,0,mechanical_friction
3190,5,2026-03-19 06:00:00,Evening,1,0.5um,14.98,counts/m3,50,70,0,0,mechanical_friction
3191,5,2026-03-19 12:00:00,Night,8,0.5um,13.03,counts/m3,50,70,0,0,mechanical_friction
3192,5,2026-03-19 18:00:00,Night,4,0.5um,13.05,counts/m3,50,70,0,0,mechanical_friction
3193,5,2026-03-20 00:00:00,Day,6,0.5um,4.45,counts/m3,50,70,0,0,mechanical_friction
3194,5,2026-03-20 06:00:00,Evening,2,0.5um,7.53,counts/m3,50,70,0,0,mechanical_friction
3195,5,2026-03-20 12:00:00,Night,3,0.5um,10.09,counts/m3,50,70,0,0,mechanical_friction
3196,5,2026-03-20 18:00:00,Night,7,0.5um,20.65,counts/m3,50,70,0,0,mechanical_friction
3197,5,2026-03-21 00:00:00,Day,6,0.5um,20.73,counts/m3,50,70,0,0,mechanical_friction
3198,5,2026-03-21 06:00:00,Evening,2,0.5um,14.2,counts/m3,50,70,0,0,mechanical_friction
3199,5,2026-03-21 12:00:00,Night,1,0.5um,18.27,counts/m3,50,70,0,0,mechanical_friction
3200,5,2026-03-21 18:00:00,Night,7,0.5um,8.35,counts/m3,50,70,0,0,mechanical_friction
3201,5,2026-03-22 00:00:00,Day,1,0.5um,7.73,counts/m3,50,70,0,0,mechanical_friction
3202,5,2026-03-22 06:00:00,Evening,1,0.5um,2.81,counts/m3,50,70,0,0,mechanical_friction
3203,5,2026-03-22 12:00:00,Night,3,0.5um,12.37,counts/m3,50,70,0,0,mechanical_friction
3204,5,2026-03-22 18:00:00,Night,8,0.5um,17.93,counts/m3,50,70,0,0,mechanical_friction
3205,5,2026-03-23 00:00:00,Day,6,0.5um,15.8,counts/m3,50,70,0,0,mechanical_friction
3206,5,2026-03-23 06:00:00,Evening,1,0.5um,11.17,counts/m3,50,70,0,0,mechanical_friction
3207,5,2026-03-23 12:00:00,Night,8,0.5um,13.17,counts/m3,50,70,0,0,mechanical_friction
3208,5,2026-03-23 18:00:00,Night,8,0.5um,9.23,counts/m3,50,70,0,0,mechanical_friction
3209,5,2026-03-24 00:00:00,Day,6,0.5um,6.64,counts/m3,50,70,0,0,mechanical_friction
3210,5,2026-03-24 06:00:00,Evening,1,0.5um,7.71,counts/m3,50,70,0,0,mechanical_friction
3211,5,2026-03-24 12:00:00,Night,1,0.5um,13.2,counts/m3,50,70,0,0,mechanical_friction
3212,5,2026-03-24 18:00:00,Night,7,0.5um,33.52,counts/m3,50,70,0,0,mechanical_friction
3213,5,2026-03-25 00:00:00,Day,7,0.5um,29.89,counts/m3,50,70,0,0,mechanical_friction
3214,5,2026-03-25 06:00:00,Evening,7,0.5um,25.76,counts/m3,50,70,0,0,mechanical_friction
3215,5,2026-03-25 12:00:00,Night,4,0.5um,24.96,counts/m3,50,70,0,0,mechanical_friction
3216,5,2026-03-25 18:00:00,Night,5,0.5um,24.05,counts/m3,50,70,0,0,mechanical_friction
3217,5,2026-03-26 00:00:00,Day,2,0.5um,17.25,counts/m3,50,70,0,0,mechanical_friction
3218,5,2026-03-26 06:00:00,Evening,1,0.5um,17.01,counts/m3,50,70,0,0,mechanical_friction
3219,5,2026-03-26 12:00:00,Night,2,0.5um,21.49,counts/m3,50,70,0,0,mechanical_friction
3220,5,2026-03-26 18:00:00,Night,5,0.5um,24.07,counts/m3,50,70,0,0,mechanical_friction
3221,5,2026-03-27 00:00:00,Day,4,0.5um,28.09,counts/m3,50,70,0,0,mechanical_friction
3222,5,2026-03-27 06:00:00,Evening,5,0.5um,17.74,counts/m3,50,70,0,0,mechanical_friction
3223,5,2026-03-27 12:00:00,Night,4,0.5um,16.6,counts/m3,50,70,0,0,mechanical_friction
3224,5,2026-03-27 18:00:00,Night,5,0.5um,15.52,counts/m3,50,70,0,0,mechanical_friction
3225,5,2026-03-28 00:00:00,Day,8,0.5um,10.35,counts/m3,50,70,0,0,mechanical_friction
3226,5,2026-03-28 06:00:00,Evening,6,0.5um,9.68,counts/m3,50,70,0,0,mechanical_friction
3227,5,2026-03-28 12:00:00,Night,8,0.5um,14.67,counts/m3,50,70,0,0,mechanical_friction
3228,5,2026-03-28 18:00:00,Night,8,0.5um,18.71,counts/m3,50,70,0,0,mechanical_friction
3229,5,2026-03-29 00:00:00,Day,5,0.5um,18.16,counts/m3,50,70,0,0,mechanical_friction
3230,5,2026-03-29 06:00:00,Evening,8,0.5um,12.18,counts/m3,50,70,0,0,mechanical_friction
3231,5,2026-03-29 12:00:00,Night,2,0.5um,12.39,counts/m3,50,70,0,0,mechanical_friction
3232,5,2026-03-29 18:00:00,Night,5,0.5um,17.63,counts/m3,50,70,0,0,mechanical_friction
3233,5,2026-03-30 00:00:00,Day,1,0.5um,9.74,counts/m3,50,70,0,0,mechanical_friction
3234,5,2026-03-30 06:00:00,Evening,1,0.5um,10.32,counts/m3,50,70,0,0,mechanical_friction
3235,5,2026-03-30 12:00:00,Night,2,0.5um,15.59,counts/m3,50,70,0,0,mechanical_friction
3236,5,2026-03-30 18:00:00,Night,2,0.5um,21.87,counts/m3,50,70,0,0,mechanical_friction
3237,5,2026-03-31 00:00:00,Day,4,0.5um,16.2,counts/m3,50,70,0,0,mechanical_friction
3238,5,2026-03-31 06:00:00,Evening,6,0.5um,12.42,counts/m3,50,70,0,0,mechanical_friction
3239,5,2026-03-31 12:00:00,Night,8,0.5um,13.86,counts/m3,50,70,0,0,mechanical_friction
3240,5,2026-03-31 18:00:00,Night,8,0.5um,13.31,counts/m3,50,70,0,0,mechanical_friction
3241,5,2026-04-01 00:00:00,Day,2,0.5um,9.65,counts/m3,50,70,0,0,mechanical_friction
3242,5,2026-04-01 06:00:00,Evening,4,0.5um,9.44,counts/m3,50,70,0,0,mechanical_friction
3243,5,2026-04-01 12:00:00,Night,4,0.5um,17.85,counts/m3,50,70,0,0,mechanical_friction
3244,5,2026-04-01 18:00:00,Night,1,0.5um,17.25,counts/m3,50,70,0,0,mechanical_friction
3245,5,2026-04-02 00:00:00,Day,1,0.5um,15.98,counts/m3,50,70,0,0,mechanical_friction
3246,5,2026-04-02 06:00:00,Evening,3,0.5um,23.35,counts/m3,50,70,0,0,mechanical_friction
3247,5,2026-04-02 12:00:00,Night,7,0.5um,10.08,counts/m3,50,70,0,0,glove_breach
3248,5,2026-04-02 18:00:00,Night,4,0.5um,5.58,counts/m3,50,70,0,0,glove_breach
3249,5,2026-04-03 00:00:00,Day,4,0.5um,5.58,counts/m3,50,70,0,0,glove_breach
3250,5,2026-04-03 06:00:00,Evening,8,0.5um,5.37,counts/m3,50,70,0,0,glove_breach
3251,5,2026-04-03 12:00:00,Night,4,0.5um,10.36,counts/m3,50,70,0,0,glove_breach
3252,5,2026-04-03 18:00:00,Night,6,0.5um,5.33,counts/m3,50,70,0,0,glove_breach
3253,5,2026-04-04 00:00:00,Day,8,0.5um,6.1,counts/m3,50,70,0,0,glove_breach
3254,5,2026-04-04 06:00:00,Evening,1,0.5um,6.1,counts/m3,50,70,0,0,glove_breach
3255,5,2026-04-04 12:00:00,Night,5,0.5um,5.61,counts/m3,50,70,0,0,glove_breach
3256,5,2026-04-04 18:00:00,Night,3,0.5um,5.13,counts/m3,50,70,0,0,glove_breach
3257,5,2026-04-05 00:00:00,Day,1,0.5um,5.16,counts/m3,50,70,0,0,glove_breach
3258,5,2026-04-05 06:00:00,Evening,1,0.5um,9.98,counts/m3,50,70,0,0,glove_breach
3259,5,2026-04-05 12:00:00,Night,6,0.5um,4.92,counts/m3,50,70,0,0,glove_breach
3260,5,2026-04-05 18:00:00,Night,6,0.5um,6.91,counts/m3,50,70,0,0,glove_breach
3261,5,2026-04-06 00:00:00,Day,5,0.5um,5.69,counts/m3,50,70,0,0,glove_breach
3262,5,2026-04-06 06:00:00,Evening,6,0.5um,5.7,counts/m3,50,70,0,0,glove_breach
3263,5,2026-04-06 12:00:00,Night,6,0.5um,8.22,counts/m3,50,70,0,0,glove_breach
3264,5,2026-04-06 18:00:00,Night,1,0.5um,8.76,counts/m3,50,70,0,0,glove_breach
3265,5,2026-04-07 00:00:00,Day,1,0.5um,8.8,counts/m3,50,70,0,0,glove_breach
3266,5,2026-04-07 06:00:00,Evening,3,0.5um,14.62,counts/m3,50,70,0,0,mechanical_friction
3267,5,2026-04-07 12:00:00,Night,5,0.5um,22.26,counts/m3,50,70,0,0,mechanical_friction
3268,5,2026-04-07 18:00:00,Night,8,0.5um,21.3,counts/m3,50,70,0,0,mechanical_friction
3269,5,2026-04-08 00:00:00,Day,8,0.5um,12.39,counts/m3,50,70,0,0,mechanical_friction
3270,5,2026-04-08 06:00:00,Evening,7,0.5um,13.44,counts/m3,50,70,0,0,mechanical_friction
3271,5,2026-04-08 12:00:00,Night,3,0.5um,15.01,counts/m3,50,70,0,0,mechanical_friction
3272,5,2026-04-08 18:00:00,Night,5,0.5um,9.81,counts/m3,50,70,0,0,mechanical_friction
3273,5,2026-04-09 00:00:00,Day,1,0.5um,11.02,counts/m3,50,70,0,0,mechanical_friction
3274,5,2026-04-09 06:00:00,Evening,4,0.5um,16.47,counts/m3,50,70,0,0,mechanical_friction
3275,5,2026-04-09 12:00:00,Night,1,0.5um,22.59,counts/m3,50,70,0,0,mechanical_friction
3276,5,2026-04-09 18:00:00,Night,8,0.5um,18.69,counts/m3,50,70,0,0,mechanical_friction
3277,5,2026-04-10 00:00:00,Day,4,0.5um,16.06,counts/m3,50,70,0,0,mechanical_friction
3278,5,2026-04-10 06:00:00,Evening,6,0.5um,18.18,counts/m3,50,70,0,0,mechanical_friction
3279,5,2026-04-10 12:00:00,Night,1,0.5um,13.32,counts/m3,50,70,0,0,mechanical_friction
3280,5,2026-04-10 18:00:00,Night,8,0.5um,14.74,counts/m3,50,70,0,0,mechanical_friction
3281,5,2026-04-11 00:00:00,Day,5,0.5um,7.89,counts/m3,50,70,0,0,mechanical_friction
3282,5,2026-04-11 06:00:00,Evening,1,0.5um,22.59,counts/m3,50,70,0,0,mechanical_friction
3283,5,2026-04-11 12:00:00,Night,3,0.5um,38.92,counts/m3,50,70,0,0,mechanical_friction
3284,5,2026-04-11 18:00:00,Night,2,0.5um,36.07,counts/m3,50,70,0,0,mechanical_friction
3285,5,2026-04-12 00:00:00,Day,1,0.5um,23.76,counts/m3,50,70,0,0,mechanical_friction
3286,5,2026-04-12 06:00:00,Evening,1,0.5um,24.92,counts/m3,50,70,0,0,mechanical_friction
3287,5,2026-04-12 12:00:00,Night,6,0.5um,19.3,counts/m3,50,70,0,0,mechanical_friction
3288,5,2026-04-12 18:00:00,Night,7,0.5um,13.02,counts/m3,50,70,0,0,mechanical_friction
3289,5,2026-04-13 00:00:00,Day,6,0.5um,12.2,counts/m3,50,70,0,0,mechanical_friction
3290,5,2026-04-13 06:00:00,Evening,6,0.5um,26.39,counts/m3,50,70,0,0,mechanical_friction
3291,5,2026-04-13 12:00:00,Night,1,0.5um,37.7,counts/m3,50,70,0,0,mechanical_friction
3292,5,2026-04-13 18:00:00,Night,2,0.5um,51.82,counts/m3,50,70,1,0,mechanical_friction
3293,5,2026-04-14 00:00:00,Day,1,0.5um,43.69,counts/m3,50,70,0,0,mechanical_friction
3294,5,2026-04-14 06:00:00,Evening,8,0.5um,36.24,counts/m3,50,70,0,0,mechanical_friction
3295,5,2026-04-14 12:00:00,Night,6,0.5um,30.9,counts/m3,50,70,0,0,mechanical_friction
3296,5,2026-04-14 18:00:00,Night,8,0.5um,24.26,counts/m3,50,70,0,0,mechanical_friction
3297,5,2026-04-15 00:00:00,Day,8,0.5um,22.75,counts/m3,50,70,0,0,mechanical_friction
3298,5,2026-04-15 06:00:00,Evening,2,0.5um,32.67,counts/m3,50,70,0,0,mechanical_friction
3299,5,2026-04-15 12:00:00,Night,5,0.5um,42.85,counts/m3,50,70,0,0,mechanical_friction
3300,5,2026-04-15 18:00:00,Night,6,0.5um,40.73,counts/m3,50,70,0,0,mechanical_friction
3301,5,2026-04-16 00:00:00,Day,6,0.5um,32.42,counts/m3,50,70,0,0,mechanical_friction
3302,5,2026-04-16 06:00:00,Evening,6,0.5um,28.69,counts/m3,50,70,0,0,mechanical_friction
3303,5,2026-04-16 12:00:00,Night,4,0.5um,22.85,counts/m3,50,70,0,0,mechanical_friction
3304,5,2026-04-16 18:00:00,Night,1,0.5um,16.44,counts/m3,50,70,0,0,mechanical_friction
3305,5,2026-04-17 00:00:00,Day,8,0.5um,13.1,counts/m3,50,70,0,0,mechanical_friction
3306,5,2026-04-17 06:00:00,Evening,6,0.5um,24.22,counts/m3,50,70,0,0,mechanical_friction
3307,5,2026-04-17 12:00:00,Night,7,0.5um,44.08,counts/m3,50,70,0,0,mechanical_friction
3308,5,2026-04-17 18:00:00,Night,2,0.5um,44.42,counts/m3,50,70,0,0,mechanical_friction
3309,5,2026-04-18 00:00:00,Day,1,0.5um,34.7,counts/m3,50,70,0,0,mechanical_friction
3310,5,2026-04-18 06:00:00,Evening,8,0.5um,28.04,counts/m3,50,70,0,0,mechanical_friction
3311,5,2026-04-18 12:00:00,Night,7,0.5um,27.64,counts/m3,50,70,0,0,mechanical_friction
3312,5,2026-04-18 18:00:00,Night,7,0.5um,19.36,counts/m3,50,70,0,0,mechanical_friction
3313,5,2026-04-19 00:00:00,Day,4,0.5um,14.29,counts/m3,50,70,0,0,mechanical_friction
3314,5,2026-04-19 06:00:00,Evening,8,0.5um,21.85,counts/m3,50,70,0,0,mechanical_friction
3315,5,2026-04-19 12:00:00,Night,2,0.5um,38.82,counts/m3,50,70,0,0,mechanical_friction
3316,5,2026-04-19 18:00:00,Night,7,0.5um,38.43,counts/m3,50,70,0,0,mechanical_friction
3317,5,2026-04-20 00:00:00,Day,4,0.5um,35.95,counts/m3,50,70,0,0,mechanical_friction
3318,5,2026-04-20 06:00:00,Evening,2,0.5um,24.51,counts/m3,50,70,0,0,mechanical_friction
3319,5,2026-04-20 12:00:00,Night,6,0.5um,27.31,counts/m3,50,70,0,0,mechanical_friction
3320,5,2026-04-20 18:00:00,Night,3,0.5um,17.88,counts/m3,50,70,0,0,mechanical_friction
3321,5,2026-04-21 00:00:00,Day,2,0.5um,11.0,counts/m3,50,70,0,0,mechanical_friction
3322,5,2026-04-21 06:00:00,Evening,6,0.5um,43.68,counts/m3,50,70,0,0,mechanical_friction
3323,5,2026-04-21 12:00:00,Night,7,0.5um,52.89,counts/m3,50,70,1,0,mechanical_friction
3324,5,2026-04-21 18:00:00,Night,3,0.5um,58.91,counts/m3,50,70,1,0,mechanical_friction
3325,5,2026-04-22 00:00:00,Day,8,0.5um,49.99,counts/m3,50,70,0,0,mechanical_friction
3326,5,2026-04-22 06:00:00,Evening,6,0.5um,34.24,counts/m3,50,70,0,0,mechanical_friction
3327,5,2026-04-22 12:00:00,Night,1,0.5um,31.82,counts/m3,50,70,0,0,mechanical_friction
3328,5,2026-04-22 18:00:00,Night,3,0.5um,25.03,counts/m3,50,70,0,0,mechanical_friction
3329,5,2026-04-23 00:00:00,Day,8,0.5um,22.15,counts/m3,50,70,0,0,mechanical_friction
3330,5,2026-04-23 06:00:00,Evening,2,0.5um,23.35,counts/m3,50,70,0,0,mechanical_friction
3331,5,2026-04-23 12:00:00,Night,8,0.5um,32.03,counts/m3,50,70,0,0,mechanical_friction
3332,5,2026-04-23 18:00:00,Night,5,0.5um,36.02,counts/m3,50,70,0,0,mechanical_friction
3333,5,2026-04-24 00:00:00,Day,6,0.5um,30.7,counts/m3,50,70,0,0,mechanical_friction
3334,5,2026-04-24 06:00:00,Evening,6,0.5um,27.74,counts/m3,50,70,0,0,mechanical_friction
3335,5,2026-04-24 12:00:00,Night,5,0.5um,24.06,counts/m3,50,70,0,0,mechanical_friction
3336,5,2026-04-24 18:00:00,Night,5,0.5um,17.94,counts/m3,50,70,0,0,mechanical_friction
3337,5,2026-04-25 00:00:00,Day,5,0.5um,13.66,counts/m3,50,70,0,0,mechanical_friction
3338,5,2026-04-25 06:00:00,Evening,6,0.5um,17.44,counts/m3,50,70,0,0,mechanical_friction
3339,5,2026-04-25 12:00:00,Night,6,0.5um,31.62,counts/m3,50,70,0,0,mechanical_friction
3340,5,2026-04-25 18:00:00,Night,4,0.5um,29.06,counts/m3,50,70,0,0,mechanical_friction
3341,5,2026-04-26 00:00:00,Day,4,0.5um,30.14,counts/m3,50,70,0,0,mechanical_friction
3342,5,2026-04-26 06:00:00,Evening,7,0.5um,19.58,counts/m3,50,70,0,0,mechanical_friction
3343,5,2026-04-26 12:00:00,Night,7,0.5um,12.2,counts/m3,50,70,0,0,mechanical_friction
3344,5,2026-04-26 18:00:00,Night,6,0.5um,18.06,counts/m3,50,70,0,0,mechanical_friction
3345,5,2026-04-27 00:00:00,Day,4,0.5um,12.03,counts/m3,50,70,0,0,mechanical_friction
3346,5,2026-04-27 06:00:00,Evening,5,0.5um,10.44,counts/m3,50,70,0,0,mechanical_friction
3347,5,2026-04-27 12:00:00,Night,5,0.5um,14.24,counts/m3,50,70,0,0,mechanical_friction
3348,5,2026-04-27 18:00:00,Night,4,0.5um,23.83,counts/m3,50,70,0,0,mechanical_friction
3349,5,2026-04-28 00:00:00,Day,2,0.5um,20.79,counts/m3,50,70,0,0,mechanical_friction
3350,5,2026-04-28 06:00:00,Evening,5,0.5um,17.33,counts/m3,50,70,0,0,mechanical_friction
3351,5,2026-04-28 12:00:00,Night,4,0.5um,13.1,counts/m3,50,70,0,0,mechanical_friction
3352,5,2026-04-28 18:00:00,Night,1,0.5um,10.04,counts/m3,50,70,0,0,mechanical_friction
3353,5,2026-04-29 00:00:00,Day,8,0.5um,11.13,counts/m3,50,70,0,0,mechanical_friction
3354,5,2026-04-29 06:00:00,Evening,6,0.5um,9.67,counts/m3,50,70,0,0,mechanical_friction
3355,5,2026-04-29 12:00:00,Night,1,0.5um,15.65,counts/m3,50,70,0,0,mechanical_friction
3356,5,2026-04-29 18:00:00,Night,2,0.5um,19.33,counts/m3,50,70,0,0,mechanical_friction
3357,5,2026-04-30 00:00:00,Day,5,0.5um,17.82,counts/m3,50,70,0,0,mechanical_friction
3358,5,2026-04-30 06:00:00,Evening,7,0.5um,14.5,counts/m3,50,70,0,0,mechanical_friction
3359,5,2026-04-30 12:00:00,Night,4,0.5um,11.75,counts/m3,50,70,0,0,mechanical_friction
3360,5,2026-04-30 18:00:00,Night,7,0.5um,11.98,counts/m3,50,70,0,0,mechanical_friction
3361,5,2026-05-01 00:00:00,Day,2,0.5um,5.66,counts/m3,50,70,0,0,mechanical_friction
3362,5,2026-05-01 06:00:00,Evening,5,0.5um,8.73,counts/m3,50,70,0,0,mechanical_friction
3363,5,2026-05-01 12:00:00,Night,7,0.5um,16.73,counts/m3,50,70,0,0,mechanical_friction
3364,5,2026-05-01 18:00:00,Night,7,0.5um,20.72,counts/m3,50,70,0,0,mechanical_friction
3365,5,2026-05-02 00:00:00,Day,2,0.5um,13.8,counts/m3,50,70,0,0,mechanical_friction
3366,5,2026-05-02 06:00:00,Evening,6,0.5um,15.51,counts/m3,50,70,0,0,mechanical_friction
3367,5,2026-05-02 12:00:00,Night,1,0.5um,6.53,counts/m3,50,70,0,0,glove_breach
3368,5,2026-05-02 18:00:00,Night,2,0.5um,6.65,counts/m3,50,70,0,0,glove_breach
3369,5,2026-05-03 00:00:00,Day,8,0.5um,8.65,counts/m3,50,70,0,0,glove_breach
3370,5,2026-05-03 06:00:00,Evening,6,0.5um,3.72,counts/m3,50,70,0,0,glove_breach
3371,5,2026-05-03 12:00:00,Night,2,0.5um,5.71,counts/m3,50,70,0,0,glove_breach
3372,5,2026-05-03 18:00:00,Night,8,0.5um,8.7,counts/m3,50,70,0,0,glove_breach
3373,5,2026-05-04 00:00:00,Day,8,0.5um,8.0,counts/m3,50,70,0,0,glove_breach
3374,5,2026-05-04 06:00:00,Evening,1,0.5um,4.47,counts/m3,50,70,0,0,glove_breach
3375,5,2026-05-04 12:00:00,Night,1,0.5um,3.53,counts/m3,50,70,0,0,glove_breach
3376,5,2026-05-04 18:00:00,Night,2,0.5um,1.59,counts/m3,50,70,0,0,glove_breach
3377,5,2026-05-05 00:00:00,Day,7,0.5um,5.54,counts/m3,50,70,0,0,glove_breach
3378,5,2026-05-05 06:00:00,Evening,5,0.5um,4.44,counts/m3,50,70,0,0,glove_breach
3379,5,2026-05-05 12:00:00,Night,5,0.5um,3.4,counts/m3,50,70,0,0,glove_breach
3380,5,2026-05-05 18:00:00,Night,4,0.5um,3.35,counts/m3,50,70,0,0,glove_breach
3381,5,2026-05-06 00:00:00,Day,4,0.5um,3.26,counts/m3,50,70,0,0,glove_breach
3382,5,2026-05-06 06:00:00,Evening,6,0.5um,2.17,counts/m3,50,70,0,0,none
3383,5,2026-05-06 12:00:00,Night,1,0.5um,7.26,counts/m3,50,70,0,0,none
3384,5,2026-05-06 18:00:00,Night,5,0.5um,5.35,counts/m3,50,70,0,0,none
3385,5,2026-05-07 00:00:00,Day,2,0.5um,5.33,counts/m3,50,70,0,0,none
3386,5,2026-05-07 06:00:00,Evening,7,0.5um,7.25,counts/m3,50,70,0,0,none
3387,5,2026-05-07 12:00:00,Night,2,0.5um,4.46,counts/m3,50,70,0,0,none
3388,5,2026-05-07 18:00:00,Night,1,0.5um,1.42,counts/m3,50,70,0,0,none
3389,5,2026-05-08 00:00:00,Day,4,0.5um,3.33,counts/m3,50,70,0,0,none
3390,5,2026-05-08 06:00:00,Evening,4,0.5um,10.29,counts/m3,50,70,0,0,none
3391,5,2026-05-08 12:00:00,Night,5,0.5um,3.37,counts/m3,50,70,0,0,none
3392,5,2026-05-08 18:00:00,Night,7,0.5um,5.46,counts/m3,50,70,0,0,none
3393,5,2026-05-09 00:00:00,Day,6,0.5um,5.42,counts/m3,50,70,0,0,none
3394,5,2026-05-09 06:00:00,Evening,3,0.5um,4.34,counts/m3,50,70,0,0,none
3395,5,2026-05-09 12:00:00,Night,6,0.5um,4.31,counts/m3,50,70,0,0,none
3396,5,2026-05-09 18:00:00,Night,5,0.5um,6.29,counts/m3,50,70,0,0,none
3397,5,2026-05-10 00:00:00,Day,2,0.5um,10.21,counts/m3,50,70,0,0,none
3398,5,2026-05-10 06:00:00,Evening,1,0.5um,5.19,counts/m3,50,70,0,0,none
3399,5,2026-05-10 12:00:00,Night,1,0.5um,3.28,counts/m3,50,70,0,0,none
3400,5,2026-05-10 18:00:00,Night,2,0.5um,3.38,counts/m3,50,70,0,0,none
3401,5,2026-05-11 00:00:00,Day,7,0.5um,3.36,counts/m3,50,70,0,0,none
3402,5,2026-05-11 06:00:00,Evening,4,0.5um,4.28,counts/m3,50,70,0,0,none
3403,5,2026-05-11 12:00:00,Night,4,0.5um,2.26,counts/m3,50,70,0,0,none
3404,5,2026-05-11 18:00:00,Night,4,0.5um,3.24,counts/m3,50,70,0,0,none
3405,5,2026-05-12 00:00:00,Day,3,0.5um,8.17,counts/m3,50,70,0,0,none
3406,5,2026-05-12 06:00:00,Evening,6,0.5um,3.16,counts/m3,50,70,0,0,none
3407,5,2026-05-12 12:00:00,Night,1,0.5um,0.63,counts/m3,50,70,0,0,none
3408,5,2026-05-12 18:00:00,Night,5,0.5um,7.7,counts/m3,50,70,0,0,none
3409,5,2026-05-13 00:00:00,Day,8,0.5um,6.65,counts/m3,50,70,0,0,none
3410,5,2026-05-13 06:00:00,Evening,8,0.5um,2.55,counts/m3,50,70,0,0,none
3411,5,2026-05-13 12:00:00,Night,3,0.5um,10.51,counts/m3,50,70,0,0,hvac_drift
3412,5,2026-05-13 18:00:00,Night,7,0.5um,4.66,counts/m3,50,70,0,0,hvac_drift
3413,5,2026-05-14 00:00:00,Day,2,0.5um,4.77,counts/m3,50,70,0,0,hvac_drift
3414,5,2026-05-14 06:00:00,Evening,2,0.5um,2.95,counts/m3,50,70,0,0,hvac_drift
3415,5,2026-05-14 12:00:00,Night,3,0.5um,6.24,counts/m3,50,70,0,0,hvac_drift
3416,5,2026-05-14 18:00:00,Night,1,0.5um,6.52,counts/m3,50,70,0,0,hvac_drift
3417,5,2026-05-15 00:00:00,Day,3,0.5um,3.67,counts/m3,50,70,0,0,hvac_drift
3418,5,2026-05-15 06:00:00,Evening,7,0.5um,7.78,counts/m3,50,70,0,0,hvac_drift
3419,5,2026-05-15 12:00:00,Night,7,0.5um,5.82,counts/m3,50,70,0,0,hvac_drift
3420,5,2026-05-15 18:00:00,Night,3,0.5um,4.99,counts/m3,50,70,0,0,hvac_drift
3421,5,2026-05-16 00:00:00,Day,3,0.5um,3.18,counts/m3,50,70,0,0,hvac_drift
3422,5,2026-05-16 06:00:00,Evening,3,0.5um,3.38,counts/m3,50,70,0,0,hvac_drift
3423,5,2026-05-16 12:00:00,Night,1,0.5um,4.59,counts/m3,50,70,0,0,hvac_drift
3424,5,2026-05-16 18:00:00,Night,2,0.5um,6.77,counts/m3,50,70,0,0,hvac_drift
3425,5,2026-05-17 00:00:00,Day,8,0.5um,7.95,counts/m3,50,70,0,0,hvac_drift
3426,5,2026-05-17 06:00:00,Evening,6,0.5um,7.14,counts/m3,50,70,0,0,hvac_drift
3427,5,2026-05-17 12:00:00,Night,6,0.5um,4.32,counts/m3,50,70,0,0,hvac_drift
3428,5,2026-05-17 18:00:00,Night,3,0.5um,10.5,counts/m3,50,70,0,0,hvac_drift
3429,5,2026-05-18 00:00:00,Day,7,0.5um,10.69,counts/m3,50,70,0,0,hvac_drift
3430,5,2026-05-18 06:00:00,Evening,2,0.5um,4.9,counts/m3,50,70,0,0,hvac_drift
3431,5,2026-05-18 12:00:00,Night,8,0.5um,9.12,counts/m3,50,70,0,0,hvac_drift
3432,5,2026-05-18 18:00:00,Night,5,0.5um,9.31,counts/m3,50,70,0,0,hvac_drift
3433,5,2026-05-19 00:00:00,Day,3,0.5um,6.49,counts/m3,50,70,0,0,hvac_drift
3434,5,2026-05-19 06:00:00,Evening,7,0.5um,7.68,counts/m3,50,70,0,0,hvac_drift
3435,5,2026-05-19 12:00:00,Night,4,0.5um,8.87,counts/m3,50,70,0,0,hvac_drift
3436,5,2026-05-19 18:00:00,Night,3,0.5um,7.05,counts/m3,50,70,0,0,hvac_drift
3437,5,2026-05-20 00:00:00,Day,6,0.5um,8.24,counts/m3,50,70,0,0,hvac_drift
3438,5,2026-05-20 06:00:00,Evening,6,0.5um,8.45,counts/m3,50,70,0,0,hvac_drift
3439,5,2026-05-20 12:00:00,Night,5,0.5um,9.67,counts/m3,50,70,0,0,hvac_drift
3440,5,2026-05-20 18:00:00,Night,4,0.5um,9.86,counts/m3,50,70,0,0,hvac_drift
3441,5,2026-05-21 00:00:00,Day,3,0.5um,9.04,counts/m3,50,70,0,0,hvac_drift
3442,5,2026-05-21 06:00:00,Evening,4,0.5um,11.24,counts/m3,50,70,0,0,hvac_drift
3443,5,2026-05-21 12:00:00,Night,7,0.5um,7.44,counts/m3,50,70,0,0,hvac_drift
3444,5,2026-05-21 18:00:00,Night,3,0.5um,14.4,counts/m3,50,70,0,0,hvac_drift
3445,5,2026-05-22 00:00:00,Day,8,0.5um,15.76,counts/m3,50,70,0,0,hvac_drift
3446,5,2026-05-22 06:00:00,Evening,2,0.5um,13.91,counts/m3,50,70,0,0,hvac_drift
3447,5,2026-05-22 12:00:00,Night,2,0.5um,11.97,counts/m3,50,70,0,0,hvac_drift
3448,5,2026-05-22 18:00:00,Night,3,0.5um,11.56,counts/m3,50,70,0,0,hvac_drift
3449,5,2026-05-23 00:00:00,Day,1,0.5um,12.59,counts/m3,50,70,0,0,hvac_drift
3450,5,2026-05-23 06:00:00,Evening,8,0.5um,11.62,counts/m3,50,70,0,0,hvac_drift
3451,5,2026-05-23 12:00:00,Night,3,0.5um,13.21,counts/m3,50,70,0,0,hvac_drift
3452,5,2026-05-23 18:00:00,Night,1,0.5um,13.24,counts/m3,50,70,0,0,hvac_drift
3453,5,2026-05-24 00:00:00,Day,5,0.5um,13.37,counts/m3,50,70,0,0,hvac_drift
3454,5,2026-05-24 06:00:00,Evening,8,0.5um,17.52,counts/m3,50,70,0,0,hvac_drift
3455,5,2026-05-24 12:00:00,Night,8,0.5um,13.58,counts/m3,50,70,0,0,hvac_drift
3456,5,2026-05-24 18:00:00,Night,1,0.5um,12.17,counts/m3,50,70,0,0,hvac_drift
3457,5,2026-05-25 00:00:00,Day,7,0.5um,15.2,counts/m3,50,70,0,0,hvac_drift
3458,5,2026-05-25 06:00:00,Evening,3,0.5um,16.37,counts/m3,50,70,0,0,hvac_drift
3459,5,2026-05-25 12:00:00,Night,7,0.5um,11.95,counts/m3,50,70,0,0,hvac_drift
3460,5,2026-05-25 18:00:00,Night,5,0.5um,17.97,counts/m3,50,70,0,0,hvac_drift
3461,5,2026-05-26 00:00:00,Day,6,0.5um,14.09,counts/m3,50,70,0,0,hvac_drift
3462,5,2026-05-26 06:00:00,Evening,7,0.5um,15.24,counts/m3,50,70,0,0,hvac_drift
3463,5,2026-05-26 12:00:00,Night,8,0.5um,16.29,counts/m3,50,70,0,0,hvac_drift
3464,5,2026-05-26 18:00:00,Night,2,0.5um,15.87,counts/m3,50,70,0,0,hvac_drift
3465,5,2026-05-27 00:00:00,Day,6,0.5um,14.9,counts/m3,50,70,0,0,hvac_drift
3466,5,2026-05-27 06:00:00,Evening,2,0.5um,14.93,counts/m3,50,70,0,0,hvac_drift
3467,5,2026-05-27 12:00:00,Night,8,0.5um,15.51,counts/m3,50,70,0,0,hvac_drift
3468,5,2026-05-27 18:00:00,Night,6,0.5um,14.54,counts/m3,50,70,0,0,hvac_drift
3469,5,2026-05-28 00:00:00,Day,2,0.5um,19.67,counts/m3,50,70,0,0,hvac_drift
3470,5,2026-05-28 06:00:00,Evening,3,0.5um,19.82,counts/m3,50,70,0,0,hvac_drift
3471,5,2026-05-28 12:00:00,Night,8,0.5um,8.3,counts/m3,50,70,0,0,none
3472,5,2026-05-28 18:00:00,Night,6,0.5um,3.69,counts/m3,50,70,0,0,none
3473,5,2026-05-29 00:00:00,Day,2,0.5um,3.53,counts/m3,50,70,0,0,none
3474,5,2026-05-29 06:00:00,Evening,7,0.5um,3.35,counts/m3,50,70,0,0,none
3475,5,2026-05-29 12:00:00,Night,6,0.5um,6.75,counts/m3,50,70,0,0,none
3476,5,2026-05-29 18:00:00,Night,1,0.5um,5.6,counts/m3,50,70,0,0,none
3477,5,2026-05-30 00:00:00,Day,3,0.5um,7.54,counts/m3,50,70,0,0,none
3478,5,2026-05-30 06:00:00,Evening,7,0.5um,6.48,counts/m3,50,70,0,0,none
3479,5,2026-05-30 12:00:00,Night,3,0.5um,8.61,counts/m3,50,70,0,0,none
3480,5,2026-05-30 18:00:00,Night,1,0.5um,5.24,counts/m3,50,70,0,0,none
3481,5,2026-05-31 00:00:00,Day,5,0.5um,7.05,counts/m3,50,70,0,0,none
3482,5,2026-05-31 06:00:00,Evening,8,0.5um,10.75,counts/m3,50,70,0,0,none
3483,5,2026-05-31 12:00:00,Night,5,0.5um,7.92,counts/m3,50,70,0,0,none
3484,5,2026-05-31 18:00:00,Night,8,0.5um,3.57,counts/m3,50,70,0,0,hvac_drift
3485,5,2026-06-01 00:00:00,Day,1,0.5um,8.39,counts/m3,50,70,0,0,hvac_drift
3486,5,2026-06-01 06:00:00,Evening,6,0.5um,6.34,counts/m3,50,70,0,0,hvac_drift
3487,5,2026-06-01 12:00:00,Night,6,0.5um,6.48,counts/m3,50,70,0,0,hvac_drift
3488,5,2026-06-01 18:00:00,Night,8,0.5um,8.18,counts/m3,50,70,0,0,hvac_drift
3489,5,2026-06-02 00:00:00,Day,5,0.5um,10.07,counts/m3,50,70,0,0,hvac_drift
3490,5,2026-06-02 06:00:00,Evening,7,0.5um,4.87,counts/m3,50,70,0,0,hvac_drift
3491,5,2026-06-02 12:00:00,Night,2,0.5um,8.33,counts/m3,50,70,0,0,hvac_drift
3492,5,2026-06-02 18:00:00,Night,1,0.5um,6.25,counts/m3,50,70,0,0,hvac_drift
3493,5,2026-06-03 00:00:00,Day,6,0.5um,7.18,counts/m3,50,70,0,0,hvac_drift
3494,5,2026-06-03 06:00:00,Evening,1,0.5um,10.23,counts/m3,50,70,0,0,hvac_drift
3495,5,2026-06-03 12:00:00,Night,7,0.5um,26.74,counts/m3,50,70,0,0,glove_breach
3496,5,2026-06-03 18:00:00,Night,1,0.5um,25.98,counts/m3,50,70,0,0,glove_breach
3497,5,2026-06-04 00:00:00,Day,6,0.5um,21.55,counts/m3,50,70,0,0,glove_breach
3498,5,2026-06-04 06:00:00,Evening,4,0.5um,22.15,counts/m3,50,70,0,0,glove_breach
3499,5,2026-06-04 12:00:00,Night,6,0.5um,16.53,counts/m3,50,70,0,0,glove_breach
3500,5,2026-06-04 18:00:00,Night,5,0.5um,17.5,counts/m3,50,70,0,0,glove_breach
3501,5,2026-06-05 00:00:00,Day,4,0.5um,18.55,counts/m3,50,70,0,0,glove_breach
3502,5,2026-06-05 06:00:00,Evening,4,0.5um,21.31,counts/m3,50,70,0,0,glove_breach
3503,5,2026-06-05 12:00:00,Night,5,0.5um,18.81,counts/m3,50,70,0,0,glove_breach
3504,5,2026-06-05 18:00:00,Night,6,0.5um,14.19,counts/m3,50,70,0,0,glove_breach
3505,5,2026-06-06 00:00:00,Day,6,0.5um,12.61,counts/m3,50,70,0,0,glove_breach
3506,5,2026-06-06 06:00:00,Evening,4,0.5um,15.02,counts/m3,50,70,0,0,glove_breach
3507,5,2026-06-06 12:00:00,Night,3,0.5um,16.54,counts/m3,50,70,0,0,glove_breach
3508,5,2026-06-06 18:00:00,Night,1,0.5um,13.21,counts/m3,50,70,0,0,glove_breach
3509,5,2026-06-07 00:00:00,Day,7,0.5um,14.82,counts/m3,50,70,0,0,glove_breach
3510,5,2026-06-07 06:00:00,Evening,2,0.5um,13.49,counts/m3,50,70,0,0,glove_breach
3511,5,2026-06-07 12:00:00,Night,4,0.5um,10.55,counts/m3,50,70,0,0,glove_breach
3512,5,2026-06-07 18:00:00,Night,8,0.5um,13.89,counts/m3,50,70,0,0,glove_breach
3513,5,2026-06-08 00:00:00,Day,7,0.5um,12.99,counts/m3,50,70,0,0,glove_breach
3514,5,2026-06-08 06:00:00,Evening,3,0.5um,16.77,counts/m3,50,70,0,0,glove_breach
3515,5,2026-06-08 12:00:00,Night,4,0.5um,14.82,counts/m3,50,70,0,0,glove_breach
3516,5,2026-06-08 18:00:00,Night,3,0.5um,14.0,counts/m3,50,70,0,0,glove_breach
3517,5,2026-06-09 00:00:00,Day,6,0.5um,14.96,counts/m3,50,70,0,0,glove_breach
3518,5,2026-06-09 06:00:00,Evening,2,0.5um,14.08,counts/m3,50,70,0,0,glove_breach
3519,5,2026-06-09 12:00:00,Night,8,0.5um,16.58,counts/m3,50,70,0,0,glove_breach
3520,5,2026-06-09 18:00:00,Night,8,0.5um,16.33,counts/m3,50,70,0,0,glove_breach
3521,5,2026-06-10 00:00:00,Day,3,0.5um,15.83,counts/m3,50,70,0,0,glove_breach
3522,5,2026-06-10 06:00:00,Evening,2,0.5um,19.99,counts/m3,50,70,0,0,glove_breach
3523,5,2026-06-10 12:00:00,Night,5,0.5um,14.18,counts/m3,50,70,0,0,glove_breach
3524,5,2026-06-10 18:00:00,Night,6,0.5um,21.48,counts/m3,50,70,0,0,glove_breach
3525,5,2026-06-11 00:00:00,Day,6,0.5um,16.67,counts/m3,50,70,0,0,glove_breach
3526,5,2026-06-11 06:00:00,Evening,1,0.5um,16.9,counts/m3,50,70,0,0,glove_breach
3527,5,2026-06-11 12:00:00,Night,6,0.5um,15.49,counts/m3,50,70,0,0,glove_breach
3528,5,2026-06-11 18:00:00,Night,1,0.5um,22.33,counts/m3,50,70,0,0,glove_breach
3529,5,2026-06-12 00:00:00,Day,3,0.5um,21.9,counts/m3,50,70,0,0,glove_breach
3530,5,2026-06-12 06:00:00,Evening,6,0.5um,23.13,counts/m3,50,70,0,0,glove_breach
3531,5,2026-06-12 12:00:00,Night,8,0.5um,19.38,counts/m3,50,70,0,0,glove_breach
3532,5,2026-06-12 18:00:00,Night,6,0.5um,20.73,counts/m3,50,70,0,0,glove_breach
3533,5,2026-06-13 00:00:00,Day,2,0.5um,16.97,counts/m3,50,70,0,0,glove_breach
3534,5,2026-06-13 06:00:00,Evening,6,0.5um,21.35,counts/m3,50,70,0,0,glove_breach
3535,5,2026-06-13 12:00:00,Night,1,0.5um,17.97,counts/m3,50,70,0,0,glove_breach
3536,5,2026-06-13 18:00:00,Night,2,0.5um,19.83,counts/m3,50,70,0,0,glove_breach
3537,5,2026-06-14 00:00:00,Day,1,0.5um,23.43,counts/m3,50,70,0,0,glove_breach
3538,5,2026-06-14 06:00:00,Evening,8,0.5um,24.68,counts/m3,50,70,0,0,glove_breach
3539,5,2026-06-14 12:00:00,Night,3,0.5um,25.51,counts/m3,50,70,0,0,glove_breach
3540,5,2026-06-14 18:00:00,Night,5,0.5um,23.91,counts/m3,50,70,0,0,glove_breach
3541,5,2026-06-15 00:00:00,Day,7,0.5um,20.32,counts/m3,50,70,0,0,glove_breach
3542,5,2026-06-15 06:00:00,Evening,8,0.5um,23.63,counts/m3,50,70,0,0,glove_breach
3543,5,2026-06-15 12:00:00,Night,8,0.5um,22.05,counts/m3,50,70,0,0,glove_breach
3544,5,2026-06-15 18:00:00,Night,2,0.5um,13.63,counts/m3,50,70,0,0,glove_breach
3545,5,2026-06-16 00:00:00,Day,4,0.5um,14.1,counts/m3,50,70,0,0,glove_breach
3546,5,2026-06-16 06:00:00,Evening,4,0.5um,15.33,counts/m3,50,70,0,0,glove_breach
3547,5,2026-06-16 12:00:00,Night,7,0.5um,18.47,counts/m3,50,70,0,0,glove_breach
3548,5,2026-06-16 18:00:00,Night,3,0.5um,12.7,counts/m3,50,70,0,0,glove_breach
3549,5,2026-06-17 00:00:00,Day,2,0.5um,15.94,counts/m3,50,70,0,0,glove_breach
3550,5,2026-06-17 06:00:00,Evening,7,0.5um,18.08,counts/m3,50,70,0,0,glove_breach
3551,5,2026-06-17 12:00:00,Night,4,0.5um,16.33,counts/m3,50,70,0,0,glove_breach
3552,5,2026-06-17 18:00:00,Night,6,0.5um,15.5,counts/m3,50,70,0,0,glove_breach
3553,5,2026-06-18 00:00:00,Day,4,0.5um,13.96,counts/m3,50,70,0,0,glove_breach
3554,5,2026-06-18 06:00:00,Evening,4,0.5um,16.18,counts/m3,50,70,0,0,glove_breach
3555,5,2026-06-18 12:00:00,Night,1,0.5um,13.26,counts/m3,50,70,0,0,hvac_drift
3556,5,2026-06-18 18:00:00,Night,1,0.5um,19.48,counts/m3,50,70,0,0,hvac_drift
3557,5,2026-06-19 00:00:00,Day,1,0.5um,15.71,counts/m3,50,70,0,0,hvac_drift
3558,5,2026-06-19 06:00:00,Evening,2,0.5um,16.84,counts/m3,50,70,0,0,hvac_drift
3559,5,2026-06-19 12:00:00,Night,3,0.5um,12.96,counts/m3,50,70,0,0,hvac_drift
3560,5,2026-06-19 18:00:00,Night,1,0.5um,15.4,counts/m3,50,70,0,0,hvac_drift
3561,5,2026-06-20 00:00:00,Day,2,0.5um,17.84,counts/m3,50,70,0,0,hvac_drift
3562,5,2026-06-20 06:00:00,Evening,7,0.5um,18.05,counts/m3,50,70,0,0,hvac_drift
3563,5,2026-06-20 12:00:00,Night,7,0.5um,16.16,counts/m3,50,70,0,0,hvac_drift
3564,5,2026-06-20 18:00:00,Night,3,0.5um,19.11,counts/m3,50,70,0,0,hvac_drift
3565,5,2026-06-21 00:00:00,Day,8,0.5um,18.35,counts/m3,50,70,0,0,hvac_drift
3566,5,2026-06-21 06:00:00,Evening,1,0.5um,15.6,counts/m3,50,70,0,0,hvac_drift
3567,5,2026-06-21 12:00:00,Night,1,0.5um,18.84,counts/m3,50,70,0,0,hvac_drift
3568,5,2026-06-21 18:00:00,Night,3,0.5um,18.08,counts/m3,50,70,0,0,hvac_drift
3569,5,2026-06-22 00:00:00,Day,3,0.5um,20.32,counts/m3,50,70,0,0,hvac_drift
3570,5,2026-06-22 06:00:00,Evening,1,0.5um,17.56,counts/m3,50,70,0,0,hvac_drift
3571,5,2026-06-22 12:00:00,Night,7,0.5um,21.81,counts/m3,50,70,0,0,hvac_drift
3572,5,2026-06-22 18:00:00,Night,8,0.5um,18.05,counts/m3,50,70,0,0,hvac_drift
3573,5,2026-06-23 00:00:00,Day,3,0.5um,18.29,counts/m3,50,70,0,0,hvac_drift
3574,5,2026-06-23 06:00:00,Evening,3,0.5um,7.28,counts/m3,50,70,0,0,none
3575,5,2026-06-23 12:00:00,Night,6,0.5um,6.29,counts/m3,50,70,0,0,none
3576,5,2026-06-23 18:00:00,Night,8,0.5um,7.3,counts/m3,50,70,0,0,none
3577,5,2026-06-24 00:00:00,Day,3,0.5um,5.3,counts/m3,50,70,0,0,none
3578,5,2026-06-24 06:00:00,Evening,6,0.5um,6.3,counts/m3,50,70,0,0,none
3579,5,2026-06-24 12:00:00,Night,1,0.5um,4.14,counts/m3,50,70,0,0,none
3580,5,2026-06-24 18:00:00,Night,5,0.5um,8.14,counts/m3,50,70,0,0,none
3581,5,2026-06-25 00:00:00,Day,8,0.5um,4.14,counts/m3,50,70,0,0,none
3582,5,2026-06-25 06:00:00,Evening,4,0.5um,5.0,counts/m3,50,70,0,0,none
3583,5,2026-06-25 12:00:00,Night,6,0.5um,5.0,counts/m3,50,70,0,0,none
3584,5,2026-06-25 18:00:00,Night,6,0.5um,1.0,counts/m3,50,70,0,0,none
3585,5,2026-06-26 00:00:00,Day,6,0.5um,2.0,counts/m3,50,70,0,0,none
3586,5,2026-06-26 06:00:00,Evening,6,0.5um,7.0,counts/m3,50,70,0,0,none
3587,5,2026-06-26 12:00:00,Night,8,0.5um,12.0,counts/m3,50,70,0,0,none
3588,5,2026-06-26 18:00:00,Night,1,0.5um,3.0,counts/m3,50,70,0,0,none
3589,5,2026-06-27 00:00:00,Day,8,0.5um,6.0,counts/m3,50,70,0,0,none
3590,5,2026-06-27 06:00:00,Evening,8,0.5um,8.0,counts/m3,50,70,0,0,none
3591,5,2026-06-27 12:00:00,Night,8,0.5um,4.0,counts/m3,50,70,0,0,none
3592,5,2026-06-27 18:00:00,Night,3,0.5um,2.0,counts/m3,50,70,0,0,none
3593,5,2026-06-28 00:00:00,Day,5,0.5um,2.0,counts/m3,50,70,0,0,none
3594,5,2026-06-28 06:00:00,Evening,3,0.5um,8.0,counts/m3,50,70,0,0,none
3595,5,2026-06-28 12:00:00,Night,7,0.5um,6.0,counts/m3,50,70,0,0,none
3596,5,2026-06-28 18:00:00,Night,4,0.5um,3.0,counts/m3,50,70,0,0,none
3597,5,2026-06-29 00:00:00,Day,3,0.5um,6.0,counts/m3,50,70,0,0,none
3598,5,2026-06-29 06:00:00,Evening,6,0.5um,3.0,counts/m3,50,70,0,0,none
3599,5,2026-06-29 12:00:00,Night,1,0.5um,8.0,counts/m3,50,70,0,0,none
3600,5,2026-06-29 18:00:00,Night,4,0.5um,6.0,counts/m3,50,70,0,0,none
3601,6,2026-01-01 00:00:00,Day,2,0.5um,6.0,counts/m3,90,120,0,0,none
3602,6,2026-01-01 06:00:00,Evening,3,0.5um,11.0,counts/m3,90,120,0,0,none
3603,6,2026-01-01 12:00:00,Night,4,0.5um,11.0,counts/m3,90,120,0,0,none
3604,6,2026-01-01 18:00:00,Night,1,0.5um,7.0,counts/m3,90,120,0,0,none
3605,6,2026-01-02 00:00:00,Day,7,0.5um,9.0,counts/m3,90,120,0,0,hvac_drift
3606,6,2026-01-02 06:00:00,Evening,4,0.5um,9.2,counts/m3,90,120,0,0,hvac_drift
3607,6,2026-01-02 12:00:00,Night,3,0.5um,6.41,counts/m3,90,120,0,0,hvac_drift
3608,6,2026-01-02 18:00:00,Night,2,0.5um,11.61,counts/m3,90,120,0,0,hvac_drift
3609,6,2026-01-03 00:00:00,Day,8,0.5um,14.82,counts/m3,90,120,0,0,hvac_drift
3610,6,2026-01-03 06:00:00,Evening,7,0.5um,5.02,counts/m3,90,120,0,0,hvac_drift
3611,6,2026-01-03 12:00:00,Night,4,0.5um,13.22,counts/m3,90,120,0,0,hvac_drift
3612,6,2026-01-03 18:00:00,Night,3,0.5um,11.43,counts/m3,90,120,0,0,hvac_drift
3613,6,2026-01-04 00:00:00,Day,4,0.5um,9.63,counts/m3,90,120,0,0,hvac_drift
3614,6,2026-01-04 06:00:00,Evening,8,0.5um,7.84,counts/m3,90,120,0,0,hvac_drift
3615,6,2026-01-04 12:00:00,Night,2,0.5um,13.04,counts/m3,90,120,0,0,hvac_drift
3616,6,2026-01-04 18:00:00,Night,6,0.5um,14.24,counts/m3,90,120,0,0,hvac_drift
3617,6,2026-01-05 00:00:00,Day,8,0.5um,18.45,counts/m3,90,120,0,0,hvac_drift
3618,6,2026-01-05 06:00:00,Evening,7,0.5um,17.65,counts/m3,90,120,0,0,hvac_drift
3619,6,2026-01-05 12:00:00,Night,7,0.5um,15.86,counts/m3,90,120,0,0,hvac_drift
3620,6,2026-01-05 18:00:00,Night,8,0.5um,9.06,counts/m3,90,120,0,0,hvac_drift
3621,6,2026-01-06 00:00:00,Day,1,0.5um,17.26,counts/m3,90,120,0,0,hvac_drift
3622,6,2026-01-06 06:00:00,Evening,2,0.5um,19.47,counts/m3,90,120,0,0,hvac_drift
3623,6,2026-01-06 12:00:00,Night,2,0.5um,14.67,counts/m3,90,120,0,0,hvac_drift
3624,6,2026-01-06 18:00:00,Night,5,0.5um,20.88,counts/m3,90,120,0,0,hvac_drift
3625,6,2026-01-07 00:00:00,Day,4,0.5um,12.08,counts/m3,90,120,0,0,hvac_drift
3626,6,2026-01-07 06:00:00,Evening,1,0.5um,11.29,counts/m3,90,120,0,0,hvac_drift
3627,6,2026-01-07 12:00:00,Night,5,0.5um,14.49,counts/m3,90,120,0,0,hvac_drift
3628,6,2026-01-07 18:00:00,Night,1,0.5um,18.69,counts/m3,90,120,0,0,hvac_drift
3629,6,2026-01-08 00:00:00,Day,4,0.5um,10.9,counts/m3,90,120,0,0,hvac_drift
3630,6,2026-01-08 06:00:00,Evening,3,0.5um,16.52,counts/m3,90,120,0,0,hvac_drift
3631,6,2026-01-08 12:00:00,Night,8,0.5um,14.59,counts/m3,90,120,0,0,hvac_drift
3632,6,2026-01-08 18:00:00,Night,6,0.5um,15.67,counts/m3,90,120,0,0,hvac_drift
3633,6,2026-01-09 00:00:00,Day,5,0.5um,18.76,counts/m3,90,120,0,0,hvac_drift
3634,6,2026-01-09 06:00:00,Evening,7,0.5um,11.87,counts/m3,90,120,0,0,hvac_drift
3635,6,2026-01-09 12:00:00,Night,2,0.5um,13.26,counts/m3,90,120,0,0,hvac_drift
3636,6,2026-01-09 18:00:00,Night,3,0.5um,14.36,counts/m3,90,120,0,0,hvac_drift
3637,6,2026-01-10 00:00:00,Day,7,0.5um,15.47,counts/m3,90,120,0,0,hvac_drift
3638,6,2026-01-10 06:00:00,Evening,6,0.5um,17.58,counts/m3,90,120,0,0,hvac_drift
3639,6,2026-01-10 12:00:00,Night,1,0.5um,15.71,counts/m3,90,120,0,0,hvac_drift
3640,6,2026-01-10 18:00:00,Night,2,0.5um,13.84,counts/m3,90,120,0,0,hvac_drift
3641,6,2026-01-11 00:00:00,Day,2,0.5um,12.99,counts/m3,90,120,0,0,hvac_drift
3642,6,2026-01-11 06:00:00,Evening,1,0.5um,16.14,counts/m3,90,120,0,0,hvac_drift
3643,6,2026-01-11 12:00:00,Night,6,0.5um,16.29,counts/m3,90,120,0,0,hvac_drift
3644,6,2026-01-11 18:00:00,Night,1,0.5um,15.44,counts/m3,90,120,0,0,hvac_drift
3645,6,2026-01-12 00:00:00,Day,7,0.5um,18.6,counts/m3,90,120,0,0,hvac_drift
3646,6,2026-01-12 06:00:00,Evening,5,0.5um,19.76,counts/m3,90,120,0,0,hvac_drift
3647,6,2026-01-12 12:00:00,Night,7,0.5um,16.92,counts/m3,90,120,0,0,hvac_drift
3648,6,2026-01-12 18:00:00,Night,4,0.5um,14.09,counts/m3,90,120,0,0,hvac_drift
3649,6,2026-01-13 00:00:00,Day,8,0.5um,15.28,counts/m3,90,120,0,0,hvac_drift
3650,6,2026-01-13 06:00:00,Evening,3,0.5um,14.47,counts/m3,90,120,0,0,hvac_drift
3651,6,2026-01-13 12:00:00,Night,5,0.5um,19.65,counts/m3,90,120,0,0,hvac_drift
3652,6,2026-01-13 18:00:00,Night,1,0.5um,24.83,counts/m3,90,120,0,0,hvac_drift
3653,6,2026-01-14 00:00:00,Day,7,0.5um,17.01,counts/m3,90,120,0,0,hvac_drift
3654,6,2026-01-14 06:00:00,Evening,5,0.5um,17.2,counts/m3,90,120,0,0,hvac_drift
3655,6,2026-01-14 12:00:00,Night,2,0.5um,19.38,counts/m3,90,120,0,0,hvac_drift
3656,6,2026-01-14 18:00:00,Night,7,0.5um,16.57,counts/m3,90,120,0,0,hvac_drift
3657,6,2026-01-15 00:00:00,Day,8,0.5um,18.78,counts/m3,90,120,0,0,hvac_drift
3658,6,2026-01-15 06:00:00,Evening,1,0.5um,15.98,counts/m3,90,120,0,0,hvac_drift
3659,6,2026-01-15 12:00:00,Night,7,0.5um,22.17,counts/m3,90,120,0,0,hvac_drift
3660,6,2026-01-15 18:00:00,Night,6,0.5um,17.37,counts/m3,90,120,0,0,hvac_drift
3661,6,2026-01-16 00:00:00,Day,3,0.5um,20.56,counts/m3,90,120,0,0,hvac_drift
3662,6,2026-01-16 06:00:00,Evening,6,0.5um,21.76,counts/m3,90,120,0,0,hvac_drift
3663,6,2026-01-16 12:00:00,Night,7,0.5um,28.37,counts/m3,90,120,0,0,hvac_drift
3664,6,2026-01-16 18:00:00,Night,4,0.5um,33.73,counts/m3,90,120,0,0,hvac_drift
3665,6,2026-01-17 00:00:00,Day,6,0.5um,18.83,counts/m3,90,120,0,0,mechanical_friction
3666,6,2026-01-17 06:00:00,Evening,1,0.5um,13.43,counts/m3,90,120,0,0,mechanical_friction
3667,6,2026-01-17 12:00:00,Night,8,0.5um,14.54,counts/m3,90,120,0,0,mechanical_friction
3668,6,2026-01-17 18:00:00,Night,8,0.5um,14.64,counts/m3,90,120,0,0,mechanical_friction
3669,6,2026-01-18 00:00:00,Day,2,0.5um,7.25,counts/m3,90,120,0,0,mechanical_friction
3670,6,2026-01-18 06:00:00,Evening,4,0.5um,13.36,counts/m3,90,120,0,0,mechanical_friction
3671,6,2026-01-18 12:00:00,Night,2,0.5um,8.52,counts/m3,90,120,0,0,mechanical_friction
3672,6,2026-01-18 18:00:00,Night,4,0.5um,23.68,counts/m3,90,120,0,0,mechanical_friction
3673,6,2026-01-19 00:00:00,Day,3,0.5um,13.81,counts/m3,90,120,0,0,mechanical_friction
3674,6,2026-01-19 06:00:00,Evening,7,0.5um,14.42,counts/m3,90,120,0,0,mechanical_friction
3675,6,2026-01-19 12:00:00,Night,6,0.5um,12.54,counts/m3,90,120,0,0,mechanical_friction
3676,6,2026-01-19 18:00:00,Night,7,0.5um,15.65,counts/m3,90,120,0,0,mechanical_friction
3677,6,2026-01-20 00:00:00,Day,7,0.5um,8.25,counts/m3,90,120,0,0,mechanical_friction
3678,6,2026-01-20 06:00:00,Evening,6,0.5um,7.37,counts/m3,90,120,0,0,mechanical_friction
3679,6,2026-01-20 12:00:00,Night,2,0.5um,14.55,counts/m3,90,120,0,0,mechanical_friction
3680,6,2026-01-20 18:00:00,Night,7,0.5um,22.71,counts/m3,90,120,0,0,mechanical_friction
3681,6,2026-01-21 00:00:00,Day,7,0.5um,21.84,counts/m3,90,120,0,0,mechanical_friction
3682,6,2026-01-21 06:00:00,Evening,1,0.5um,18.45,counts/m3,90,120,0,0,mechanical_friction
3683,6,2026-01-21 12:00:00,Night,1,0.5um,17.57,counts/m3,90,120,0,0,mechanical_friction
3684,6,2026-01-21 18:00:00,Night,7,0.5um,14.67,counts/m3,90,120,0,0,mechanical_friction
3685,6,2026-01-22 00:00:00,Day,4,0.5um,10.28,counts/m3,90,120,0,0,mechanical_friction
3686,6,2026-01-22 06:00:00,Evening,3,0.5um,8.0,counts/m3,90,120,0,0,mechanical_friction
3687,6,2026-01-22 12:00:00,Night,4,0.5um,17.82,counts/m3,90,120,0,0,mechanical_friction
3688,6,2026-01-22 18:00:00,Night,7,0.5um,25.67,counts/m3,90,120,0,0,mechanical_friction
3689,6,2026-01-23 00:00:00,Day,3,0.5um,25.52,counts/m3,90,120,0,0,mechanical_friction
3690,6,2026-01-23 06:00:00,Evening,3,0.5um,20.88,counts/m3,90,120,0,0,mechanical_friction
3691,6,2026-01-23 12:00:00,Night,4,0.5um,23.78,counts/m3,90,120,0,0,mechanical_friction
3692,6,2026-01-23 18:00:00,Night,1,0.5um,19.68,counts/m3,90,120,0,0,mechanical_friction
3693,6,2026-01-24 00:00:00,Day,1,0.5um,16.1,counts/m3,90,120,0,0,mechanical_friction
3694,6,2026-01-24 06:00:00,Evening,4,0.5um,13.77,counts/m3,90,120,0,0,mechanical_friction
3695,6,2026-01-24 12:00:00,Night,1,0.5um,19.38,counts/m3,90,120,0,0,mechanical_friction
3696,6,2026-01-24 18:00:00,Night,7,0.5um,23.09,counts/m3,90,120,0,0,mechanical_friction
3697,6,2026-01-25 00:00:00,Day,4,0.5um,28.8,counts/m3,90,120,0,0,mechanical_friction
3698,6,2026-01-25 06:00:00,Evening,5,0.5um,21.04,counts/m3,90,120,0,0,mechanical_friction
3699,6,2026-01-25 12:00:00,Night,3,0.5um,20.81,counts/m3,90,120,0,0,mechanical_friction
3700,6,2026-01-25 18:00:00,Night,7,0.5um,13.61,counts/m3,90,120,0,0,mechanical_friction
3701,6,2026-01-26 00:00:00,Day,4,0.5um,10.93,counts/m3,90,120,0,0,mechanical_friction
3702,6,2026-01-26 06:00:00,Evening,1,0.5um,11.79,counts/m3,90,120,0,0,mechanical_friction
3703,6,2026-01-26 12:00:00,Night,4,0.5um,20.73,counts/m3,90,120,0,0,mechanical_friction
3704,6,2026-01-26 18:00:00,Night,2,0.5um,30.69,counts/m3,90,120,0,0,mechanical_friction
3705,6,2026-01-27 00:00:00,Day,5,0.5um,21.62,counts/m3,90,120,0,0,mechanical_friction
3706,6,2026-01-27 06:00:00,Evening,5,0.5um,13.06,counts/m3,90,120,0,0,mechanical_friction
3707,6,2026-01-27 12:00:00,Night,4,0.5um,19.02,counts/m3,90,120,0,0,mechanical_friction
3708,6,2026-01-27 18:00:00,Night,4,0.5um,13.0,counts/m3,90,120,0,0,mechanical_friction
3709,6,2026-01-28 00:00:00,Day,5,0.5um,16.48,counts/m3,90,120,0,0,mechanical_friction
3710,6,2026-01-28 06:00:00,Evening,6,0.5um,9.35,counts/m3,90,120,0,0,mechanical_friction
3711,6,2026-01-28 12:00:00,Night,8,0.5um,11.42,counts/m3,90,120,0,0,mechanical_friction
3712,6,2026-01-28 18:00:00,Night,8,0.5um,21.49,counts/m3,90,120,0,0,mechanical_friction
3713,6,2026-01-29 00:00:00,Day,1,0.5um,17.52,counts/m3,90,120,0,0,mechanical_friction
3714,6,2026-01-29 06:00:00,Evening,6,0.5um,15.05,counts/m3,90,120,0,0,mechanical_friction
3715,6,2026-01-29 12:00:00,Night,1,0.5um,26.1,counts/m3,90,120,0,0,mechanical_friction
3716,6,2026-01-29 18:00:00,Night,4,0.5um,21.15,counts/m3,90,120,0,0,mechanical_friction
3717,6,2026-01-30 00:00:00,Day,6,0.5um,12.33,counts/m3,90,120,0,0,mechanical_friction
3718,6,2026-01-30 06:00:00,Evening,5,0.5um,14.24,counts/m3,90,120,0,0,mechanical_friction
3719,6,2026-01-30 12:00:00,Night,7,0.5um,15.21,counts/m3,90,120,0,0,mechanical_friction
3720,6,2026-01-30 18:00:00,Night,8,0.5um,21.21,counts/m3,90,120,0,0,mechanical_friction
3721,6,2026-01-31 00:00:00,Day,8,0.5um,20.17,counts/m3,90,120,0,0,mechanical_friction
3722,6,2026-01-31 06:00:00,Evening,6,0.5um,17.64,counts/m3,90,120,0,0,mechanical_friction
3723,6,2026-01-31 12:00:00,Night,6,0.5um,9.21,counts/m3,90,120,0,0,none
3724,6,2026-01-31 18:00:00,Night,7,0.5um,9.1,counts/m3,90,120,0,0,none
3725,6,2026-02-01 00:00:00,Day,2,0.5um,9.0,counts/m3,90,120,0,0,none
3726,6,2026-02-01 06:00:00,Evening,3,0.5um,12.64,counts/m3,90,120,0,0,none
3727,6,2026-02-01 12:00:00,Night,3,0.5um,15.2,counts/m3,90,120,0,0,none
3728,6,2026-02-01 18:00:00,Night,6,0.5um,11.78,counts/m3,90,120,0,0,none
3729,6,2026-02-02 00:00:00,Day,3,0.5um,15.42,counts/m3,90,120,0,0,none
3730,6,2026-02-02 06:00:00,Evening,2,0.5um,10.16,counts/m3,90,120,0,0,none
3731,6,2026-02-02 12:00:00,Night,7,0.5um,16.86,counts/m3,90,120,0,0,none
3732,6,2026-02-02 18:00:00,Night,6,0.5um,10.59,counts/m3,90,120,0,0,none
3733,6,2026-02-03 00:00:00,Day,5,0.5um,12.34,counts/m3,90,120,0,0,none
3734,6,2026-02-03 06:00:00,Evening,8,0.5um,8.12,counts/m3,90,120,0,0,none
3735,6,2026-02-03 12:00:00,Night,7,0.5um,11.92,counts/m3,90,120,0,0,none
3736,6,2026-02-03 18:00:00,Night,8,0.5um,13.74,counts/m3,90,120,0,0,none
3737,6,2026-02-04 00:00:00,Day,3,0.5um,9.57,counts/m3,90,120,0,0,none
3738,6,2026-02-04 06:00:00,Evening,1,0.5um,10.43,counts/m3,90,120,0,0,none
3739,6,2026-02-04 12:00:00,Night,3,0.5um,6.29,counts/m3,90,120,0,0,none
3740,6,2026-02-04 18:00:00,Night,7,0.5um,12.17,counts/m3,90,120,0,0,none
3741,6,2026-02-05 00:00:00,Day,8,0.5um,10.06,counts/m3,90,120,0,0,none
3742,6,2026-02-05 06:00:00,Evening,1,0.5um,5.96,counts/m3,90,120,0,0,none
3743,6,2026-02-05 12:00:00,Night,7,0.5um,9.87,counts/m3,90,120,0,0,none
3744,6,2026-02-05 18:00:00,Night,4,0.5um,8.79,counts/m3,90,120,0,0,none
3745,6,2026-02-06 00:00:00,Day,7,0.5um,12.72,counts/m3,90,120,0,0,none
3746,6,2026-02-06 06:00:00,Evening,6,0.5um,7.64,counts/m3,90,120,0,0,none
3747,6,2026-02-06 12:00:00,Night,1,0.5um,13.58,counts/m3,90,120,0,0,none
3748,6,2026-02-06 18:00:00,Night,4,0.5um,6.53,counts/m3,90,120,0,0,none
3749,6,2026-02-07 00:00:00,Day,1,0.5um,4.48,counts/m3,90,120,0,0,none
3750,6,2026-02-07 06:00:00,Evening,3,0.5um,8.44,counts/m3,90,120,0,0,none
3751,6,2026-02-07 12:00:00,Night,7,0.5um,5.4,counts/m3,90,120,0,0,none
3752,6,2026-02-07 18:00:00,Night,6,0.5um,12.32,counts/m3,90,120,0,0,none
3753,6,2026-02-08 00:00:00,Day,6,0.5um,14.07,counts/m3,90,120,0,0,none
3754,6,2026-02-08 06:00:00,Evening,6,0.5um,11.9,counts/m3,90,120,0,0,none
3755,6,2026-02-08 12:00:00,Night,1,0.5um,13.36,counts/m3,90,120,0,0,none
3756,6,2026-02-08 18:00:00,Night,5,0.5um,8.21,counts/m3,90,120,0,0,none
3757,6,2026-02-09 00:00:00,Day,4,0.5um,9.05,counts/m3,90,120,0,0,none
3758,6,2026-02-09 06:00:00,Evening,5,0.5um,9.52,counts/m3,90,120,0,0,none
3759,6,2026-02-09 12:00:00,Night,2,0.5um,10.37,counts/m3,90,120,0,0,none
3760,6,2026-02-09 18:00:00,Night,6,0.5um,12.13,counts/m3,90,120,0,0,none
3761,6,2026-02-10 00:00:00,Day,5,0.5um,4.9,counts/m3,90,120,0,0,none
3762,6,2026-02-10 06:00:00,Evening,4,0.5um,14.75,counts/m3,90,120,0,0,none
3763,6,2026-02-10 12:00:00,Night,1,0.5um,13.44,counts/m3,90,120,0,0,mechanical_friction
3764,6,2026-02-10 18:00:00,Night,1,0.5um,25.3,counts/m3,90,120,0,0,mechanical_friction
3765,6,2026-02-11 00:00:00,Day,3,0.5um,19.3,counts/m3,90,120,0,0,mechanical_friction
3766,6,2026-02-11 06:00:00,Evening,5,0.5um,11.5,counts/m3,90,120,0,0,mechanical_friction
3767,6,2026-02-11 12:00:00,Night,8,0.5um,17.5,counts/m3,90,120,0,0,mechanical_friction
3768,6,2026-02-11 18:00:00,Night,6,0.5um,18.41,counts/m3,90,120,0,0,mechanical_friction
3769,6,2026-02-12 00:00:00,Day,4,0.5um,14.9,counts/m3,90,120,0,0,mechanical_friction
3770,6,2026-02-12 06:00:00,Evening,3,0.5um,8.9,counts/m3,90,120,0,0,mechanical_friction
3771,6,2026-02-12 12:00:00,Night,2,0.5um,16.39,counts/m3,90,120,0,0,mechanical_friction
3772,6,2026-02-12 18:00:00,Night,2,0.5um,22.25,counts/m3,90,120,0,0,mechanical_friction
3773,6,2026-02-13 00:00:00,Day,1,0.5um,21.8,counts/m3,90,120,0,0,mechanical_friction
3774,6,2026-02-13 06:00:00,Evening,8,0.5um,16.44,counts/m3,90,120,0,0,mechanical_friction
3775,6,2026-02-13 12:00:00,Night,1,0.5um,15.37,counts/m3,90,120,0,0,mechanical_friction
3776,6,2026-02-13 18:00:00,Night,7,0.5um,14.0,counts/m3,90,120,0,0,mechanical_friction
3777,6,2026-02-14 00:00:00,Day,5,0.5um,13.4,counts/m3,90,120,0,0,mechanical_friction
3778,6,2026-02-14 06:00:00,Evening,5,0.5um,13.34,counts/m3,90,120,0,0,mechanical_friction
3779,6,2026-02-14 12:00:00,Night,8,0.5um,17.54,counts/m3,90,120,0,0,mechanical_friction
3780,6,2026-02-14 18:00:00,Night,7,0.5um,24.33,counts/m3,90,120,0,0,mechanical_friction
3781,6,2026-02-15 00:00:00,Day,2,0.5um,19.78,counts/m3,90,120,0,0,mechanical_friction
3782,6,2026-02-15 06:00:00,Evening,8,0.5um,20.42,counts/m3,90,120,0,0,mechanical_friction
3783,6,2026-02-15 12:00:00,Night,2,0.5um,22.32,counts/m3,90,120,0,0,mechanical_friction
3784,6,2026-02-15 18:00:00,Night,5,0.5um,15.95,counts/m3,90,120,0,0,mechanical_friction
3785,6,2026-02-16 00:00:00,Day,6,0.5um,17.36,counts/m3,90,120,0,0,mechanical_friction
3786,6,2026-02-16 06:00:00,Evening,2,0.5um,10.29,counts/m3,90,120,0,0,mechanical_friction
3787,6,2026-02-16 12:00:00,Night,6,0.5um,14.5,counts/m3,90,120,0,0,mechanical_friction
3788,6,2026-02-16 18:00:00,Night,6,0.5um,22.29,counts/m3,90,120,0,0,mechanical_friction
3789,6,2026-02-17 00:00:00,Day,8,0.5um,21.74,counts/m3,90,120,0,0,mechanical_friction
3790,6,2026-02-17 06:00:00,Evening,8,0.5um,16.38,counts/m3,90,120,0,0,mechanical_friction
3791,6,2026-02-17 12:00:00,Night,4,0.5um,12.32,counts/m3,90,120,0,0,mechanical_friction
3792,6,2026-02-17 18:00:00,Night,6,0.5um,20.95,counts/m3,90,120,0,0,mechanical_friction
3793,6,2026-02-18 00:00:00,Day,7,0.5um,12.37,counts/m3,90,120,0,0,mechanical_friction
3794,6,2026-02-18 06:00:00,Evening,1,0.5um,12.31,counts/m3,90,120,0,0,mechanical_friction
3795,6,2026-02-18 12:00:00,Night,6,0.5um,13.52,counts/m3,90,120,0,0,mechanical_friction
3796,6,2026-02-18 18:00:00,Night,8,0.5um,24.46,counts/m3,90,120,0,0,mechanical_friction
3797,6,2026-02-19 00:00:00,Day,1,0.5um,20.9,counts/m3,90,120,0,0,mechanical_friction
3798,6,2026-02-19 06:00:00,Evening,7,0.5um,19.53,counts/m3,90,120,0,0,mechanical_friction
3799,6,2026-02-19 12:00:00,Night,1,0.5um,13.45,counts/m3,90,120,0,0,mechanical_friction
3800,6,2026-02-19 18:00:00,Night,4,0.5um,12.08,counts/m3,90,120,0,0,mechanical_friction
3801,6,2026-02-20 00:00:00,Day,7,0.5um,10.49,counts/m3,90,120,0,0,mechanical_friction
3802,6,2026-02-20 06:00:00,Evening,8,0.5um,12.42,counts/m3,90,120,0,0,mechanical_friction
3803,6,2026-02-20 12:00:00,Night,6,0.5um,15.62,counts/m3,90,120,0,0,mechanical_friction
3804,6,2026-02-20 18:00:00,Night,6,0.5um,21.41,counts/m3,90,120,0,0,mechanical_friction
3805,6,2026-02-21 00:00:00,Day,3,0.5um,37.82,counts/m3,90,120,0,0,hvac_drift
3806,6,2026-02-21 06:00:00,Evening,7,0.5um,33.08,counts/m3,90,120,0,0,hvac_drift
3807,6,2026-02-21 12:00:00,Night,6,0.5um,31.78,counts/m3,90,120,0,0,hvac_drift
3808,6,2026-02-21 18:00:00,Night,8,0.5um,28.31,counts/m3,90,120,0,0,hvac_drift
3809,6,2026-02-22 00:00:00,Day,5,0.5um,23.76,counts/m3,90,120,0,0,hvac_drift
3810,6,2026-02-22 06:00:00,Evening,1,0.5um,22.84,counts/m3,90,120,0,0,hvac_drift
3811,6,2026-02-22 12:00:00,Night,5,0.5um,25.3,counts/m3,90,120,0,0,hvac_drift
3812,6,2026-02-22 18:00:00,Night,7,0.5um,32.47,counts/m3,90,120,0,0,hvac_drift
3813,6,2026-02-23 00:00:00,Day,7,0.5um,30.48,counts/m3,90,120,0,0,hvac_drift
3814,6,2026-02-23 06:00:00,Evening,4,0.5um,27.13,counts/m3,90,120,0,0,hvac_drift
3815,6,2026-02-23 12:00:00,Night,2,0.5um,26.78,counts/m3,90,120,0,0,hvac_drift
3816,6,2026-02-23 18:00:00,Night,7,0.5um,20.27,counts/m3,90,120,0,0,hvac_drift
3817,6,2026-02-24 00:00:00,Day,7,0.5um,23.6,counts/m3,90,120,0,0,hvac_drift
3818,6,2026-02-24 06:00:00,Evening,8,0.5um,17.41,counts/m3,90,120,0,0,hvac_drift
3819,6,2026-02-24 12:00:00,Night,6,0.5um,26.92,counts/m3,90,120,0,0,hvac_drift
3820,6,2026-02-24 18:00:00,Night,7,0.5um,24.68,counts/m3,90,120,0,0,hvac_drift
3821,6,2026-02-25 00:00:00,Day,4,0.5um,24.13,counts/m3,90,120,0,0,hvac_drift
3822,6,2026-02-25 06:00:00,Evening,7,0.5um,24.18,counts/m3,90,120,0,0,hvac_drift
3823,6,2026-02-25 12:00:00,Night,4,0.5um,20.97,counts/m3,90,120,0,0,hvac_drift
3824,6,2026-02-25 18:00:00,Night,7,0.5um,18.65,counts/m3,90,120,0,0,hvac_drift
3825,6,2026-02-26 00:00:00,Day,2,0.5um,14.57,counts/m3,90,120,0,0,hvac_drift
3826,6,2026-02-26 06:00:00,Evening,3,0.5um,11.51,counts/m3,90,120,0,0,hvac_drift
3827,6,2026-02-26 12:00:00,Night,2,0.5um,10.26,counts/m3,90,120,0,0,hvac_drift
3828,6,2026-02-26 18:00:00,Night,4,0.5um,21.24,counts/m3,90,120,0,0,hvac_drift
3829,6,2026-02-27 00:00:00,Day,7,0.5um,13.74,counts/m3,90,120,0,0,hvac_drift
3830,6,2026-02-27 06:00:00,Evening,1,0.5um,16.26,counts/m3,90,120,0,0,hvac_drift
3831,6,2026-02-27 12:00:00,Night,6,0.5um,16.29,counts/m3,90,120,0,0,hvac_drift
3832,6,2026-02-27 18:00:00,Night,7,0.5um,21.11,counts/m3,90,120,0,0,hvac_drift
3833,6,2026-02-28 00:00:00,Day,6,0.5um,17.62,counts/m3,90,120,0,0,hvac_drift
3834,6,2026-02-28 06:00:00,Evening,6,0.5um,15.76,counts/m3,90,120,0,0,hvac_drift
3835,6,2026-02-28 12:00:00,Night,2,0.5um,11.9,counts/m3,90,120,0,0,hvac_drift
3836,6,2026-02-28 18:00:00,Night,5,0.5um,19.05,counts/m3,90,120,0,0,hvac_drift
3837,6,2026-03-01 00:00:00,Day,2,0.5um,18.21,counts/m3,90,120,0,0,hvac_drift
3838,6,2026-03-01 06:00:00,Evening,2,0.5um,13.38,counts/m3,90,120,0,0,hvac_drift
3839,6,2026-03-01 12:00:00,Night,7,0.5um,15.56,counts/m3,90,120,0,0,hvac_drift
3840,6,2026-03-01 18:00:00,Night,5,0.5um,17.76,counts/m3,90,120,0,0,hvac_drift
3841,6,2026-03-02 00:00:00,Day,8,0.5um,15.97,counts/m3,90,120,0,0,hvac_drift
3842,6,2026-03-02 06:00:00,Evening,4,0.5um,16.16,counts/m3,90,120,0,0,hvac_drift
3843,6,2026-03-02 12:00:00,Night,3,0.5um,18.34,counts/m3,90,120,0,0,hvac_drift
3844,6,2026-03-02 18:00:00,Night,8,0.5um,15.54,counts/m3,90,120,0,0,hvac_drift
3845,6,2026-03-03 00:00:00,Day,5,0.5um,20.04,counts/m3,90,120,0,0,hvac_drift
3846,6,2026-03-03 06:00:00,Evening,7,0.5um,25.9,counts/m3,90,120,0,0,hvac_drift
3847,6,2026-03-03 12:00:00,Night,1,0.5um,24.81,counts/m3,90,120,0,0,hvac_drift
3848,6,2026-03-03 18:00:00,Night,5,0.5um,22.77,counts/m3,90,120,0,0,hvac_drift
3849,6,2026-03-04 00:00:00,Day,7,0.5um,21.75,counts/m3,90,120,0,0,hvac_drift
3850,6,2026-03-04 06:00:00,Evening,7,0.5um,17.74,counts/m3,90,120,0,0,hvac_drift
3851,6,2026-03-04 12:00:00,Night,6,0.5um,19.75,counts/m3,90,120,0,0,hvac_drift
3852,6,2026-03-04 18:00:00,Night,2,0.5um,24.72,counts/m3,90,120,0,0,hvac_drift
3853,6,2026-03-05 00:00:00,Day,5,0.5um,18.78,counts/m3,90,120,0,0,hvac_drift
3854,6,2026-03-05 06:00:00,Evening,1,0.5um,23.84,counts/m3,90,120,0,0,hvac_drift
3855,6,2026-03-05 12:00:00,Night,7,0.5um,24.92,counts/m3,90,120,0,0,hvac_drift
3856,6,2026-03-05 18:00:00,Night,6,0.5um,19.04,counts/m3,90,120,0,0,hvac_drift
3857,6,2026-03-06 00:00:00,Day,2,0.5um,18.17,counts/m3,90,120,0,0,hvac_drift
3858,6,2026-03-06 06:00:00,Evening,6,0.5um,24.28,counts/m3,90,120,0,0,hvac_drift
3859,6,2026-03-06 12:00:00,Night,6,0.5um,19.4,counts/m3,90,120,0,0,hvac_drift
3860,6,2026-03-06 18:00:00,Night,1,0.5um,16.55,counts/m3,90,120,0,0,hvac_drift
3861,6,2026-03-07 00:00:00,Day,1,0.5um,27.71,counts/m3,90,120,0,0,hvac_drift
3862,6,2026-03-07 06:00:00,Evening,2,0.5um,18.86,counts/m3,90,120,0,0,hvac_drift
3863,6,2026-03-07 12:00:00,Night,1,0.5um,19.99,counts/m3,90,120,0,0,hvac_drift
3864,6,2026-03-07 18:00:00,Night,5,0.5um,24.18,counts/m3,90,120,0,0,hvac_drift
3865,6,2026-03-08 00:00:00,Day,8,0.5um,10.61,counts/m3,90,120,0,0,none
3866,6,2026-03-08 06:00:00,Evening,1,0.5um,9.56,counts/m3,90,120,0,0,none
3867,6,2026-03-08 12:00:00,Night,5,0.5um,8.53,counts/m3,90,120,0,0,none
3868,6,2026-03-08 18:00:00,Night,4,0.5um,11.52,counts/m3,90,120,0,0,none
3869,6,2026-03-09 00:00:00,Day,7,0.5um,12.5,counts/m3,90,120,0,0,none
3870,6,2026-03-09 06:00:00,Evening,4,0.5um,8.46,counts/m3,90,120,0,0,none
3871,6,2026-03-09 12:00:00,Night,6,0.5um,8.43,counts/m3,90,120,0,0,none
3872,6,2026-03-09 18:00:00,Night,8,0.5um,8.43,counts/m3,90,120,0,0,none
3873,6,2026-03-10 00:00:00,Day,2,0.5um,7.42,counts/m3,90,120,0,0,none
3874,6,2026-03-10 06:00:00,Evening,3,0.5um,10.4,counts/m3,90,120,0,0,none
3875,6,2026-03-10 12:00:00,Night,3,0.5um,11.39,counts/m3,90,120,0,0,none
3876,6,2026-03-10 18:00:00,Night,2,0.5um,7.4,counts/m3,90,120,0,0,none
3877,6,2026-03-11 00:00:00,Day,6,0.5um,11.39,counts/m3,90,120,0,0,none
3878,6,2026-03-11 06:00:00,Evening,1,0.5um,8.37,counts/m3,90,120,0,0,none
3879,6,2026-03-11 12:00:00,Night,4,0.5um,9.35,counts/m3,90,120,0,0,none
3880,6,2026-03-11 18:00:00,Night,1,0.5um,8.37,counts/m3,90,120,0,0,none
3881,6,2026-03-12 00:00:00,Day,5,0.5um,10.37,counts/m3,90,120,0,0,none
3882,6,2026-03-12 06:00:00,Evening,7,0.5um,8.36,counts/m3,90,120,0,0,none
3883,6,2026-03-12 12:00:00,Night,4,0.5um,9.36,counts/m3,90,120,0,0,none
3884,6,2026-03-12 18:00:00,Night,4,0.5um,15.38,counts/m3,90,120,0,0,none
3885,6,2026-03-13 00:00:00,Day,4,0.5um,10.39,counts/m3,90,120,0,0,none
3886,6,2026-03-13 06:00:00,Evening,2,0.5um,6.37,counts/m3,90,120,0,0,none
3887,6,2026-03-13 12:00:00,Night,4,0.5um,9.36,counts/m3,90,120,0,0,none
3888,6,2026-03-13 18:00:00,Night,8,0.5um,11.38,counts/m3,90,120,0,0,none
3889,6,2026-03-14 00:00:00,Day,1,0.5um,5.39,counts/m3,90,120,0,0,none
3890,6,2026-03-14 06:00:00,Evening,7,0.5um,7.39,counts/m3,90,120,0,0,none
3891,6,2026-03-14 12:00:00,Night,2,0.5um,9.39,counts/m3,90,120,0,0,none
3892,6,2026-03-14 18:00:00,Night,1,0.5um,11.41,counts/m3,90,120,0,0,none
3893,6,2026-03-15 00:00:00,Day,3,0.5um,12.42,counts/m3,90,120,0,0,none
3894,6,2026-03-15 06:00:00,Evening,3,0.5um,5.41,counts/m3,90,120,0,0,none
3895,6,2026-03-15 12:00:00,Night,3,0.5um,4.4,counts/m3,90,120,0,0,none
3896,6,2026-03-15 18:00:00,Night,7,0.5um,6.42,counts/m3,90,120,0,0,none
3897,6,2026-03-16 00:00:00,Day,8,0.5um,6.24,counts/m3,90,120,0,0,none
3898,6,2026-03-16 06:00:00,Evening,6,0.5um,9.24,counts/m3,90,120,0,0,none
3899,6,2026-03-16 12:00:00,Night,2,0.5um,7.24,counts/m3,90,120,0,0,none
3900,6,2026-03-16 18:00:00,Night,8,0.5um,13.24,counts/m3,90,120,0,0,none
3901,6,2026-03-17 00:00:00,Day,7,0.5um,16.26,counts/m3,90,120,0,0,none
3902,6,2026-03-17 06:00:00,Evening,1,0.5um,10.26,counts/m3,90,120,0,0,none
3903,6,2026-03-17 12:00:00,Night,4,0.5um,13.25,counts/m3,90,120,0,0,none
3904,6,2026-03-17 18:00:00,Night,7,0.5um,9.26,counts/m3,90,120,0,0,none
3905,6,2026-03-18 00:00:00,Day,1,0.5um,8.25,counts/m3,90,120,0,0,none
3906,6,2026-03-18 06:00:00,Evening,1,0.5um,7.24,counts/m3,90,120,0,0,none
3907,6,2026-03-18 12:00:00,Night,5,0.5um,8.83,counts/m3,90,120,0,0,none
3908,6,2026-03-18 18:00:00,Night,3,0.5um,14.32,counts/m3,90,120,0,0,none
3909,6,2026-03-19 00:00:00,Day,4,0.5um,3.26,counts/m3,90,120,0,0,none
3910,6,2026-03-19 06:00:00,Evening,7,0.5um,13.95,counts/m3,90,120,0,0,none
3911,6,2026-03-19 12:00:00,Night,5,0.5um,9.87,counts/m3,90,120,0,0,none
3912,6,2026-03-19 18:00:00,Night,6,0.5um,10.79,counts/m3,90,120,0,0,none
3913,6,2026-03-20 00:00:00,Day,2,0.5um,10.49,counts/m3,90,120,0,0,none
3914,6,2026-03-20 06:00:00,Evening,1,0.5um,14.41,counts/m3,90,120,0,0,none
3915,6,2026-03-20 12:00:00,Night,3,0.5um,11.89,counts/m3,90,120,0,0,none
3916,6,2026-03-20 18:00:00,Night,2,0.5um,9.37,counts/m3,90,120,0,0,none
3917,6,2026-03-21 00:00:00,Day,3,0.5um,14.3,counts/m3,90,120,0,0,none
3918,6,2026-03-21 06:00:00,Evening,7,0.5um,16.04,counts/m3,90,120,0,0,none
3919,6,2026-03-21 12:00:00,Night,2,0.5um,11.97,counts/m3,90,120,0,0,none
3920,6,2026-03-21 18:00:00,Night,2,0.5um,12.89,counts/m3,90,120,0,0,none
3921,6,2026-03-22 00:00:00,Day,2,0.5um,7.58,counts/m3,90,120,0,0,none
3922,6,2026-03-22 06:00:00,Evening,3,0.5um,14.51,counts/m3,90,120,0,0,none
3923,6,2026-03-22 12:00:00,Night,2,0.5um,9.99,counts/m3,90,120,0,0,none
3924,6,2026-03-22 18:00:00,Night,2,0.5um,15.46,counts/m3,90,120,0,0,none
3925,6,2026-03-23 00:00:00,Day,5,0.5um,14.09,counts/m3,90,120,0,0,none
3926,6,2026-03-23 06:00:00,Evening,1,0.5um,17.78,counts/m3,90,120,0,0,none
3927,6,2026-03-23 12:00:00,Night,2,0.5um,7.69,counts/m3,90,120,0,0,none
3928,6,2026-03-23 18:00:00,Night,7,0.5um,5.61,counts/m3,90,120,0,0,none
3929,6,2026-03-24 00:00:00,Day,1,0.5um,14.31,counts/m3,90,120,0,0,none
3930,6,2026-03-24 06:00:00,Evening,1,0.5um,8.23,counts/m3,90,120,0,0,none
3931,6,2026-03-24 12:00:00,Night,1,0.5um,7.7,counts/m3,90,120,0,0,none
3932,6,2026-03-24 18:00:00,Night,5,0.5um,15.6,counts/m3,90,120,0,0,none
3933,6,2026-03-25 00:00:00,Day,6,0.5um,12.29,counts/m3,90,120,0,0,none
3934,6,2026-03-25 06:00:00,Evening,6,0.5um,16.78,counts/m3,90,120,0,0,none
3935,6,2026-03-25 12:00:00,Night,6,0.5um,17.63,counts/m3,90,120,0,0,none
3936,6,2026-03-25 18:00:00,Night,1,0.5um,16.44,counts/m3,90,120,0,0,none
3937,6,2026-03-26 00:00:00,Day,3,0.5um,11.97,counts/m3,90,120,0,0,none
3938,6,2026-03-26 06:00:00,Evening,6,0.5um,11.69,counts/m3,90,120,0,0,none
3939,6,2026-03-26 12:00:00,Night,6,0.5um,13.01,counts/m3,90,120,0,0,none
3940,6,2026-03-26 18:00:00,Night,3,0.5um,14.34,counts/m3,90,120,0,0,none
3941,6,2026-03-27 00:00:00,Day,7,0.5um,10.1,counts/m3,90,120,0,0,none
3942,6,2026-03-27 06:00:00,Evening,7,0.5um,10.69,counts/m3,90,120,0,0,none
3943,6,2026-03-27 12:00:00,Night,7,0.5um,10.62,counts/m3,90,120,0,0,none
3944,6,2026-03-27 18:00:00,Night,7,0.5um,7.56,counts/m3,90,120,0,0,none
3945,6,2026-03-28 00:00:00,Day,8,0.5um,6.18,counts/m3,90,120,0,0,none
3946,6,2026-03-28 06:00:00,Evening,7,0.5um,3.97,counts/m3,90,120,0,0,none
3947,6,2026-03-28 12:00:00,Night,5,0.5um,13.36,counts/m3,90,120,0,0,none
3948,6,2026-03-28 18:00:00,Night,4,0.5um,16.76,counts/m3,90,120,0,0,none
3949,6,2026-03-29 00:00:00,Day,3,0.5um,11.57,counts/m3,90,120,0,0,none
3950,6,2026-03-29 06:00:00,Evening,7,0.5um,12.21,counts/m3,90,120,0,0,none
3951,6,2026-03-29 12:00:00,Night,3,0.5um,7.19,counts/m3,90,120,0,0,none
3952,6,2026-03-29 18:00:00,Night,6,0.5um,14.18,counts/m3,90,120,0,0,none
3953,6,2026-03-30 00:00:00,Day,5,0.5um,4.83,counts/m3,90,120,0,0,none
3954,6,2026-03-30 06:00:00,Evening,4,0.5um,9.67,counts/m3,90,120,0,0,hvac_drift
3955,6,2026-03-30 12:00:00,Night,4,0.5um,6.3,counts/m3,90,120,0,0,hvac_drift
3956,6,2026-03-30 18:00:00,Night,1,0.5um,10.93,counts/m3,90,120,0,0,hvac_drift
3957,6,2026-03-31 00:00:00,Day,6,0.5um,14.87,counts/m3,90,120,0,0,hvac_drift
3958,6,2026-03-31 06:00:00,Evening,1,0.5um,10.75,counts/m3,90,120,0,0,hvac_drift
3959,6,2026-03-31 12:00:00,Night,1,0.5um,12.19,counts/m3,90,120,0,0,hvac_drift
3960,6,2026-03-31 18:00:00,Night,3,0.5um,12.63,counts/m3,90,120,0,0,hvac_drift
3961,6,2026-04-01 00:00:00,Day,5,0.5um,6.75,counts/m3,90,120,0,0,hvac_drift
3962,6,2026-04-01 06:00:00,Evening,3,0.5um,12.04,counts/m3,90,120,0,0,hvac_drift
3963,6,2026-04-01 12:00:00,Night,8,0.5um,11.91,counts/m3,90,120,0,0,hvac_drift
3964,6,2026-04-01 18:00:00,Night,8,0.5um,13.79,counts/m3,90,120,0,0,hvac_drift
3965,6,2026-04-02 00:00:00,Day,4,0.5um,16.06,counts/m3,90,120,0,0,hvac_drift
3966,6,2026-04-02 06:00:00,Evening,8,0.5um,15.18,counts/m3,90,120,0,0,hvac_drift
3967,6,2026-04-02 12:00:00,Night,1,0.5um,12.07,counts/m3,90,120,0,0,hvac_drift
3968,6,2026-04-02 18:00:00,Night,2,0.5um,11.62,counts/m3,90,120,0,0,hvac_drift
3969,6,2026-04-03 00:00:00,Day,3,0.5um,16.04,counts/m3,90,120,0,0,hvac_drift
3970,6,2026-04-03 06:00:00,Evening,8,0.5um,22.42,counts/m3,90,120,0,0,hvac_drift
3971,6,2026-04-03 12:00:00,Night,5,0.5um,17.84,counts/m3,90,120,0,0,hvac_drift
3972,6,2026-04-03 18:00:00,Night,6,0.5um,18.26,counts/m3,90,120,0,0,hvac_drift
3973,6,2026-04-04 00:00:00,Day,6,0.5um,20.64,counts/m3,90,120,0,0,hvac_drift
3974,6,2026-04-04 06:00:00,Evening,4,0.5um,12.06,counts/m3,90,120,0,0,hvac_drift
3975,6,2026-04-04 12:00:00,Night,8,0.5um,14.61,counts/m3,90,120,0,0,hvac_drift
3976,6,2026-04-04 18:00:00,Night,8,0.5um,23.16,counts/m3,90,120,0,0,hvac_drift
3977,6,2026-04-05 00:00:00,Day,4,0.5um,15.59,counts/m3,90,120,0,0,hvac_drift
3978,6,2026-04-05 06:00:00,Evening,6,0.5um,24.97,counts/m3,90,120,0,0,hvac_drift
3979,6,2026-04-05 12:00:00,Night,5,0.5um,25.35,counts/m3,90,120,0,0,hvac_drift
3980,6,2026-04-05 18:00:00,Night,5,0.5um,18.77,counts/m3,90,120,0,0,hvac_drift
3981,6,2026-04-06 00:00:00,Day,1,0.5um,22.15,counts/m3,90,120,0,0,hvac_drift
3982,6,2026-04-06 06:00:00,Evening,2,0.5um,25.57,counts/m3,90,120,0,0,hvac_drift
3983,6,2026-04-06 12:00:00,Night,8,0.5um,20.12,counts/m3,90,120,0,0,hvac_drift
3984,6,2026-04-06 18:00:00,Night,2,0.5um,20.67,counts/m3,90,120,0,0,hvac_drift
3985,6,2026-04-07 00:00:00,Day,6,0.5um,19.1,counts/m3,90,120,0,0,hvac_drift
3986,6,2026-04-07 06:00:00,Evening,8,0.5um,27.13,counts/m3,90,120,0,0,hvac_drift
3987,6,2026-04-07 12:00:00,Night,5,0.5um,25.07,counts/m3,90,120,0,0,hvac_drift
3988,6,2026-04-07 18:00:00,Night,2,0.5um,23.41,counts/m3,90,120,0,0,hvac_drift
3989,6,2026-04-08 00:00:00,Day,7,0.5um,24.44,counts/m3,90,120,0,0,hvac_drift
3990,6,2026-04-08 06:00:00,Evening,1,0.5um,23.78,counts/m3,90,120,0,0,hvac_drift
3991,6,2026-04-08 12:00:00,Night,6,0.5um,26.24,counts/m3,90,120,0,0,hvac_drift
3992,6,2026-04-08 18:00:00,Night,3,0.5um,31.44,counts/m3,90,120,0,0,hvac_drift
3993,6,2026-04-09 00:00:00,Day,6,0.5um,26.83,counts/m3,90,120,0,0,hvac_drift
3994,6,2026-04-09 06:00:00,Evening,4,0.5um,23.73,counts/m3,90,120,0,0,hvac_drift
3995,6,2026-04-09 12:00:00,Night,5,0.5um,27.56,counts/m3,90,120,0,0,hvac_drift
3996,6,2026-04-09 18:00:00,Night,4,0.5um,34.9,counts/m3,90,120,0,0,hvac_drift
3997,6,2026-04-10 00:00:00,Day,5,0.5um,25.0,counts/m3,90,120,0,0,hvac_drift
3998,6,2026-04-10 06:00:00,Evening,8,0.5um,24.35,counts/m3,90,120,0,0,hvac_drift
3999,6,2026-04-10 12:00:00,Night,7,0.5um,24.71,counts/m3,90,120,0,0,hvac_drift
4000,6,2026-04-10 18:00:00,Night,4,0.5um,30.83,counts/m3,90,120,0,0,hvac_drift
4001,6,2026-04-11 00:00:00,Day,8,0.5um,31.19,counts/m3,90,120,0,0,hvac_drift
4002,6,2026-04-11 06:00:00,Evening,8,0.5um,26.93,counts/m3,90,120,0,0,hvac_drift
4003,6,2026-04-11 12:00:00,Night,6,0.5um,33.53,counts/m3,90,120,0,0,hvac_drift
4004,6,2026-04-11 18:00:00,Night,5,0.5um,30.77,counts/m3,90,120,0,0,hvac_drift
4005,6,2026-04-12 00:00:00,Day,1,0.5um,26.45,counts/m3,90,120,0,0,hvac_drift
4006,6,2026-04-12 06:00:00,Evening,5,0.5um,34.7,counts/m3,90,120,0,0,hvac_drift
4007,6,2026-04-12 12:00:00,Night,2,0.5um,35.03,counts/m3,90,120,0,0,hvac_drift
4008,6,2026-04-12 18:00:00,Night,2,0.5um,28.72,counts/m3,90,120,0,0,hvac_drift
4009,6,2026-04-13 00:00:00,Day,7,0.5um,31.97,counts/m3,90,120,0,0,hvac_drift
4010,6,2026-04-13 06:00:00,Evening,3,0.5um,32.52,counts/m3,90,120,0,0,hvac_drift
4011,6,2026-04-13 12:00:00,Night,5,0.5um,37.11,counts/m3,90,120,0,0,hvac_drift
4012,6,2026-04-13 18:00:00,Night,7,0.5um,36.94,counts/m3,90,120,0,0,hvac_drift
4013,6,2026-04-14 00:00:00,Day,5,0.5um,37.47,counts/m3,90,120,0,0,hvac_drift
4014,6,2026-04-14 06:00:00,Evening,7,0.5um,24.93,counts/m3,90,120,0,0,hvac_drift
4015,6,2026-04-14 12:00:00,Night,7,0.5um,21.85,counts/m3,90,120,0,0,hvac_drift
4016,6,2026-04-14 18:00:00,Night,4,0.5um,31.22,counts/m3,90,120,0,0,hvac_drift
4017,6,2026-04-15 00:00:00,Day,8,0.5um,32.58,counts/m3,90,120,0,0,mechanical_friction
4018,6,2026-04-15 06:00:00,Evening,8,0.5um,21.44,counts/m3,90,120,0,0,mechanical_friction
4019,6,2026-04-15 12:00:00,Night,3,0.5um,22.76,counts/m3,90,120,0,0,mechanical_friction
4020,6,2026-04-15 18:00:00,Night,7,0.5um,21.62,counts/m3,90,120,0,0,mechanical_friction
4021,6,2026-04-16 00:00:00,Day,2,0.5um,16.04,counts/m3,90,120,0,0,mechanical_friction
4022,6,2026-04-16 06:00:00,Evening,1,0.5um,17.03,counts/m3,90,120,0,0,mechanical_friction
4023,6,2026-04-16 12:00:00,Night,5,0.5um,19.92,counts/m3,90,120,0,0,mechanical_friction
4024,6,2026-04-16 18:00:00,Night,5,0.5um,8.57,counts/m3,90,120,0,0,mechanical_friction
4025,6,2026-04-17 00:00:00,Day,5,0.5um,17.37,counts/m3,90,120,0,0,mechanical_friction
4026,6,2026-04-17 06:00:00,Evening,7,0.5um,20.82,counts/m3,90,120,0,0,mechanical_friction
4027,6,2026-04-17 12:00:00,Night,4,0.5um,24.1,counts/m3,90,120,0,0,mechanical_friction
4028,6,2026-04-17 18:00:00,Night,7,0.5um,19.75,counts/m3,90,120,0,0,mechanical_friction
4029,6,2026-04-18 00:00:00,Day,8,0.5um,17.07,counts/m3,90,120,0,0,mechanical_friction
4030,6,2026-04-18 06:00:00,Evening,1,0.5um,15.58,counts/m3,90,120,0,0,mechanical_friction
4031,6,2026-04-18 12:00:00,Night,4,0.5um,13.35,counts/m3,90,120,0,0,mechanical_friction
4032,6,2026-04-18 18:00:00,Night,2,0.5um,12.92,counts/m3,90,120,0,0,mechanical_friction
4033,6,2026-04-19 00:00:00,Day,6,0.5um,14.54,counts/m3,90,120,0,0,mechanical_friction
4034,6,2026-04-19 06:00:00,Evening,4,0.5um,19.88,counts/m3,90,120,0,0,mechanical_friction
4035,6,2026-04-19 12:00:00,Night,3,0.5um,19.25,counts/m3,90,120,0,0,mechanical_friction
4036,6,2026-04-19 18:00:00,Night,3,0.5um,21.15,counts/m3,90,120,0,0,mechanical_friction
4037,6,2026-04-20 00:00:00,Day,3,0.5um,16.72,counts/m3,90,120,0,0,mechanical_friction
4038,6,2026-04-20 06:00:00,Evening,1,0.5um,18.49,counts/m3,90,120,0,0,mechanical_friction
4039,6,2026-04-20 12:00:00,Night,1,0.5um,14.5,counts/m3,90,120,0,0,mechanical_friction
4040,6,2026-04-20 18:00:00,Night,6,0.5um,13.08,counts/m3,90,120,0,0,mechanical_friction
4041,6,2026-04-21 00:00:00,Day,8,0.5um,18.97,counts/m3,90,120,0,0,mechanical_friction
4042,6,2026-04-21 06:00:00,Evening,5,0.5um,26.73,counts/m3,90,120,0,0,mechanical_friction
4043,6,2026-04-21 12:00:00,Night,8,0.5um,23.83,counts/m3,90,120,0,0,mechanical_friction
4044,6,2026-04-21 18:00:00,Night,2,0.5um,21.48,counts/m3,90,120,0,0,mechanical_friction
4045,6,2026-04-22 00:00:00,Day,8,0.5um,16.82,counts/m3,90,120,0,0,mechanical_friction
4046,6,2026-04-22 06:00:00,Evening,5,0.5um,22.73,counts/m3,90,120,0,0,mechanical_friction
4047,6,2026-04-22 12:00:00,Night,6,0.5um,17.65,counts/m3,90,120,0,0,mechanical_friction
4048,6,2026-04-22 18:00:00,Night,1,0.5um,13.41,counts/m3,90,120,0,0,mechanical_friction
4049,6,2026-04-23 00:00:00,Day,5,0.5um,21.23,counts/m3,90,120,0,0,mechanical_friction
4050,6,2026-04-23 06:00:00,Evening,4,0.5um,25.17,counts/m3,90,120,0,0,mechanical_friction
4051,6,2026-04-23 12:00:00,Night,8,0.5um,23.92,counts/m3,90,120,0,0,mechanical_friction
4052,6,2026-04-23 18:00:00,Night,7,0.5um,20.82,counts/m3,90,120,0,0,mechanical_friction
4053,6,2026-04-24 00:00:00,Day,7,0.5um,20.65,counts/m3,90,120,0,0,mechanical_friction
4054,6,2026-04-24 06:00:00,Evening,8,0.5um,22.42,counts/m3,90,120,0,0,mechanical_friction
4055,6,2026-04-24 12:00:00,Night,6,0.5um,12.46,counts/m3,90,120,0,0,mechanical_friction
4056,6,2026-04-24 18:00:00,Night,2,0.5um,21.32,counts/m3,90,120,0,0,mechanical_friction
4057,6,2026-04-25 00:00:00,Day,3,0.5um,21.24,counts/m3,90,120,0,0,mechanical_friction
4058,6,2026-04-25 06:00:00,Evening,7,0.5um,25.28,counts/m3,90,120,0,0,mechanical_friction
4059,6,2026-04-25 12:00:00,Night,5,0.5um,29.11,counts/m3,90,120,0,0,mechanical_friction
4060,6,2026-04-25 18:00:00,Night,8,0.5um,27.08,counts/m3,90,120,0,0,mechanical_friction
4061,6,2026-04-26 00:00:00,Day,7,0.5um,19.97,counts/m3,90,120,0,0,mechanical_friction
4062,6,2026-04-26 06:00:00,Evening,5,0.5um,20.02,counts/m3,90,120,0,0,mechanical_friction
4063,6,2026-04-26 12:00:00,Night,2,0.5um,26.22,counts/m3,90,120,0,0,mechanical_friction
4064,6,2026-04-26 18:00:00,Night,8,0.5um,20.54,counts/m3,90,120,0,0,mechanical_friction
4065,6,2026-04-27 00:00:00,Day,2,0.5um,21.62,counts/m3,90,120,0,0,mechanical_friction
4066,6,2026-04-27 06:00:00,Evening,2,0.5um,22.06,counts/m3,90,120,0,0,mechanical_friction
4067,6,2026-04-27 12:00:00,Night,2,0.5um,27.29,counts/m3,90,120,0,0,mechanical_friction
4068,6,2026-04-27 18:00:00,Night,1,0.5um,24.4,counts/m3,90,120,0,0,mechanical_friction
4069,6,2026-04-28 00:00:00,Day,4,0.5um,23.74,counts/m3,90,120,0,0,mechanical_friction
4070,6,2026-04-28 06:00:00,Evening,7,0.5um,24.71,counts/m3,90,120,0,0,mechanical_friction
4071,6,2026-04-28 12:00:00,Night,7,0.5um,20.94,counts/m3,90,120,0,0,mechanical_friction
4072,6,2026-04-28 18:00:00,Night,4,0.5um,22.28,counts/m3,90,120,0,0,mechanical_friction
4073,6,2026-04-29 00:00:00,Day,3,0.5um,24.37,counts/m3,90,120,0,0,mechanical_friction
4074,6,2026-04-29 06:00:00,Evening,3,0.5um,33.83,counts/m3,90,120,0,0,mechanical_friction
4075,6,2026-04-29 12:00:00,Night,8,0.5um,30.09,counts/m3,90,120,0,0,mechanical_friction
4076,6,2026-04-29 18:00:00,Night,1,0.5um,23.22,counts/m3,90,120,0,0,mechanical_friction
4077,6,2026-04-30 00:00:00,Day,1,0.5um,18.14,counts/m3,90,120,0,0,hvac_drift
4078,6,2026-04-30 06:00:00,Evening,1,0.5um,18.87,counts/m3,90,120,0,0,hvac_drift
4079,6,2026-04-30 12:00:00,Night,8,0.5um,17.07,counts/m3,90,120,0,0,hvac_drift
4080,6,2026-04-30 18:00:00,Night,1,0.5um,19.25,counts/m3,90,120,0,0,hvac_drift
4081,6,2026-05-01 00:00:00,Day,8,0.5um,19.97,counts/m3,90,120,0,0,hvac_drift
4082,6,2026-05-01 06:00:00,Evening,2,0.5um,20.02,counts/m3,90,120,0,0,hvac_drift
4083,6,2026-05-01 12:00:00,Night,5,0.5um,22.01,counts/m3,90,120,0,0,hvac_drift
4084,6,2026-05-01 18:00:00,Night,8,0.5um,22.0,counts/m3,90,120,0,0,hvac_drift
4085,6,2026-05-02 00:00:00,Day,1,0.5um,18.05,counts/m3,90,120,0,0,hvac_drift
4086,6,2026-05-02 06:00:00,Evening,3,0.5um,22.78,counts/m3,90,120,0,0,hvac_drift
4087,6,2026-05-02 12:00:00,Night,6,0.5um,28.01,counts/m3,90,120,0,0,hvac_drift
4088,6,2026-05-02 18:00:00,Night,7,0.5um,18.32,counts/m3,90,120,0,0,hvac_drift
4089,6,2026-05-03 00:00:00,Day,8,0.5um,20.55,counts/m3,90,120,0,0,hvac_drift
4090,6,2026-05-03 06:00:00,Evening,1,0.5um,24.54,counts/m3,90,120,0,0,hvac_drift
4091,6,2026-05-03 12:00:00,Night,7,0.5um,24.77,counts/m3,90,120,0,0,hvac_drift
4092,6,2026-05-03 18:00:00,Night,3,0.5um,24.99,counts/m3,90,120,0,0,hvac_drift
4093,6,2026-05-04 00:00:00,Day,5,0.5um,30.44,counts/m3,90,120,0,0,hvac_drift
4094,6,2026-05-04 06:00:00,Evening,8,0.5um,10.28,counts/m3,90,120,0,0,none
4095,6,2026-05-04 12:00:00,Night,8,0.5um,7.33,counts/m3,90,120,0,0,none
4096,6,2026-05-04 18:00:00,Night,2,0.5um,8.38,counts/m3,90,120,0,0,none
4097,6,2026-05-05 00:00:00,Day,4,0.5um,6.35,counts/m3,90,120,0,0,none
4098,6,2026-05-05 06:00:00,Evening,3,0.5um,6.28,counts/m3,90,120,0,0,none
4099,6,2026-05-05 12:00:00,Night,5,0.5um,7.25,counts/m3,90,120,0,0,none
4100,6,2026-05-05 18:00:00,Night,7,0.5um,9.22,counts/m3,90,120,0,0,none
4101,6,2026-05-06 00:00:00,Day,3,0.5um,9.16,counts/m3,90,120,0,0,none
4102,6,2026-05-06 06:00:00,Evening,1,0.5um,9.13,counts/m3,90,120,0,0,none
4103,6,2026-05-06 12:00:00,Night,1,0.5um,12.19,counts/m3,90,120,0,0,none
4104,6,2026-05-06 18:00:00,Night,1,0.5um,10.26,counts/m3,90,120,0,0,none
4105,6,2026-05-07 00:00:00,Day,3,0.5um,9.24,counts/m3,90,120,0,0,none
4106,6,2026-05-07 06:00:00,Evening,8,0.5um,13.18,counts/m3,90,120,0,0,none
4107,6,2026-05-07 12:00:00,Night,3,0.5um,11.27,counts/m3,90,120,0,0,none
4108,6,2026-05-07 18:00:00,Night,4,0.5um,8.24,counts/m3,90,120,0,0,none
4109,6,2026-05-08 00:00:00,Day,6,0.5um,9.18,counts/m3,90,120,0,0,none
4110,6,2026-05-08 06:00:00,Evening,6,0.5um,7.16,counts/m3,90,120,0,0,none
4111,6,2026-05-08 12:00:00,Night,3,0.5um,9.22,counts/m3,90,120,0,0,none
4112,6,2026-05-08 18:00:00,Night,2,0.5um,4.29,counts/m3,90,120,0,0,none
4113,6,2026-05-09 00:00:00,Day,2,0.5um,11.27,counts/m3,90,120,0,0,none
4114,6,2026-05-09 06:00:00,Evening,2,0.5um,6.22,counts/m3,90,120,0,0,none
4115,6,2026-05-09 12:00:00,Night,1,0.5um,6.2,counts/m3,90,120,0,0,none
4116,6,2026-05-09 18:00:00,Night,4,0.5um,10.18,counts/m3,90,120,0,0,none
4117,6,2026-05-10 00:00:00,Day,6,0.5um,10.13,counts/m3,90,120,0,0,none
4118,6,2026-05-10 06:00:00,Evening,6,0.5um,11.11,counts/m3,90,120,0,0,none
4119,6,2026-05-10 12:00:00,Night,8,0.5um,7.19,counts/m3,90,120,0,0,none
4120,6,2026-05-10 18:00:00,Night,3,0.5um,11.26,counts/m3,90,120,0,0,none
4121,6,2026-05-11 00:00:00,Day,6,0.5um,7.24,counts/m3,90,120,0,0,none
4122,6,2026-05-11 06:00:00,Evening,8,0.5um,7.19,counts/m3,90,120,0,0,none
4123,6,2026-05-11 12:00:00,Night,1,0.5um,17.18,counts/m3,90,120,0,0,none
4124,6,2026-05-11 18:00:00,Night,7,0.5um,8.17,counts/m3,90,120,0,0,none
4125,6,2026-05-12 00:00:00,Day,1,0.5um,17.12,counts/m3,90,120,0,0,none
4126,6,2026-05-12 06:00:00,Evening,5,0.5um,7.1,counts/m3,90,120,0,0,none
4127,6,2026-05-12 12:00:00,Night,7,0.5um,6.29,counts/m3,90,120,0,0,none
4128,6,2026-05-12 18:00:00,Night,4,0.5um,8.35,counts/m3,90,120,0,0,none
4129,6,2026-05-13 00:00:00,Day,5,0.5um,4.33,counts/m3,90,120,0,0,none
4130,6,2026-05-13 06:00:00,Evening,5,0.5um,6.27,counts/m3,90,120,0,0,none
4131,6,2026-05-13 12:00:00,Night,5,0.5um,13.25,counts/m3,90,120,0,0,none
4132,6,2026-05-13 18:00:00,Night,6,0.5um,10.26,counts/m3,90,120,0,0,none
4133,6,2026-05-14 00:00:00,Day,7,0.5um,7.23,counts/m3,90,120,0,0,none
4134,6,2026-05-14 06:00:00,Evening,2,0.5um,10.25,counts/m3,90,120,0,0,none
4135,6,2026-05-14 12:00:00,Night,4,0.5um,7.36,counts/m3,90,120,0,0,none
4136,6,2026-05-14 18:00:00,Night,7,0.5um,10.46,counts/m3,90,120,0,0,none
4137,6,2026-05-15 00:00:00,Day,4,0.5um,5.46,counts/m3,90,120,0,0,none
4138,6,2026-05-15 06:00:00,Evening,4,0.5um,10.44,counts/m3,90,120,0,0,none
4139,6,2026-05-15 12:00:00,Night,6,0.5um,6.35,counts/m3,90,120,0,0,none
4140,6,2026-05-15 18:00:00,Night,8,0.5um,9.37,counts/m3,90,120,0,0,none
4141,6,2026-05-16 00:00:00,Day,3,0.5um,9.4,counts/m3,90,120,0,0,none
4142,6,2026-05-16 06:00:00,Evening,8,0.5um,4.43,counts/m3,90,120,0,0,none
4143,6,2026-05-16 12:00:00,Night,6,0.5um,3.46,counts/m3,90,120,0,0,none
4144,6,2026-05-16 18:00:00,Night,1,0.5um,14.49,counts/m3,90,120,0,0,none
4145,6,2026-05-17 00:00:00,Day,7,0.5um,9.51,counts/m3,90,120,0,0,none
4146,6,2026-05-17 06:00:00,Evening,4,0.5um,8.54,counts/m3,90,120,0,0,none
4147,6,2026-05-17 12:00:00,Night,3,0.5um,7.56,counts/m3,90,120,0,0,none
4148,6,2026-05-17 18:00:00,Night,5,0.5um,7.59,counts/m3,90,120,0,0,none
4149,6,2026-05-18 00:00:00,Day,5,0.5um,11.61,counts/m3,90,120,0,0,none
4150,6,2026-05-18 06:00:00,Evening,5,0.5um,11.65,counts/m3,90,120,0,0,none
4151,6,2026-05-18 12:00:00,Night,1,0.5um,7.68,counts/m3,90,120,0,0,none
4152,6,2026-05-18 18:00:00,Night,7,0.5um,10.71,counts/m3,90,120,0,0,none
4153,6,2026-05-19 00:00:00,Day,3,0.5um,15.73,counts/m3,90,120,0,0,none
4154,6,2026-05-19 06:00:00,Evening,2,0.5um,7.76,counts/m3,90,120,0,0,none
4155,6,2026-05-19 12:00:00,Night,5,0.5um,11.79,counts/m3,90,120,0,0,none
4156,6,2026-05-19 18:00:00,Night,5,0.5um,3.81,counts/m3,90,120,0,0,none
4157,6,2026-05-20 00:00:00,Day,1,0.5um,10.84,counts/m3,90,120,0,0,none
4158,6,2026-05-20 06:00:00,Evening,8,0.5um,8.87,counts/m3,90,120,0,0,none
4159,6,2026-05-20 12:00:00,Night,5,0.5um,11.91,counts/m3,90,120,0,0,none
4160,6,2026-05-20 18:00:00,Night,8,0.5um,8.94,counts/m3,90,120,0,0,none
4161,6,2026-05-21 00:00:00,Day,6,0.5um,13.96,counts/m3,90,120,0,0,none
4162,6,2026-05-21 06:00:00,Evening,1,0.5um,12.99,counts/m3,90,120,0,0,none
4163,6,2026-05-21 12:00:00,Night,2,0.5um,12.02,counts/m3,90,120,0,0,none
4164,6,2026-05-21 18:00:00,Night,8,0.5um,4.88,counts/m3,90,120,0,0,none
4165,6,2026-05-22 00:00:00,Day,5,0.5um,18.35,counts/m3,90,120,0,0,mechanical_friction
4166,6,2026-05-22 06:00:00,Evening,1,0.5um,17.75,counts/m3,90,120,0,0,mechanical_friction
4167,6,2026-05-22 12:00:00,Night,1,0.5um,20.04,counts/m3,90,120,0,0,mechanical_friction
4168,6,2026-05-22 18:00:00,Night,5,0.5um,21.2,counts/m3,90,120,0,0,mechanical_friction
4169,6,2026-05-23 00:00:00,Day,5,0.5um,18.47,counts/m3,90,120,0,0,mechanical_friction
4170,6,2026-05-23 06:00:00,Evening,2,0.5um,15.75,counts/m3,90,120,0,0,mechanical_friction
4171,6,2026-05-23 12:00:00,Night,2,0.5um,10.9,counts/m3,90,120,0,0,mechanical_friction
4172,6,2026-05-23 18:00:00,Night,5,0.5um,13.18,counts/m3,90,120,0,0,mechanical_friction
4173,6,2026-05-24 00:00:00,Day,4,0.5um,11.58,counts/m3,90,120,0,0,mechanical_friction
4174,6,2026-05-24 06:00:00,Evening,1,0.5um,19.99,counts/m3,90,120,0,0,mechanical_friction
4175,6,2026-05-24 12:00:00,Night,1,0.5um,22.28,counts/m3,90,120,0,0,mechanical_friction
4176,6,2026-05-24 18:00:00,Night,2,0.5um,13.43,counts/m3,90,120,0,0,mechanical_friction
4177,6,2026-05-25 00:00:00,Day,5,0.5um,15.71,counts/m3,90,120,0,0,mechanical_friction
4178,6,2026-05-25 06:00:00,Evening,3,0.5um,13.04,counts/m3,90,120,0,0,mechanical_friction
4179,6,2026-05-25 12:00:00,Night,1,0.5um,10.19,counts/m3,90,120,0,0,mechanical_friction
4180,6,2026-05-25 18:00:00,Night,8,0.5um,14.46,counts/m3,90,120,0,0,mechanical_friction
4181,6,2026-05-26 00:00:00,Day,6,0.5um,12.86,counts/m3,90,120,0,0,mechanical_friction
4182,6,2026-05-26 06:00:00,Evening,5,0.5um,17.26,counts/m3,90,120,0,0,mechanical_friction
4183,6,2026-05-26 12:00:00,Night,2,0.5um,21.55,counts/m3,90,120,0,0,mechanical_friction
4184,6,2026-05-26 18:00:00,Night,6,0.5um,12.7,counts/m3,90,120,0,0,mechanical_friction
4185,6,2026-05-27 00:00:00,Day,8,0.5um,10.97,counts/m3,90,120,0,0,mechanical_friction
4186,6,2026-05-27 06:00:00,Evening,6,0.5um,17.25,counts/m3,90,120,0,0,mechanical_friction
4187,6,2026-05-27 12:00:00,Night,3,0.5um,14.4,counts/m3,90,120,0,0,mechanical_friction
4188,6,2026-05-27 18:00:00,Night,4,0.5um,11.68,counts/m3,90,120,0,0,mechanical_friction
4189,6,2026-05-28 00:00:00,Day,8,0.5um,19.08,counts/m3,90,120,0,0,mechanical_friction
4190,6,2026-05-28 06:00:00,Evening,1,0.5um,23.48,counts/m3,90,120,0,0,mechanical_friction
4191,6,2026-05-28 12:00:00,Night,2,0.5um,15.19,counts/m3,90,120,0,0,mechanical_friction
4192,6,2026-05-28 18:00:00,Night,1,0.5um,16.31,counts/m3,90,120,0,0,mechanical_friction
4193,6,2026-05-29 00:00:00,Day,6,0.5um,12.56,counts/m3,90,120,0,0,mechanical_friction
4194,6,2026-05-29 06:00:00,Evening,4,0.5um,14.81,counts/m3,90,120,0,0,mechanical_friction
4195,6,2026-05-29 12:00:00,Night,2,0.5um,14.94,counts/m3,90,120,0,0,mechanical_friction
4196,6,2026-05-29 18:00:00,Night,8,0.5um,14.19,counts/m3,90,120,0,0,mechanical_friction
4197,6,2026-05-30 00:00:00,Day,5,0.5um,13.56,counts/m3,90,120,0,0,mechanical_friction
4198,6,2026-05-30 06:00:00,Evening,2,0.5um,21.94,counts/m3,90,120,0,0,mechanical_friction
4199,6,2026-05-30 12:00:00,Night,8,0.5um,15.24,counts/m3,90,120,0,0,mechanical_friction
4200,6,2026-05-30 18:00:00,Night,6,0.5um,18.41,counts/m3,90,120,0,0,mechanical_friction
4201,6,2026-05-31 00:00:00,Day,2,0.5um,19.66,counts/m3,90,120,0,0,mechanical_friction
4202,6,2026-05-31 06:00:00,Evening,7,0.5um,30.09,counts/m3,90,120,0,0,mechanical_friction
4203,6,2026-05-31 12:00:00,Night,1,0.5um,28.67,counts/m3,90,120,0,0,mechanical_friction
4204,6,2026-05-31 18:00:00,Night,8,0.5um,21.53,counts/m3,90,120,0,0,mechanical_friction
4205,6,2026-06-01 00:00:00,Day,4,0.5um,26.64,counts/m3,90,120,0,0,mechanical_friction
4206,6,2026-06-01 06:00:00,Evening,3,0.5um,29.89,counts/m3,90,120,0,0,mechanical_friction
4207,6,2026-06-01 12:00:00,Night,1,0.5um,28.17,counts/m3,90,120,0,0,mechanical_friction
4208,6,2026-06-01 18:00:00,Night,8,0.5um,22.43,counts/m3,90,120,0,0,mechanical_friction
4209,6,2026-06-02 00:00:00,Day,5,0.5um,20.85,counts/m3,90,120,0,0,mechanical_friction
4210,6,2026-06-02 06:00:00,Evening,5,0.5um,21.33,counts/m3,90,120,0,0,mechanical_friction
4211,6,2026-06-02 12:00:00,Night,7,0.5um,20.79,counts/m3,90,120,0,0,mechanical_friction
4212,6,2026-06-02 18:00:00,Night,5,0.5um,9.43,counts/m3,90,120,0,0,hvac_drift
4213,6,2026-06-03 00:00:00,Day,3,0.5um,22.46,counts/m3,90,120,0,0,hvac_drift
4214,6,2026-06-03 06:00:00,Evening,7,0.5um,30.56,counts/m3,90,120,0,0,hvac_drift
4215,6,2026-06-03 12:00:00,Night,5,0.5um,26.47,counts/m3,90,120,0,0,hvac_drift
4216,6,2026-06-03 18:00:00,Night,2,0.5um,22.29,counts/m3,90,120,0,0,hvac_drift
4217,6,2026-06-04 00:00:00,Day,7,0.5um,23.25,counts/m3,90,120,0,0,hvac_drift
4218,6,2026-06-04 06:00:00,Evening,7,0.5um,17.23,counts/m3,90,120,0,0,hvac_drift
4219,6,2026-06-04 12:00:00,Night,2,0.5um,17.16,counts/m3,90,120,0,0,hvac_drift
4220,6,2026-06-04 18:00:00,Night,6,0.5um,17.46,counts/m3,90,120,0,0,hvac_drift
4221,6,2026-06-05 00:00:00,Day,8,0.5um,16.9,counts/m3,90,120,0,0,hvac_drift
4222,6,2026-06-05 06:00:00,Evening,7,0.5um,22.22,counts/m3,90,120,0,0,hvac_drift
4223,6,2026-06-05 12:00:00,Night,2,0.5um,22.66,counts/m3,90,120,0,0,hvac_drift
4224,6,2026-06-05 18:00:00,Night,7,0.5um,20.1,counts/m3,90,120,0,0,hvac_drift
4225,6,2026-06-06 00:00:00,Day,1,0.5um,14.19,counts/m3,90,120,0,0,hvac_drift
4226,6,2026-06-06 06:00:00,Evening,5,0.5um,14.36,counts/m3,90,120,0,0,hvac_drift
4227,6,2026-06-06 12:00:00,Night,5,0.5um,19.56,counts/m3,90,120,0,0,hvac_drift
4228,6,2026-06-06 18:00:00,Night,1,0.5um,11.81,counts/m3,90,120,0,0,hvac_drift
4229,6,2026-06-07 00:00:00,Day,6,0.5um,17.06,counts/m3,90,120,0,0,hvac_drift
4230,6,2026-06-07 06:00:00,Evening,3,0.5um,18.31,counts/m3,90,120,0,0,hvac_drift
4231,6,2026-06-07 12:00:00,Night,7,0.5um,21.65,counts/m3,90,120,0,0,hvac_drift
4232,6,2026-06-07 18:00:00,Night,8,0.5um,18.09,counts/m3,90,120,0,0,hvac_drift
4233,6,2026-06-08 00:00:00,Day,5,0.5um,20.5,counts/m3,90,120,0,0,hvac_drift
4234,6,2026-06-08 06:00:00,Evening,6,0.5um,18.81,counts/m3,90,120,0,0,hvac_drift
4235,6,2026-06-08 12:00:00,Night,1,0.5um,18.16,counts/m3,90,120,0,0,hvac_drift
4236,6,2026-06-08 18:00:00,Night,8,0.5um,23.55,counts/m3,90,120,0,0,hvac_drift
4237,6,2026-06-09 00:00:00,Day,6,0.5um,16.9,counts/m3,90,120,0,0,hvac_drift
4238,6,2026-06-09 06:00:00,Evening,4,0.5um,20.27,counts/m3,90,120,0,0,hvac_drift
4239,6,2026-06-09 12:00:00,Night,1,0.5um,20.73,counts/m3,90,120,0,0,hvac_drift
4240,6,2026-06-09 18:00:00,Night,5,0.5um,23.27,counts/m3,90,120,0,0,hvac_drift
4241,6,2026-06-10 00:00:00,Day,8,0.5um,24.78,counts/m3,90,120,0,0,hvac_drift
4242,6,2026-06-10 06:00:00,Evening,7,0.5um,21.18,counts/m3,90,120,0,0,hvac_drift
4243,6,2026-06-10 12:00:00,Night,1,0.5um,25.58,counts/m3,90,120,0,0,hvac_drift
4244,6,2026-06-10 18:00:00,Night,7,0.5um,19.02,counts/m3,90,120,0,0,hvac_drift
4245,6,2026-06-11 00:00:00,Day,1,0.5um,24.44,counts/m3,90,120,0,0,hvac_drift
4246,6,2026-06-11 06:00:00,Evening,4,0.5um,24.85,counts/m3,90,120,0,0,hvac_drift
4247,6,2026-06-11 12:00:00,Night,4,0.5um,20.34,counts/m3,90,120,0,0,hvac_drift
4248,6,2026-06-11 18:00:00,Night,1,0.5um,23.92,counts/m3,90,120,0,0,hvac_drift
4249,6,2026-06-12 00:00:00,Day,2,0.5um,21.45,counts/m3,90,120,0,0,hvac_drift
4250,6,2026-06-12 06:00:00,Evening,8,0.5um,24.88,counts/m3,90,120,0,0,hvac_drift
4251,6,2026-06-12 12:00:00,Night,6,0.5um,23.3,counts/m3,90,120,0,0,hvac_drift
4252,6,2026-06-12 18:00:00,Night,7,0.5um,32.76,counts/m3,90,120,0,0,hvac_drift
4253,6,2026-06-13 00:00:00,Day,5,0.5um,25.19,counts/m3,90,120,0,0,hvac_drift
4254,6,2026-06-13 06:00:00,Evening,4,0.5um,24.64,counts/m3,90,120,0,0,hvac_drift
4255,6,2026-06-13 12:00:00,Night,1,0.5um,28.15,counts/m3,90,120,0,0,hvac_drift
4256,6,2026-06-13 18:00:00,Night,5,0.5um,23.74,counts/m3,90,120,0,0,hvac_drift
4257,6,2026-06-14 00:00:00,Day,7,0.5um,22.28,counts/m3,90,120,0,0,hvac_drift
4258,6,2026-06-14 06:00:00,Evening,2,0.5um,31.72,counts/m3,90,120,0,0,hvac_drift
4259,6,2026-06-14 12:00:00,Night,4,0.5um,25.06,counts/m3,90,120,0,0,hvac_drift
4260,6,2026-06-14 18:00:00,Night,4,0.5um,37.53,counts/m3,90,120,0,0,hvac_drift
4261,6,2026-06-15 00:00:00,Day,7,0.5um,30.0,counts/m3,90,120,0,0,hvac_drift
4262,6,2026-06-15 06:00:00,Evening,2,0.5um,29.4,counts/m3,90,120,0,0,hvac_drift
4263,6,2026-06-15 12:00:00,Night,1,0.5um,32.88,counts/m3,90,120,0,0,hvac_drift
4264,6,2026-06-15 18:00:00,Night,2,0.5um,29.1,counts/m3,90,120,0,0,hvac_drift
4265,6,2026-06-16 00:00:00,Day,2,0.5um,28.64,counts/m3,90,120,0,0,hvac_drift
4266,6,2026-06-16 06:00:00,Evening,7,0.5um,29.09,counts/m3,90,120,0,0,hvac_drift
4267,6,2026-06-16 12:00:00,Night,3,0.5um,32.51,counts/m3,90,120,0,0,hvac_drift
4268,6,2026-06-16 18:00:00,Night,3,0.5um,29.97,counts/m3,90,120,0,0,hvac_drift
4269,6,2026-06-17 00:00:00,Day,3,0.5um,33.42,counts/m3,90,120,0,0,hvac_drift
4270,6,2026-06-17 06:00:00,Evening,7,0.5um,34.84,counts/m3,90,120,0,0,hvac_drift
4271,6,2026-06-17 12:00:00,Night,6,0.5um,35.3,counts/m3,90,120,0,0,hvac_drift
4272,6,2026-06-17 18:00:00,Night,4,0.5um,21.46,counts/m3,90,120,0,0,hvac_drift
4273,6,2026-06-18 00:00:00,Day,7,0.5um,20.78,counts/m3,90,120,0,0,hvac_drift
4274,6,2026-06-18 06:00:00,Evening,1,0.5um,23.01,counts/m3,90,120,0,0,hvac_drift
4275,6,2026-06-18 12:00:00,Night,6,0.5um,19.2,counts/m3,90,120,0,0,hvac_drift
4276,6,2026-06-18 18:00:00,Night,3,0.5um,26.43,counts/m3,90,120,0,0,hvac_drift
4277,6,2026-06-19 00:00:00,Day,4,0.5um,23.67,counts/m3,90,120,0,0,hvac_drift
4278,6,2026-06-19 06:00:00,Evening,2,0.5um,20.87,counts/m3,90,120,0,0,hvac_drift
4279,6,2026-06-19 12:00:00,Night,1,0.5um,5.89,counts/m3,90,120,0,0,none
4280,6,2026-06-19 18:00:00,Night,6,0.5um,11.0,counts/m3,90,120,0,0,none
4281,6,2026-06-20 00:00:00,Day,7,0.5um,10.11,counts/m3,90,120,0,0,none
4282,6,2026-06-20 06:00:00,Evening,8,0.5um,11.14,counts/m3,90,120,0,0,none
4283,6,2026-06-20 12:00:00,Night,2,0.5um,10.14,counts/m3,90,120,0,0,none
4284,6,2026-06-20 18:00:00,Night,7,0.5um,9.08,counts/m3,90,120,0,0,none
4285,6,2026-06-21 00:00:00,Day,1,0.5um,9.12,counts/m3,90,120,0,0,none
4286,6,2026-06-21 06:00:00,Evening,7,0.5um,10.16,counts/m3,90,120,0,0,none
4287,6,2026-06-21 12:00:00,Night,5,0.5um,20.21,counts/m3,90,120,0,0,none
4288,6,2026-06-21 18:00:00,Night,7,0.5um,11.25,counts/m3,90,120,0,0,none
4289,6,2026-06-22 00:00:00,Day,1,0.5um,10.29,counts/m3,90,120,0,0,none
4290,6,2026-06-22 06:00:00,Evening,7,0.5um,8.33,counts/m3,90,120,0,0,none
4291,6,2026-06-22 12:00:00,Night,4,0.5um,16.37,counts/m3,90,120,0,0,none
4292,6,2026-06-22 18:00:00,Night,5,0.5um,10.41,counts/m3,90,120,0,0,none
4293,6,2026-06-23 00:00:00,Day,5,0.5um,13.46,counts/m3,90,120,0,0,none
4294,6,2026-06-23 06:00:00,Evening,6,0.5um,10.14,counts/m3,90,120,0,0,none
4295,6,2026-06-23 12:00:00,Night,5,0.5um,9.14,counts/m3,90,120,0,0,none
4296,6,2026-06-23 18:00:00,Night,4,0.5um,9.14,counts/m3,90,120,0,0,none
4297,6,2026-06-24 00:00:00,Day,4,0.5um,11.15,counts/m3,90,120,0,0,none
4298,6,2026-06-24 06:00:00,Evening,1,0.5um,13.15,counts/m3,90,120,0,0,none
4299,6,2026-06-24 12:00:00,Night,6,0.5um,11.03,counts/m3,90,120,0,0,none
4300,6,2026-06-24 18:00:00,Night,6,0.5um,7.03,counts/m3,90,120,0,0,none
4301,6,2026-06-25 00:00:00,Day,5,0.5um,9.03,counts/m3,90,120,0,0,none
4302,6,2026-06-25 06:00:00,Evening,6,0.5um,8.0,counts/m3,90,120,0,0,none
4303,6,2026-06-25 12:00:00,Night,3,0.5um,14.0,counts/m3,90,120,0,0,none
4304,6,2026-06-25 18:00:00,Night,2,0.5um,12.0,counts/m3,90,120,0,0,none
4305,6,2026-06-26 00:00:00,Day,8,0.5um,9.0,counts/m3,90,120,0,0,none
4306,6,2026-06-26 06:00:00,Evening,8,0.5um,10.0,counts/m3,90,120,0,0,none
4307,6,2026-06-26 12:00:00,Night,7,0.5um,8.0,counts/m3,90,120,0,0,none
4308,6,2026-06-26 18:00:00,Night,1,0.5um,7.0,counts/m3,90,120,0,0,none
4309,6,2026-06-27 00:00:00,Day,5,0.5um,10.0,counts/m3,90,120,0,0,none
4310,6,2026-06-27 06:00:00,Evening,6,0.5um,7.0,counts/m3,90,120,0,0,none
4311,6,2026-06-27 12:00:00,Night,1,0.5um,10.0,counts/m3,90,120,0,0,none
4312,6,2026-06-27 18:00:00,Night,8,0.5um,10.0,counts/m3,90,120,0,0,none
4313,6,2026-06-28 00:00:00,Day,7,0.5um,14.0,counts/m3,90,120,0,0,none
4314,6,2026-06-28 06:00:00,Evening,3,0.5um,13.0,counts/m3,90,120,0,0,none
4315,6,2026-06-28 12:00:00,Night,5,0.5um,7.0,counts/m3,90,120,0,0,none
4316,6,2026-06-28 18:00:00,Night,8,0.5um,12.0,counts/m3,90,120,0,0,none
4317,6,2026-06-29 00:00:00,Day,7,0.5um,14.0,counts/m3,90,120,0,0,none
4318,6,2026-06-29 06:00:00,Evening,7,0.5um,15.0,counts/m3,90,120,0,0,none
4319,6,2026-06-29 12:00:00,Night,8,0.5um,4.0,counts/m3,90,120,0,0,none
4320,6,2026-06-29 18:00:00,Night,6,0.5um,8.0,counts/m3,90,120,0,0,none
4321,7,2026-01-01 00:00:00,Day,3,,1.0,CFU/plate,1,3,1,0,none
4322,7,2026-01-08 00:00:00,Day,4,,0.0,CFU/plate,1,3,0,0,none
4323,7,2026-01-15 00:00:00,Day,6,,0.0,CFU/plate,1,3,0,0,none
4324,7,2026-01-22 00:00:00,Day,3,,0.0,CFU/plate,1,3,0,0,none
4325,7,2026-01-29 00:00:00,Day,5,,0.0,CFU/plate,1,3,0,0,none
4326,7,2026-02-05 00:00:00,Day,7,,2.0,CFU/plate,1,3,1,0,none
4327,7,2026-02-12 00:00:00,Day,8,,0.0,CFU/plate,1,3,0,0,none
4328,7,2026-02-19 00:00:00,Day,5,,0.0,CFU/plate,1,3,0,0,none
4329,7,2026-02-26 00:00:00,Day,3,,0.0,CFU/plate,1,3,0,0,none
4330,7,2026-03-05 00:00:00,Day,3,,1.0,CFU/plate,1,3,1,0,none
4331,7,2026-03-12 00:00:00,Day,7,,0.0,CFU/plate,1,3,0,0,none
4332,7,2026-03-19 00:00:00,Day,8,,0.0,CFU/plate,1,3,0,0,none
4333,7,2026-03-26 00:00:00,Day,5,,0.0,CFU/plate,1,3,0,0,none
4334,7,2026-04-02 00:00:00,Day,3,,1.0,CFU/plate,1,3,1,0,none
4335,7,2026-04-09 00:00:00,Day,1,,0.0,CFU/plate,1,3,0,0,none
4336,7,2026-04-16 00:00:00,Day,8,,0.0,CFU/plate,1,3,0,0,none
4337,7,2026-04-23 00:00:00,Day,6,,0.0,CFU/plate,1,3,0,0,none
4338,7,2026-04-30 00:00:00,Day,2,,0.0,CFU/plate,1,3,0,0,none
4339,7,2026-05-07 00:00:00,Day,3,,0.0,CFU/plate,1,3,0,0,none
4340,7,2026-05-14 00:00:00,Day,3,,0.0,CFU/plate,1,3,0,0,none
4341,7,2026-05-21 00:00:00,Day,7,,0.0,CFU/plate,1,3,0,0,none
4342,7,2026-05-28 00:00:00,Day,5,,0.0,CFU/plate,1,3,0,0,none
4343,7,2026-06-04 00:00:00,Day,2,,1.0,CFU/plate,1,3,1,0,none
4344,7,2026-06-11 00:00:00,Day,2,,2.0,CFU/plate,1,3,1,0,none
4345,7,2026-06-18 00:00:00,Day,5,,1.0,CFU/plate,1,3,1,0,none
4346,8,2026-01-01 00:00:00,Day,4,,4.0,CFU/plate,10,25,0,0,none
4347,8,2026-01-08 00:00:00,Day,6,,4.0,CFU/plate,10,25,0,0,none
4348,8,2026-01-15 00:00:00,Day,3,,3.0,CFU/plate,10,25,0,0,none
4349,8,2026-01-22 00:00:00,Day,4,,1.0,CFU/plate,10,25,0,0,none
4350,8,2026-01-29 00:00:00,Day,1,,3.0,CFU/plate,10,25,0,0,none
4351,8,2026-02-05 00:00:00,Day,1,,5.0,CFU/plate,10,25,0,0,none
4352,8,2026-02-12 00:00:00,Day,5,,2.0,CFU/plate,10,25,0,0,none
4353,8,2026-02-19 00:00:00,Day,6,,1.0,CFU/plate,10,25,0,0,none
4354,8,2026-02-26 00:00:00,Day,6,,7.0,CFU/plate,10,25,0,0,none
4355,8,2026-03-05 00:00:00,Day,4,,5.0,CFU/plate,10,25,0,0,none
4356,8,2026-03-12 00:00:00,Day,4,,2.0,CFU/plate,10,25,0,0,none
4357,8,2026-03-19 00:00:00,Day,7,,2.0,CFU/plate,10,25,0,0,none
4358,8,2026-03-26 00:00:00,Day,4,,2.0,CFU/plate,10,25,0,0,none
4359,8,2026-04-02 00:00:00,Day,3,,2.0,CFU/plate,10,25,0,0,none
4360,8,2026-04-09 00:00:00,Day,2,,1.0,CFU/plate,10,25,0,0,none
4361,8,2026-04-16 00:00:00,Day,1,,0.0,CFU/plate,10,25,0,0,none
4362,8,2026-04-23 00:00:00,Day,4,,4.0,CFU/plate,10,25,0,0,none
4363,8,2026-04-30 00:00:00,Day,8,,6.0,CFU/plate,10,25,0,0,none
4364,8,2026-05-07 00:00:00,Day,8,,3.0,CFU/plate,10,25,0,0,none
4365,8,2026-05-14 00:00:00,Day,4,,2.0,CFU/plate,10,25,0,0,none
4366,8,2026-05-21 00:00:00,Day,7,,2.0,CFU/plate,10,25,0,0,none
4367,8,2026-05-28 00:00:00,Day,7,,4.0,CFU/plate,10,25,0,0,none
4368,8,2026-06-04 00:00:00,Day,3,,4.0,CFU/plate,10,25,0,0,none
4369,8,2026-06-11 00:00:00,Day,6,,4.0,CFU/plate,10,25,0,0,none
4370,8,2026-06-18 00:00:00,Day,5,,4.0,CFU/plate,10,25,0,0,none
